Compilación iniciada a las 23/01/2026 16:45:56.
El nivel de detalle de registro está establecido en Detailed.     0>Proceso: "C:\Program Files\dotnet\dotnet.exe"
       Ruta de acceso al ejecutable de MSBuild: "C:\Program Files\dotnet\sdk\9.0.305\MSBuild.dll"
       Argumentos de la línea de comandos: "C:\Program Files\dotnet\sdk\9.0.305\MSBuild.dll -maxcpucount -verbosity:m -tlp:default=auto -nologo -restore -consoleloggerparameters:Summary /fl -distributedlogger:Microsoft.DotNet.Tools.MSBuild.MSBuildLogger,C:\Program Files\dotnet\sdk\9.0.305\dotnet.dll*Microsoft.DotNet.Tools.MSBuild.MSBuildForwardingLogger,C:\Program Files\dotnet\sdk\9.0.305\dotnet.dll"
       Directorio actual: "D:\GitHub\Grado\DAM\2DAM\C Sharp\Creacion Componente\RA3_RelojDigital"
       Versión de MSBuild: "17.14.21+8929ca9e3"
       De acuerdo con la clave del Registro de Windows LongPathsEnabled, la característica LongPaths está deshabilitada.
       Según la clave del Registro de Windows VerifiedAndReputablePolicyState, estado SAC = 0: desactivado.
       D:\GitHub\Grado\DAM\2DAM\C Sharp\Creacion Componente\RA3_RelojDigital\RA3_RelojDigital.sln.metaproj : message : Propiedad "MSBuildExtensionsPath" con el valor "C:\Program Files\dotnet\sdk\9.0.305\" expandido desde el entorno.
       Ensamblado cargado durante Evaluation: System.Threading.Tasks.Parallel, Version=9.0.0.0, Culture=neutral, PublicKeyToken=b03f5f7f11d50a3a(ubicación: C:\Program Files\dotnet\shared\Microsoft.NETCore.App\9.0.9\System.Threading.Tasks.Parallel.dll, MVID: 79c78d08-12eb-471a-8ca8-a1f78148e163, AssemblyLoadContext: Default)
       C:\Program Files\dotnet\sdk\9.0.305\NuGet.targets(112,5): message : Reasignación de propiedad: $(_GenerateRestoreGraphProjectEntryInputProperties)="
       C:\Program Files\dotnet\sdk\9.0.305\NuGet.targets(112,5): message :       ExcludeRestorePackageImports=true;
       C:\Program Files\dotnet\sdk\9.0.305\NuGet.targets(112,5): message :       _RestoreSolutionFileUsed=true;
       C:\Program Files\dotnet\sdk\9.0.305\NuGet.targets(112,5): message :       SolutionDir=D:\GitHub\Grado\DAM\2DAM\C Sharp\Creacion Componente\RA3_RelojDigital\;
       C:\Program Files\dotnet\sdk\9.0.305\NuGet.targets(112,5): message :       SolutionName=RA3_RelojDigital;
       C:\Program Files\dotnet\sdk\9.0.305\NuGet.targets(112,5): message :       SolutionFileName=RA3_RelojDigital.sln;
       C:\Program Files\dotnet\sdk\9.0.305\NuGet.targets(112,5): message :       SolutionPath=D:\GitHub\Grado\DAM\2DAM\C Sharp\Creacion Componente\RA3_RelojDigital\RA3_RelojDigital.sln;
       C:\Program Files\dotnet\sdk\9.0.305\NuGet.targets(112,5): message :       SolutionExt=.sln;
       C:\Program Files\dotnet\sdk\9.0.305\NuGet.targets(112,5): message :     " (valor anterior: "ExcludeRestorePackageImports=true") en C:\Program Files\dotnet\sdk\9.0.305\NuGet.targets (112,5)
       Ensamblado cargado durante Evaluation: System.Numerics.Vectors, Version=9.0.0.0, Culture=neutral, PublicKeyToken=b03f5f7f11d50a3a(ubicación: C:\Program Files\dotnet\shared\Microsoft.NETCore.App\9.0.9\System.Numerics.Vectors.dll, MVID: 7b94f7f5-9631-4b1e-8864-5debf1c50aaa, AssemblyLoadContext: Default)
       Invalidando el destino "Restore" del proyecto"D:\GitHub\Grado\DAM\2DAM\C Sharp\Creacion Componente\RA3_RelojDigital\RA3_RelojDigital.sln.metaproj" con el destino "Restore" del proyecto "C:\Program Files\dotnet\sdk\9.0.305\NuGet.targets".
       El destino "Store" que aparece en un atributo BeforeTargets en "C:\Program Files\dotnet\sdk\9.0.305\Current\SolutionFile\ImportAfter\Microsoft.NET.Sdk.Solution.targets (33,11)" no existe en el proyecto y se omitirá.
       El destino "VSTest" que aparece en un atributo BeforeTargets en "C:\Program Files\dotnet\sdk\9.0.305\Current\SolutionFile\ImportAfter\Microsoft.NET.Sdk.Solution.targets (33,11)" no existe en el proyecto y se omitirá.
       El destino "_CheckForInvalidConfigurationAndPlatform" que aparece en un atributo BeforeTargets en "C:\Program Files\dotnet\sdk\9.0.305\NuGet.targets (711,11)" no existe en el proyecto y se omitirá.
     1>Proyecto "D:\GitHub\Grado\DAM\2DAM\C Sharp\Creacion Componente\RA3_RelojDigital\RA3_RelojDigital.sln" en el nodo 1 (Restore destinos).
     1>Destino "ValidateSolutionConfiguration" en el archivo "D:\GitHub\Grado\DAM\2DAM\C Sharp\Creacion Componente\RA3_RelojDigital\RA3_RelojDigital.sln.metaproj" del proyecto "D:\GitHub\Grado\DAM\2DAM\C Sharp\Creacion Componente\RA3_RelojDigital\RA3_RelojDigital.sln" (punto de entrada):
     1>Se omitió la tarea "Error" debido a una condición falsa (False); (('$(CurrentSolutionConfigurationContents)' == '') and ('$(SkipInvalidConfigurations)' != 'true')) se evaluó como (('<SolutionConfiguration>
  <ProjectConfiguration Project="{F83AA431-FEBC-45F9-9453-1ECECD192E91}" AbsolutePath="D:\GitHub\Grado\DAM\2DAM\C Sharp\Creacion Componente\RA3_RelojDigital\MisComponentesLib\MisComponentesLib.csproj" BuildProjectInSolution="True">Debug|AnyCPU</ProjectConfiguration>
  <ProjectConfiguration Project="{739FDF75-DD1D-402E-B25E-4A0606327D00}" AbsolutePath="D:\GitHub\Grado\DAM\2DAM\C Sharp\Creacion Componente\RA3_RelojDigital\TestRelojDigital\TestRelojDigital.csproj" BuildProjectInSolution="True">Debug|AnyCPU</ProjectConfiguration>
</SolutionConfiguration>' == '') and ('' != 'true')).
       Se omitió la tarea "Warning" debido a una condición falsa (False); (('$(CurrentSolutionConfigurationContents)' == '') and ('$(SkipInvalidConfigurations)' == 'true')) se evaluó como (('<SolutionConfiguration>
         <ProjectConfiguration Project="{F83AA431-FEBC-45F9-9453-1ECECD192E91}" AbsolutePath="D:\GitHub\Grado\DAM\2DAM\C Sharp\Creacion Componente\RA3_RelojDigital\MisComponentesLib\MisComponentesLib.csproj" BuildProjectInSolution="True">Debug|AnyCPU</ProjectConfiguration>
         <ProjectConfiguration Project="{739FDF75-DD1D-402E-B25E-4A0606327D00}" AbsolutePath="D:\GitHub\Grado\DAM\2DAM\C Sharp\Creacion Componente\RA3_RelojDigital\TestRelojDigital\TestRelojDigital.csproj" BuildProjectInSolution="True">Debug|AnyCPU</ProjectConfiguration>
       </SolutionConfiguration>' == '') and ('' == 'true')).
       Usando la tarea "Message" del ensamblado "Microsoft.Build.Tasks.Core, Version=15.1.0.0, Culture=neutral, PublicKeyToken=b03f5f7f11d50a3a".
       Tarea "Message"
         Compilando la configuración de soluciones "Debug|Any CPU".
       Ejecución de la tarea "Message" terminada.
     1>Compilación terminada del destino "ValidateSolutionConfiguration" en el proyecto "RA3_RelojDigital.sln".
     1>Destino "ValidateToolsVersions" en el archivo "D:\GitHub\Grado\DAM\2DAM\C Sharp\Creacion Componente\RA3_RelojDigital\RA3_RelojDigital.sln.metaproj" del proyecto "D:\GitHub\Grado\DAM\2DAM\C Sharp\Creacion Componente\RA3_RelojDigital\RA3_RelojDigital.sln" (punto de entrada):
       Se omitió la tarea "Error" debido a una condición falsa (False); ('$(MSBuildToolsVersion)' == '2.0' and ('$(ProjectToolsVersion)' != '2.0' and '$(ProjectToolsVersion)' != '')) se evaluó como ('Current' == '2.0' and ('' != '2.0' and '' != '')).
     1>Compilación terminada del destino "ValidateToolsVersions" en el proyecto "RA3_RelojDigital.sln".
     1>Destino "ValidateProjects" en el archivo "D:\GitHub\Grado\DAM\2DAM\C Sharp\Creacion Componente\RA3_RelojDigital\RA3_RelojDigital.sln.metaproj" del proyecto "D:\GitHub\Grado\DAM\2DAM\C Sharp\Creacion Componente\RA3_RelojDigital\RA3_RelojDigital.sln" (punto de entrada):
     1>Compilación terminada del destino "ValidateProjects" en el proyecto "RA3_RelojDigital.sln".
     1>Destino "_LoadRestoreGraphEntryPoints" en el archivo "C:\Program Files\dotnet\sdk\9.0.305\NuGet.targets" del proyecto "D:\GitHub\Grado\DAM\2DAM\C Sharp\Creacion Componente\RA3_RelojDigital\RA3_RelojDigital.sln" (el destino "_FilterRestoreGraphProjectInputItems" depende de él):
       Ensamblado cargado durante TaskRun: NuGet.Build.Tasks, Version=6.14.0.116, Culture=neutral, PublicKeyToken=31bf3856ad364e35(ubicación: C:\Program Files\dotnet\sdk\9.0.305\NuGet.Build.Tasks.dll, MVID: c545d64d-0cbb-4fc0-971c-b5c1c1e75cf3, AssemblyLoadContext: MSBuild plugin C:\Program Files\dotnet\sdk\9.0.305\NuGet.Build.Tasks.dll)
       Ensamblado cargado durante TaskRun: NuGet.Common, Version=6.14.0.116, Culture=neutral, PublicKeyToken=31bf3856ad364e35(ubicación: C:\Program Files\dotnet\sdk\9.0.305\NuGet.Common.dll, MVID: 0fbb79ae-e358-4591-bc91-e34371a3d05b, AssemblyLoadContext: MSBuild plugin C:\Program Files\dotnet\sdk\9.0.305\NuGet.Build.Tasks.dll)
       Ensamblado cargado durante TaskRun: NuGet.Commands, Version=6.14.0.116, Culture=neutral, PublicKeyToken=31bf3856ad364e35(ubicación: C:\Program Files\dotnet\sdk\9.0.305\NuGet.Commands.dll, MVID: e743f127-1013-45a0-a669-058903e72acf, AssemblyLoadContext: MSBuild plugin C:\Program Files\dotnet\sdk\9.0.305\NuGet.Build.Tasks.dll)
       Ensamblado cargado durante TaskRun: NuGet.ProjectModel, Version=6.14.0.116, Culture=neutral, PublicKeyToken=31bf3856ad364e35(ubicación: C:\Program Files\dotnet\sdk\9.0.305\NuGet.ProjectModel.dll, MVID: 08d0df58-191b-4580-9b46-c281ab5b9b36, AssemblyLoadContext: MSBuild plugin C:\Program Files\dotnet\sdk\9.0.305\NuGet.Build.Tasks.dll)
       Usando la tarea "GetRestoreSolutionProjectsTask" del ensamblado "C:\Program Files\dotnet\sdk\9.0.305\NuGet.Build.Tasks.dll".
       Tarea "GetRestoreSolutionProjectsTask"
       Ejecución de la tarea "GetRestoreSolutionProjectsTask" terminada.
     1>Compilación terminada del destino "_LoadRestoreGraphEntryPoints" en el proyecto "RA3_RelojDigital.sln".
     1>Destino "_FilterRestoreGraphProjectInputItems" en el archivo "C:\Program Files\dotnet\sdk\9.0.305\NuGet.targets" del proyecto "D:\GitHub\Grado\DAM\2DAM\C Sharp\Creacion Componente\RA3_RelojDigital\RA3_RelojDigital.sln" (el destino "_GenerateRestoreGraph" depende de él):
       Usando la tarea "RemoveDuplicates" del ensamblado "Microsoft.Build.Tasks.Core, Version=15.1.0.0, Culture=neutral, PublicKeyToken=b03f5f7f11d50a3a".
       Tarea "RemoveDuplicates"
       Ejecución de la tarea "RemoveDuplicates" terminada.
       Usando la tarea "MSBuild" del ensamblado "Microsoft.Build.Tasks.Core, Version=15.1.0.0, Culture=neutral, PublicKeyToken=b03f5f7f11d50a3a".
       Tarea "MSBuild"
         Propiedades globales:
           ExcludeRestorePackageImports=true
           _RestoreSolutionFileUsed=true
           SolutionDir=D:\GitHub\Grado\DAM\2DAM\C Sharp\Creacion Componente\RA3_RelojDigital\
           SolutionName=RA3_RelojDigital
           SolutionFileName=RA3_RelojDigital.sln
           SolutionPath=D:\GitHub\Grado\DAM\2DAM\C Sharp\Creacion Componente\RA3_RelojDigital\RA3_RelojDigital.sln
           SolutionExt=.sln
         Propiedades adicionales del proyecto "D:\GitHub\Grado\DAM\2DAM\C Sharp\Creacion Componente\RA3_RelojDigital\MisComponentesLib\MisComponentesLib.csproj":
           Configuration=Debug
           Platform=AnyCPU
         Propiedades adicionales del proyecto "D:\GitHub\Grado\DAM\2DAM\C Sharp\Creacion Componente\RA3_RelojDigital\TestRelojDigital\TestRelojDigital.csproj":
           Configuration=Debug
           Platform=AnyCPU
     0>El SDK "Microsoft.NET.Sdk" se resolvió correctamente mediante el resolvedor "DefaultSdkResolver" a la ubicación "C:\Program Files\dotnet\sdk\9.0.305\Sdks\Microsoft.NET.Sdk\Sdk" y la versión "".
       C:\Program Files\dotnet\sdk\9.0.305\Sdks\Microsoft.NET.Sdk\Sdk\Sdk.props(49,11): message : Propiedad "MSBuildExtensionsPath" con el valor "C:\Program Files\dotnet\sdk\9.0.305\" expandido desde el entorno.
       C:\Program Files\dotnet\sdk\9.0.305\Current\Microsoft.Common.props(60,5): message : Reasignación de propiedad: $(MSBuildProjectExtensionsPath)="D:\GitHub\Grado\DAM\2DAM\C Sharp\Creacion Componente\RA3_RelojDigital\MisComponentesLib\obj\" (valor anterior: "obj\") en C:\Program Files\dotnet\sdk\9.0.305\Current\Microsoft.Common.props (60,5)
       C:\Program Files\dotnet\sdk\9.0.305\Current\Microsoft.Common.props(84,119): message : Propiedad "MSBuildUserExtensionsPath" con el valor "C:\Users\danielgarbru\AppData\Local\Microsoft\MSBuild" expandido desde el entorno.
       La propiedad "Configuration" es global y no se puede modificar.
       La propiedad "Platform" es global y no se puede modificar.
       La propiedad "Configuration" es global y no se puede modificar.
       La propiedad "Platform" es global y no se puede modificar.
       C:\Program Files\dotnet\sdk\9.0.305\Sdks\Microsoft.NET.Sdk\targets\Microsoft.NET.Sdk.props(90,5): message : Reasignación de propiedad: $(AssemblySearchPaths)="{CandidateAssemblyFiles};{HintPathFromItem}" (valor anterior: "{CandidateAssemblyFiles}") en C:\Program Files\dotnet\sdk\9.0.305\Sdks\Microsoft.NET.Sdk\targets\Microsoft.NET.Sdk.props (90,5)
       C:\Program Files\dotnet\sdk\9.0.305\Sdks\Microsoft.NET.Sdk\targets\Microsoft.NET.Sdk.props(91,5): message : Reasignación de propiedad: $(AssemblySearchPaths)="{CandidateAssemblyFiles};{HintPathFromItem};{TargetFrameworkDirectory}" (valor anterior: "{CandidateAssemblyFiles};{HintPathFromItem}") en C:\Program Files\dotnet\sdk\9.0.305\Sdks\Microsoft.NET.Sdk\targets\Microsoft.NET.Sdk.props (91,5)
       C:\Program Files\dotnet\sdk\9.0.305\Sdks\Microsoft.NET.Sdk\targets\Microsoft.NET.Sdk.props(92,5): message : Reasignación de propiedad: $(AssemblySearchPaths)="{CandidateAssemblyFiles};{HintPathFromItem};{TargetFrameworkDirectory};{RawFileName}" (valor anterior: "{CandidateAssemblyFiles};{HintPathFromItem};{TargetFrameworkDirectory}") en C:\Program Files\dotnet\sdk\9.0.305\Sdks\Microsoft.NET.Sdk\targets\Microsoft.NET.Sdk.props (92,5)
       El solucionador "DefaultSdkResolver" intentó resolver el SDK "Microsoft.NET.SDK.WorkloadAutoImportPropsLocator".
       Advertencias: null
       Errores: MSB4276: La resolución predeterminada del SDK no pudo resolver el SDK "Microsoft.NET.SDK.WorkloadAutoImportPropsLocator" porque el directorio "C:\Program Files\dotnet\sdk\9.0.305\Sdks\Microsoft.NET.SDK.WorkloadAutoImportPropsLocator\Sdk" no existía.
       Ensamblado cargado durante Evaluation: Microsoft.Build.NuGetSdkResolver, Version=6.14.0.116, Culture=neutral, PublicKeyToken=31bf3856ad364e35(ubicación: C:\Program Files\dotnet\sdk\9.0.305\Microsoft.Build.NuGetSdkResolver.dll, MVID: ee5cca45-a90e-417e-aaf7-f0e96f222226, AssemblyLoadContext: MSBuild plugin C:\Program Files\dotnet\sdk\9.0.305\Microsoft.Build.NuGetSdkResolver.dll)
       Ensamblado cargado durante Evaluation: System.IO.Pipes, Version=9.0.0.0, Culture=neutral, PublicKeyToken=b03f5f7f11d50a3a(ubicación: C:\Program Files\dotnet\shared\Microsoft.NETCore.App\9.0.9\System.IO.Pipes.dll, MVID: 8712ec6e-81b6-4d46-b65c-ba990b76e9a4, AssemblyLoadContext: Default)
       Ensamblado cargado durante Evaluation: NuGet.Common, Version=6.14.0.116, Culture=neutral, PublicKeyToken=31bf3856ad364e35(ubicación: C:\Program Files\dotnet\sdk\9.0.305\NuGet.Common.dll, MVID: 0fbb79ae-e358-4591-bc91-e34371a3d05b, AssemblyLoadContext: MSBuild plugin C:\Program Files\dotnet\sdk\9.0.305\Microsoft.Build.NuGetSdkResolver.dll)
       Ensamblado cargado durante Evaluation: System.Threading.Overlapped, Version=9.0.0.0, Culture=neutral, PublicKeyToken=b03f5f7f11d50a3a(ubicación: C:\Program Files\dotnet\shared\Microsoft.NETCore.App\9.0.9\System.Threading.Overlapped.dll, MVID: 214a19b8-ec60-47fb-bafd-080f54265ed5, AssemblyLoadContext: Default)
       Ensamblado cargado durante Evaluation: Microsoft.NET.Sdk.WorkloadMSBuildSdkResolver, Version=9.0.305.0, Culture=neutral, PublicKeyToken=31bf3856ad364e35(ubicación: C:\Program Files\dotnet\sdk\9.0.305\Microsoft.NET.Sdk.WorkloadMSBuildSdkResolver.dll, MVID: 211d196f-ee7d-4cf7-9546-b65fb15c6455, AssemblyLoadContext: MSBuild plugin C:\Program Files\dotnet\sdk\9.0.305\Microsoft.NET.Sdk.WorkloadMSBuildSdkResolver.dll)
       Ensamblado cargado durante Evaluation: System.Security.AccessControl, Version=9.0.0.0, Culture=neutral, PublicKeyToken=b03f5f7f11d50a3a(ubicación: C:\Program Files\dotnet\shared\Microsoft.NETCore.App\9.0.9\System.Security.AccessControl.dll, MVID: d06f7d91-72c5-489c-aefe-6387ae3e7957, AssemblyLoadContext: Default)
       Ensamblado cargado durante Evaluation: Microsoft.DotNet.Cli.Utils, Version=9.0.305.0, Culture=neutral, PublicKeyToken=adb9793829ddae60(ubicación: C:\Program Files\dotnet\sdk\9.0.305\Microsoft.DotNet.Cli.Utils.dll, MVID: f323b3c5-98cf-487d-b907-008f8c73c11f, AssemblyLoadContext: MSBuild plugin C:\Program Files\dotnet\sdk\9.0.305\Microsoft.NET.Sdk.WorkloadMSBuildSdkResolver.dll)
       Ensamblado cargado durante Evaluation: Microsoft.NET.Sdk.WorkloadManifestReader, Version=9.0.305.0, Culture=neutral, PublicKeyToken=adb9793829ddae60(ubicación: C:\Program Files\dotnet\sdk\9.0.305\Microsoft.NET.Sdk.WorkloadManifestReader.dll, MVID: 4e28badb-d613-40ef-9773-b1653eb20e3e, AssemblyLoadContext: MSBuild plugin C:\Program Files\dotnet\sdk\9.0.305\Microsoft.NET.Sdk.WorkloadMSBuildSdkResolver.dll)
       Ensamblado cargado durante Evaluation: Microsoft.Deployment.DotNet.Releases, Version=2.0.0.0, Culture=neutral, PublicKeyToken=31bf3856ad364e35(ubicación: C:\Program Files\dotnet\sdk\9.0.305\Microsoft.Deployment.DotNet.Releases.dll, MVID: 400d16c0-099c-46d2-bc0e-802a0637399b, AssemblyLoadContext: MSBuild plugin C:\Program Files\dotnet\sdk\9.0.305\Microsoft.NET.Sdk.WorkloadMSBuildSdkResolver.dll)
       Reutilizando nodo 2 (PID: 5212).
       C:\Program Files\dotnet\sdk\9.0.305\Sdks\Microsoft.NET.Sdk\Sdk\Sdk.props(49,11): message : Propiedad "MSBuildExtensionsPath" con el valor "C:\Program Files\dotnet\sdk\9.0.305\" expandido desde el entorno.
       C:\Program Files\dotnet\sdk\9.0.305\Current\Microsoft.Common.props(60,5): message : Reasignación de propiedad: $(MSBuildProjectExtensionsPath)="D:\GitHub\Grado\DAM\2DAM\C Sharp\Creacion Componente\RA3_RelojDigital\TestRelojDigital\obj\" (valor anterior: "obj\") en C:\Program Files\dotnet\sdk\9.0.305\Current\Microsoft.Common.props (60,5)
       C:\Program Files\dotnet\sdk\9.0.305\Current\Microsoft.Common.props(84,119): message : Propiedad "MSBuildUserExtensionsPath" con el valor "C:\Users\danielgarbru\AppData\Local\Microsoft\MSBuild" expandido desde el entorno.
       La propiedad "Configuration" es global y no se puede modificar.
       La propiedad "Platform" es global y no se puede modificar.
       La propiedad "Configuration" es global y no se puede modificar.
       La propiedad "Platform" es global y no se puede modificar.
       C:\Program Files\dotnet\sdk\9.0.305\Sdks\Microsoft.NET.Sdk\targets\Microsoft.NET.Sdk.props(90,5): message : Reasignación de propiedad: $(AssemblySearchPaths)="{CandidateAssemblyFiles};{HintPathFromItem}" (valor anterior: "{CandidateAssemblyFiles}") en C:\Program Files\dotnet\sdk\9.0.305\Sdks\Microsoft.NET.Sdk\targets\Microsoft.NET.Sdk.props (90,5)
       C:\Program Files\dotnet\sdk\9.0.305\Sdks\Microsoft.NET.Sdk\targets\Microsoft.NET.Sdk.props(91,5): message : Reasignación de propiedad: $(AssemblySearchPaths)="{CandidateAssemblyFiles};{HintPathFromItem};{TargetFrameworkDirectory}" (valor anterior: "{CandidateAssemblyFiles};{HintPathFromItem}") en C:\Program Files\dotnet\sdk\9.0.305\Sdks\Microsoft.NET.Sdk\targets\Microsoft.NET.Sdk.props (91,5)
       C:\Program Files\dotnet\sdk\9.0.305\Sdks\Microsoft.NET.Sdk\targets\Microsoft.NET.Sdk.props(92,5): message : Reasignación de propiedad: $(AssemblySearchPaths)="{CandidateAssemblyFiles};{HintPathFromItem};{TargetFrameworkDirectory};{RawFileName}" (valor anterior: "{CandidateAssemblyFiles};{HintPathFromItem};{TargetFrameworkDirectory}") en C:\Program Files\dotnet\sdk\9.0.305\Sdks\Microsoft.NET.Sdk\targets\Microsoft.NET.Sdk.props (92,5)
       Ensamblado cargado durante Evaluation: System.Net.Sockets, Version=9.0.0.0, Culture=neutral, PublicKeyToken=b03f5f7f11d50a3a(ubicación: C:\Program Files\dotnet\shared\Microsoft.NETCore.App\9.0.9\System.Net.Sockets.dll, MVID: 5f66a7e9-3eb5-4db8-ae1f-3eb5c865d96f, AssemblyLoadContext: Default)
       El SDK "Microsoft.NET.SDK.WorkloadAutoImportPropsLocator" se resolvió correctamente mediante el resolvedor "Microsoft.DotNet.MSBuildWorkloadSdkResolver" a la ubicación "null" y la versión "null".
       C:\Program Files\dotnet\sdk\9.0.305\Sdks\Microsoft.NET.Sdk\targets\Microsoft.NET.PackProjectTool.props(15,5): message : Reasignación de propiedad: $(TargetsForTfmSpecificContentInPackage)=";PackTool;_PackProjectToolValidation" (valor anterior: ";PackTool") en C:\Program Files\dotnet\sdk\9.0.305\Sdks\Microsoft.NET.Sdk\targets\Microsoft.NET.PackProjectTool.props (15,5)
       D:\GitHub\Grado\DAM\2DAM\C Sharp\Creacion Componente\RA3_RelojDigital\TestRelojDigital\TestRelojDigital.csproj(8,5): message : Reasignación de propiedad: $(OutputType)="WinExe" (valor anterior: "Library") en D:\GitHub\Grado\DAM\2DAM\C Sharp\Creacion Componente\RA3_RelojDigital\TestRelojDigital\TestRelojDigital.csproj (8,5)
       La propiedad "Configuration" es global y no se puede modificar.
       La propiedad "Platform" es global y no se puede modificar.
       C:\Program Files\dotnet\sdk\9.0.305\Sdks\Microsoft.NET.Sdk\targets\Microsoft.NET.Sdk.ImportPublishProfile.targets(28,5): message : Reasignación de propiedad: $(PublishProfileImported)="false" (valor anterior: "true") en C:\Program Files\dotnet\sdk\9.0.305\Sdks\Microsoft.NET.Sdk\targets\Microsoft.NET.Sdk.ImportPublishProfile.targets (28,5)
       C:\Program Files\dotnet\sdk\9.0.305\Sdks\Microsoft.NET.Sdk\targets\Microsoft.NET.TargetFrameworkInference.targets(69,5): message : Reasignación de propiedad: $(TargetPlatformVersion)="" (valor anterior: "0.0") en C:\Program Files\dotnet\sdk\9.0.305\Sdks\Microsoft.NET.Sdk\targets\Microsoft.NET.TargetFrameworkInference.targets (69,5)
       C:\Program Files\dotnet\sdk\9.0.305\Sdks\Microsoft.NET.Sdk\targets\Microsoft.NET.DefaultOutputPaths.targets(122,5): message : Reasignación de propiedad: $(DefaultItemExcludes)=";bin\Debug\/**;obj\Debug\/**" (valor anterior: ";bin\Debug\/**") en C:\Program Files\dotnet\sdk\9.0.305\Sdks\Microsoft.NET.Sdk\targets\Microsoft.NET.DefaultOutputPaths.targets (122,5)
       C:\Program Files\dotnet\sdk\9.0.305\Sdks\Microsoft.NET.Sdk\targets\Microsoft.NET.DefaultOutputPaths.targets(137,5): message : Reasignación de propiedad: $(OutputPath)="bin\Debug\net472\" (valor anterior: "bin\Debug\") en C:\Program Files\dotnet\sdk\9.0.305\Sdks\Microsoft.NET.Sdk\targets\Microsoft.NET.DefaultOutputPaths.targets (137,5)
       C:\Program Files\dotnet\sdk\9.0.305\Sdks\Microsoft.NET.Sdk\targets\Microsoft.NET.DefaultOutputPaths.targets(142,5): message : Reasignación de propiedad: $(IntermediateOutputPath)="obj\Debug\net472\" (valor anterior: "obj\Debug\") en C:\Program Files\dotnet\sdk\9.0.305\Sdks\Microsoft.NET.Sdk\targets\Microsoft.NET.DefaultOutputPaths.targets (142,5)
       El solucionador "DefaultSdkResolver" intentó resolver el SDK "Microsoft.NET.SDK.WorkloadManifestTargetsLocator".
       Advertencias: null
       Errores: MSB4276: La resolución predeterminada del SDK no pudo resolver el SDK "Microsoft.NET.SDK.WorkloadManifestTargetsLocator" porque el directorio "C:\Program Files\dotnet\sdk\9.0.305\Sdks\Microsoft.NET.SDK.WorkloadManifestTargetsLocator\Sdk" no existía.
       C:\Program Files\dotnet\sdk\9.0.305\Sdks\Microsoft.NET.Sdk\targets\Microsoft.NET.PackProjectTool.props(15,5): message : Reasignación de propiedad: $(TargetsForTfmSpecificContentInPackage)=";PackTool;_PackProjectToolValidation" (valor anterior: ";PackTool") en C:\Program Files\dotnet\sdk\9.0.305\Sdks\Microsoft.NET.Sdk\targets\Microsoft.NET.PackProjectTool.props (15,5)
       El SDK "Microsoft.NET.SDK.WorkloadManifestTargetsLocator" se resolvió correctamente mediante el resolvedor "Microsoft.DotNet.MSBuildWorkloadSdkResolver" a la ubicación "C:\Program Files\dotnet\sdk-manifests\9.0.100\microsoft.net.sdk.android\35.0.78" y la versión "null".
       C:\Program Files\dotnet\sdk\9.0.305\Sdks\Microsoft.NET.Sdk\targets\Microsoft.NET.RuntimeIdentifierInference.targets(63,5): message : Reasignación de propiedad: $(RuntimeIdentifier)="win-x86" (valor anterior: "win7-x86") en C:\Program Files\dotnet\sdk\9.0.305\Sdks\Microsoft.NET.Sdk\targets\Microsoft.NET.RuntimeIdentifierInference.targets (63,5)
       C:\Program Files\dotnet\sdk\9.0.305\Sdks\Microsoft.NET.Sdk\targets\Microsoft.NET.Sdk.BeforeCommon.targets(189,5): message : Reasignación de propiedad: $(_FrameworkIdentifierForImplicitDefine)="NET" (valor anterior: "NETFRAMEWORK") en C:\Program Files\dotnet\sdk\9.0.305\Sdks\Microsoft.NET.Sdk\targets\Microsoft.NET.Sdk.BeforeCommon.targets (189,5)
       C:\Program Files\dotnet\sdk\9.0.305\Sdks\Microsoft.NET.Sdk\targets\Microsoft.NET.Sdk.BeforeCommon.targets(192,5): message : Reasignación de propiedad: $(_FrameworkVersionForImplicitDefine)="4_7_2" (valor anterior: "4.7.2") en C:\Program Files\dotnet\sdk\9.0.305\Sdks\Microsoft.NET.Sdk\targets\Microsoft.NET.Sdk.BeforeCommon.targets (192,5)
       C:\Program Files\dotnet\sdk\9.0.305\Sdks\Microsoft.NET.Sdk\targets\Microsoft.NET.Sdk.BeforeCommon.targets(193,5): message : Reasignación de propiedad: $(_FrameworkVersionForImplicitDefine)="472" (valor anterior: "4_7_2") en C:\Program Files\dotnet\sdk\9.0.305\Sdks\Microsoft.NET.Sdk\targets\Microsoft.NET.Sdk.BeforeCommon.targets (193,5)
       C:\Program Files\dotnet\sdk\9.0.305\Roslyn\Microsoft.CSharp.Core.targets(200,5): message : Reasignación de propiedad: $(CommandLineArgsForDesignTimeEvaluation)="-langversion:7.3 -define:TRACE" (valor anterior: "-langversion:7.3") en C:\Program Files\dotnet\sdk\9.0.305\Roslyn\Microsoft.CSharp.Core.targets (200,5)
       C:\Program Files\dotnet\sdk\9.0.305\Microsoft.NETFramework.CurrentVersion.props(117,5): message : Reasignación de propiedad: $(AvailablePlatforms)="Any CPU,x86,x64,ARM64" (valor anterior: "Any CPU,x86,x64") en C:\Program Files\dotnet\sdk\9.0.305\Microsoft.NETFramework.CurrentVersion.props (117,5)
       La propiedad "Configuration" es global y no se puede modificar.
       La propiedad "Platform" es global y no se puede modificar.
       C:\Program Files\dotnet\sdk\9.0.305\Microsoft.Common.CurrentVersion.targets(89,5): message : Reasignación de propiedad: $(TargetPlatformIdentifier)="Windows" (valor anterior: "") en C:\Program Files\dotnet\sdk\9.0.305\Microsoft.Common.CurrentVersion.targets (89,5)
       C:\Program Files\dotnet\sdk\9.0.305\Microsoft.Common.CurrentVersion.targets(90,5): message : Reasignación de propiedad: $(TargetPlatformVersion)="7.0" (valor anterior: "") en C:\Program Files\dotnet\sdk\9.0.305\Microsoft.Common.CurrentVersion.targets (90,5)
       C:\Program Files\dotnet\sdk\9.0.305\Sdks\Microsoft.NET.Sdk\targets\Microsoft.NET.Sdk.ImportPublishProfile.targets(28,5): message : Reasignación de propiedad: $(PublishProfileImported)="false" (valor anterior: "true") en C:\Program Files\dotnet\sdk\9.0.305\Sdks\Microsoft.NET.Sdk\targets\Microsoft.NET.Sdk.ImportPublishProfile.targets (28,5)
       La propiedad "Platform" es global y no se puede modificar.
       La propiedad "Configuration" es global y no se puede modificar.
       C:\Program Files\dotnet\sdk\9.0.305\Microsoft.Common.CurrentVersion.targets(175,5): message : Reasignación de propiedad: $(_DebugSymbolsProduced)="true" (valor anterior: "false") en C:\Program Files\dotnet\sdk\9.0.305\Microsoft.Common.CurrentVersion.targets (175,5)
       C:\Program Files\dotnet\sdk\9.0.305\Microsoft.Common.CurrentVersion.targets(185,5): message : Reasignación de propiedad: $(_DocumentationFileProduced)="false" (valor anterior: "true") en C:\Program Files\dotnet\sdk\9.0.305\Microsoft.Common.CurrentVersion.targets (185,5)
       La propiedad "SolutionName" es global y no se puede modificar.
       La propiedad "SolutionFileName" es global y no se puede modificar.
       La propiedad "SolutionPath" es global y no se puede modificar.
       La propiedad "SolutionDir" es global y no se puede modificar.
       La propiedad "SolutionExt" es global y no se puede modificar.
       C:\Program Files\dotnet\sdk\9.0.305\Microsoft.Common.CurrentVersion.targets(392,5): message : Reasignación de propiedad: $(MSBuildCopyMarkerName)="TestRelo.EB67DC1F" (valor anterior: "TestRelojDigital.csproj") en C:\Program Files\dotnet\sdk\9.0.305\Microsoft.Common.CurrentVersion.targets (392,5)
       C:\Program Files\dotnet\sdk\9.0.305\Microsoft.Common.CurrentVersion.targets(393,5): message : Reasignación de propiedad: $(MSBuildCopyMarkerName)="TestRelo.EB67DC1F.Up2Date" (valor anterior: "TestRelo.EB67DC1F") en C:\Program Files\dotnet\sdk\9.0.305\Microsoft.Common.CurrentVersion.targets (393,5)
       C:\Program Files\dotnet\sdk\9.0.305\Microsoft.Common.CurrentVersion.targets(580,5): message : Reasignación de propiedad: $(DelaySign)="" (valor anterior: "false") en C:\Program Files\dotnet\sdk\9.0.305\Microsoft.Common.CurrentVersion.targets (580,5)
       C:\Program Files\dotnet\sdk\9.0.305\Microsoft.Common.CurrentVersion.targets(2619,5): message : Propiedad "LOCALAPPDATA" con el valor "C:\Users\danielgarbru\AppData\Local" expandido desde el entorno.
       C:\Program Files\dotnet\sdk\9.0.305\Microsoft.Common.CurrentVersion.targets(3947,5): message : Reasignación de propiedad: $(_SGenGenerateSerializationAssembliesConfig)="Auto" (valor anterior: "") en C:\Program Files\dotnet\sdk\9.0.305\Microsoft.Common.CurrentVersion.targets (3947,5)
       C:\Program Files\dotnet\sdk\9.0.305\Microsoft.Common.CurrentVersion.targets(3948,5): message : Reasignación de propiedad: $(_SGenGenerateSerializationAssembliesConfig)="Off" (valor anterior: "Auto") en C:\Program Files\dotnet\sdk\9.0.305\Microsoft.Common.CurrentVersion.targets (3948,5)
       C:\Program Files\dotnet\sdk\9.0.305\Microsoft.Common.CurrentVersion.targets(5159,5): message : Reasignación de propiedad: $(_TargetsThatPrepareProjectReferences)="
       C:\Program Files\dotnet\sdk\9.0.305\Microsoft.Common.CurrentVersion.targets(5159,5): message :       AssignProjectConfiguration;
       C:\Program Files\dotnet\sdk\9.0.305\Microsoft.Common.CurrentVersion.targets(5159,5): message :       _SplitProjectReferencesByFileExistence
       C:\Program Files\dotnet\sdk\9.0.305\Microsoft.Common.CurrentVersion.targets(5159,5): message :     " (valor anterior: "_SplitProjectReferencesByFileExistence") en C:\Program Files\dotnet\sdk\9.0.305\Microsoft.Common.CurrentVersion.targets (5159,5)
       C:\Program Files\dotnet\sdk\9.0.305\Microsoft.Common.CurrentVersion.targets(6954,5): message : Propiedad "MSBuildExtensionsPath32" con el valor "C:\Program Files\dotnet\sdk\9.0.305" expandido desde el entorno.
       C:\Program Files\dotnet\sdk\9.0.305\Microsoft.NETFramework.CurrentVersion.targets(74,5): message : Reasignación de propiedad: $(ResolveReferencesDependsOn)="
       C:\Program Files\dotnet\sdk\9.0.305\Microsoft.NETFramework.CurrentVersion.targets(74,5): message :       
       C:\Program Files\dotnet\sdk\9.0.305\Microsoft.NETFramework.CurrentVersion.targets(74,5): message :       BeforeResolveReferences;
       C:\Program Files\dotnet\sdk\9.0.305\Microsoft.NETFramework.CurrentVersion.targets(74,5): message :       AssignProjectConfiguration;
       C:\Program Files\dotnet\sdk\9.0.305\Microsoft.NETFramework.CurrentVersion.targets(74,5): message :       ResolveProjectReferences;
       C:\Program Files\dotnet\sdk\9.0.305\Microsoft.NETFramework.CurrentVersion.targets(74,5): message :       FindInvalidProjectReferences;
       C:\Program Files\dotnet\sdk\9.0.305\Microsoft.NETFramework.CurrentVersion.targets(74,5): message :       ResolveNativeReferences;
       C:\Program Files\dotnet\sdk\9.0.305\Microsoft.NETFramework.CurrentVersion.targets(74,5): message :       ResolveAssemblyReferences;
       C:\Program Files\dotnet\sdk\9.0.305\Microsoft.NETFramework.CurrentVersion.targets(74,5): message :       GenerateBindingRedirects;
       C:\Program Files\dotnet\sdk\9.0.305\Microsoft.NETFramework.CurrentVersion.targets(74,5): message :       GenerateBindingRedirectsUpdateAppConfig;
       C:\Program Files\dotnet\sdk\9.0.305\Microsoft.NETFramework.CurrentVersion.targets(74,5): message :       ResolveComReferences;
       C:\Program Files\dotnet\sdk\9.0.305\Microsoft.NETFramework.CurrentVersion.targets(74,5): message :       AfterResolveReferences
       C:\Program Files\dotnet\sdk\9.0.305\Microsoft.NETFramework.CurrentVersion.targets(74,5): message :     ;
       C:\Program Files\dotnet\sdk\9.0.305\Microsoft.NETFramework.CurrentVersion.targets(74,5): message :       ImplicitlyExpandDesignTimeFacades
       C:\Program Files\dotnet\sdk\9.0.305\Microsoft.NETFramework.CurrentVersion.targets(74,5): message :     " (valor anterior: "
       C:\Program Files\dotnet\sdk\9.0.305\Microsoft.NETFramework.CurrentVersion.targets(74,5): message :       BeforeResolveReferences;
       C:\Program Files\dotnet\sdk\9.0.305\Microsoft.NETFramework.CurrentVersion.targets(74,5): message :       AssignProjectConfiguration;
       C:\Program Files\dotnet\sdk\9.0.305\Microsoft.NETFramework.CurrentVersion.targets(74,5): message :       ResolveProjectReferences;
       C:\Program Files\dotnet\sdk\9.0.305\Microsoft.NETFramework.CurrentVersion.targets(74,5): message :       FindInvalidProjectReferences;
       C:\Program Files\dotnet\sdk\9.0.305\Microsoft.NETFramework.CurrentVersion.targets(74,5): message :       ResolveNativeReferences;
       C:\Program Files\dotnet\sdk\9.0.305\Microsoft.NETFramework.CurrentVersion.targets(74,5): message :       ResolveAssemblyReferences;
       C:\Program Files\dotnet\sdk\9.0.305\Microsoft.NETFramework.CurrentVersion.targets(74,5): message :       GenerateBindingRedirects;
       C:\Program Files\dotnet\sdk\9.0.305\Microsoft.NETFramework.CurrentVersion.targets(74,5): message :       GenerateBindingRedirectsUpdateAppConfig;
       C:\Program Files\dotnet\sdk\9.0.305\Microsoft.NETFramework.CurrentVersion.targets(74,5): message :       ResolveComReferences;
       C:\Program Files\dotnet\sdk\9.0.305\Microsoft.NETFramework.CurrentVersion.targets(74,5): message :       AfterResolveReferences
       C:\Program Files\dotnet\sdk\9.0.305\Microsoft.NETFramework.CurrentVersion.targets(74,5): message :     ") en C:\Program Files\dotnet\sdk\9.0.305\Microsoft.NETFramework.CurrentVersion.targets (74,5)
       La propiedad "_RestoreSolutionFileUsed" es global y no se puede modificar.
       C:\Program Files\dotnet\sdk\9.0.305\NuGet.targets(112,5): message : Reasignación de propiedad: $(_GenerateRestoreGraphProjectEntryInputProperties)="
       C:\Program Files\dotnet\sdk\9.0.305\NuGet.targets(112,5): message :       ExcludeRestorePackageImports=true;
       C:\Program Files\dotnet\sdk\9.0.305\NuGet.targets(112,5): message :       _RestoreSolutionFileUsed=true;
       C:\Program Files\dotnet\sdk\9.0.305\NuGet.targets(112,5): message :       SolutionDir=D:\GitHub\Grado\DAM\2DAM\C Sharp\Creacion Componente\RA3_RelojDigital\;
       C:\Program Files\dotnet\sdk\9.0.305\NuGet.targets(112,5): message :       SolutionName=RA3_RelojDigital;
       C:\Program Files\dotnet\sdk\9.0.305\NuGet.targets(112,5): message :       SolutionFileName=RA3_RelojDigital.sln;
       C:\Program Files\dotnet\sdk\9.0.305\NuGet.targets(112,5): message :       SolutionPath=D:\GitHub\Grado\DAM\2DAM\C Sharp\Creacion Componente\RA3_RelojDigital\RA3_RelojDigital.sln;
       C:\Program Files\dotnet\sdk\9.0.305\NuGet.targets(112,5): message :       SolutionExt=.sln;
       C:\Program Files\dotnet\sdk\9.0.305\NuGet.targets(112,5): message :     " (valor anterior: "ExcludeRestorePackageImports=true") en C:\Program Files\dotnet\sdk\9.0.305\NuGet.targets (112,5)
       Ensamblado cargado durante Evaluation: NuGet.Frameworks, Version=6.14.0.116, Culture=neutral, PublicKeyToken=31bf3856ad364e35(ubicación: C:\Program Files\dotnet\sdk\9.0.305\NuGet.Frameworks.dll, MVID: 6b5909cd-5145-46c4-9595-25461e82c126, AssemblyLoadContext: Assembly.LoadFile(C:\Program Files\dotnet\sdk\9.0.305\NuGet.Frameworks.dll))
       C:\Program Files\dotnet\sdk\9.0.305\Sdks\Microsoft.NET.Sdk\targets\Microsoft.PackageDependencyResolution.targets(24,5): message : Reasignación de propiedad: $(ProjectAssetsFile)="D:\GitHub\Grado\DAM\2DAM\C Sharp\Creacion Componente\RA3_RelojDigital\TestRelojDigital\obj\project.assets.json" (valor anterior: "D:\GitHub\Grado\DAM\2DAM\C Sharp\Creacion Componente\RA3_RelojDigital\TestRelojDigital\obj\/project.assets.json") en C:\Program Files\dotnet\sdk\9.0.305\Sdks\Microsoft.NET.Sdk\targets\Microsoft.PackageDependencyResolution.targets (24,5)
       C:\Program Files\dotnet\sdk\9.0.305\Sdks\Microsoft.NET.Sdk\targets\Microsoft.PackageDependencyResolution.targets(29,5): message : Reasignación de propiedad: $(ProjectAssetsCacheFile)="D:\GitHub\Grado\DAM\2DAM\C Sharp\Creacion Componente\RA3_RelojDigital\TestRelojDigital\obj\Debug\net472\TestRelojDigital.assets.cache" (valor anterior: "obj\Debug\net472\TestRelojDigital.assets.cache") en C:\Program Files\dotnet\sdk\9.0.305\Sdks\Microsoft.NET.Sdk\targets\Microsoft.PackageDependencyResolution.targets (29,5)
       C:\Program Files\dotnet\sdk\9.0.305\Sdks\Microsoft.NET.Sdk\targets\Microsoft.PackageDependencyResolution.targets(80,5): message : Reasignación de propiedad: $(ResolveAssemblyReferencesDependsOn)="
       C:\Program Files\dotnet\sdk\9.0.305\Sdks\Microsoft.NET.Sdk\targets\Microsoft.PackageDependencyResolution.targets(80,5): message :       
       C:\Program Files\dotnet\sdk\9.0.305\Sdks\Microsoft.NET.Sdk\targets\Microsoft.PackageDependencyResolution.targets(80,5): message :       ResolveProjectReferences;
       C:\Program Files\dotnet\sdk\9.0.305\Sdks\Microsoft.NET.Sdk\targets\Microsoft.PackageDependencyResolution.targets(80,5): message :       FindInvalidProjectReferences;
       C:\Program Files\dotnet\sdk\9.0.305\Sdks\Microsoft.NET.Sdk\targets\Microsoft.PackageDependencyResolution.targets(80,5): message :       GetFrameworkPaths;
       C:\Program Files\dotnet\sdk\9.0.305\Sdks\Microsoft.NET.Sdk\targets\Microsoft.PackageDependencyResolution.targets(80,5): message :       GetReferenceAssemblyPaths;
       C:\Program Files\dotnet\sdk\9.0.305\Sdks\Microsoft.NET.Sdk\targets\Microsoft.PackageDependencyResolution.targets(80,5): message :       PrepareForBuild;
       C:\Program Files\dotnet\sdk\9.0.305\Sdks\Microsoft.NET.Sdk\targets\Microsoft.PackageDependencyResolution.targets(80,5): message :       ResolveSDKReferences;
       C:\Program Files\dotnet\sdk\9.0.305\Sdks\Microsoft.NET.Sdk\targets\Microsoft.PackageDependencyResolution.targets(80,5): message :       ExpandSDKReferences;
       C:\Program Files\dotnet\sdk\9.0.305\Sdks\Microsoft.NET.Sdk\targets\Microsoft.PackageDependencyResolution.targets(80,5): message :     ;
       C:\Program Files\dotnet\sdk\9.0.305\Sdks\Microsoft.NET.Sdk\targets\Microsoft.PackageDependencyResolution.targets(80,5): message :       ResolvePackageDependenciesForBuild;
       C:\Program Files\dotnet\sdk\9.0.305\Sdks\Microsoft.NET.Sdk\targets\Microsoft.PackageDependencyResolution.targets(80,5): message :       _HandlePackageFileConflicts;
       C:\Program Files\dotnet\sdk\9.0.305\Sdks\Microsoft.NET.Sdk\targets\Microsoft.PackageDependencyResolution.targets(80,5): message :     " (valor anterior: "
       C:\Program Files\dotnet\sdk\9.0.305\Sdks\Microsoft.NET.Sdk\targets\Microsoft.PackageDependencyResolution.targets(80,5): message :       ResolveProjectReferences;
       C:\Program Files\dotnet\sdk\9.0.305\Sdks\Microsoft.NET.Sdk\targets\Microsoft.PackageDependencyResolution.targets(80,5): message :       FindInvalidProjectReferences;
       C:\Program Files\dotnet\sdk\9.0.305\Sdks\Microsoft.NET.Sdk\targets\Microsoft.PackageDependencyResolution.targets(80,5): message :       GetFrameworkPaths;
       C:\Program Files\dotnet\sdk\9.0.305\Sdks\Microsoft.NET.Sdk\targets\Microsoft.PackageDependencyResolution.targets(80,5): message :       GetReferenceAssemblyPaths;
       C:\Program Files\dotnet\sdk\9.0.305\Sdks\Microsoft.NET.Sdk\targets\Microsoft.PackageDependencyResolution.targets(80,5): message :       PrepareForBuild;
       C:\Program Files\dotnet\sdk\9.0.305\Sdks\Microsoft.NET.Sdk\targets\Microsoft.PackageDependencyResolution.targets(80,5): message :       ResolveSDKReferences;
       C:\Program Files\dotnet\sdk\9.0.305\Sdks\Microsoft.NET.Sdk\targets\Microsoft.PackageDependencyResolution.targets(80,5): message :       ExpandSDKReferences;
       C:\Program Files\dotnet\sdk\9.0.305\Sdks\Microsoft.NET.Sdk\targets\Microsoft.PackageDependencyResolution.targets(80,5): message :     ") en C:\Program Files\dotnet\sdk\9.0.305\Sdks\Microsoft.NET.Sdk\targets\Microsoft.PackageDependencyResolution.targets (80,5)
       C:\Program Files\dotnet\sdk\9.0.305\Sdks\Microsoft.NET.Sdk\targets\Microsoft.PackageDependencyResolution.targets(86,5): message : Reasignación de propiedad: $(PrepareResourcesDependsOn)="
       C:\Program Files\dotnet\sdk\9.0.305\Sdks\Microsoft.NET.Sdk\targets\Microsoft.PackageDependencyResolution.targets(86,5): message :       ResolvePackageDependenciesForBuild;
       C:\Program Files\dotnet\sdk\9.0.305\Sdks\Microsoft.NET.Sdk\targets\Microsoft.PackageDependencyResolution.targets(86,5): message :       _HandlePackageFileConflicts;
       C:\Program Files\dotnet\sdk\9.0.305\Sdks\Microsoft.NET.Sdk\targets\Microsoft.PackageDependencyResolution.targets(86,5): message :       
       C:\Program Files\dotnet\sdk\9.0.305\Sdks\Microsoft.NET.Sdk\targets\Microsoft.PackageDependencyResolution.targets(86,5): message :       ;
       C:\Program Files\dotnet\sdk\9.0.305\Sdks\Microsoft.NET.Sdk\targets\Microsoft.PackageDependencyResolution.targets(86,5): message :       PrepareResourceNames;
       C:\Program Files\dotnet\sdk\9.0.305\Sdks\Microsoft.NET.Sdk\targets\Microsoft.PackageDependencyResolution.targets(86,5): message :       ResGen;
       C:\Program Files\dotnet\sdk\9.0.305\Sdks\Microsoft.NET.Sdk\targets\Microsoft.PackageDependencyResolution.targets(86,5): message :       CompileLicxFiles
       C:\Program Files\dotnet\sdk\9.0.305\Sdks\Microsoft.NET.Sdk\targets\Microsoft.PackageDependencyResolution.targets(86,5): message :     
       C:\Program Files\dotnet\sdk\9.0.305\Sdks\Microsoft.NET.Sdk\targets\Microsoft.PackageDependencyResolution.targets(86,5): message :     " (valor anterior: "
       C:\Program Files\dotnet\sdk\9.0.305\Sdks\Microsoft.NET.Sdk\targets\Microsoft.PackageDependencyResolution.targets(86,5): message :       ;
       C:\Program Files\dotnet\sdk\9.0.305\Sdks\Microsoft.NET.Sdk\targets\Microsoft.PackageDependencyResolution.targets(86,5): message :       PrepareResourceNames;
       C:\Program Files\dotnet\sdk\9.0.305\Sdks\Microsoft.NET.Sdk\targets\Microsoft.PackageDependencyResolution.targets(86,5): message :       ResGen;
       C:\Program Files\dotnet\sdk\9.0.305\Sdks\Microsoft.NET.Sdk\targets\Microsoft.PackageDependencyResolution.targets(86,5): message :       CompileLicxFiles
       C:\Program Files\dotnet\sdk\9.0.305\Sdks\Microsoft.NET.Sdk\targets\Microsoft.PackageDependencyResolution.targets(86,5): message :     ") en C:\Program Files\dotnet\sdk\9.0.305\Sdks\Microsoft.NET.Sdk\targets\Microsoft.PackageDependencyResolution.targets (86,5)
       C:\Program Files\dotnet\sdk\9.0.305\Sdks\Microsoft.NET.Sdk\targets\Microsoft.NET.Sdk.DefaultItems.targets(27,5): message : Reasignación de propiedad: $(DefaultItemExcludes)=";bin\Debug\/**;obj\Debug\/**;bin\/**" (valor anterior: ";bin\Debug\/**;obj\Debug\/**") en C:\Program Files\dotnet\sdk\9.0.305\Sdks\Microsoft.NET.Sdk\targets\Microsoft.NET.Sdk.DefaultItems.targets (27,5)
       C:\Program Files\dotnet\sdk\9.0.305\Sdks\Microsoft.NET.Sdk\targets\Microsoft.NET.Sdk.DefaultItems.targets(29,5): message : Reasignación de propiedad: $(DefaultItemExcludes)=";bin\Debug\/**;obj\Debug\/**;bin\/**;obj\/**" (valor anterior: ";bin\Debug\/**;obj\Debug\/**;bin\/**") en C:\Program Files\dotnet\sdk\9.0.305\Sdks\Microsoft.NET.Sdk\targets\Microsoft.NET.Sdk.DefaultItems.targets (29,5)
       C:\Program Files\dotnet\sdk\9.0.305\Sdks\Microsoft.NET.Sdk\targets\Microsoft.NET.Sdk.DefaultItems.targets(32,5): message : Reasignación de propiedad: $(DefaultItemExcludes)=";bin\Debug\/**;obj\Debug\/**;bin\/**;obj\/**;**/*.user" (valor anterior: ";bin\Debug\/**;obj\Debug\/**;bin\/**;obj\/**") en C:\Program Files\dotnet\sdk\9.0.305\Sdks\Microsoft.NET.Sdk\targets\Microsoft.NET.Sdk.DefaultItems.targets (32,5)
       C:\Program Files\dotnet\sdk\9.0.305\Sdks\Microsoft.NET.Sdk\targets\Microsoft.NET.Sdk.DefaultItems.targets(33,5): message : Reasignación de propiedad: $(DefaultItemExcludes)=";bin\Debug\/**;obj\Debug\/**;bin\/**;obj\/**;**/*.user;**/*.*proj" (valor anterior: ";bin\Debug\/**;obj\Debug\/**;bin\/**;obj\/**;**/*.user") en C:\Program Files\dotnet\sdk\9.0.305\Sdks\Microsoft.NET.Sdk\targets\Microsoft.NET.Sdk.DefaultItems.targets (33,5)
       C:\Program Files\dotnet\sdk\9.0.305\Sdks\Microsoft.NET.Sdk\targets\Microsoft.NET.Sdk.DefaultItems.targets(34,5): message : Reasignación de propiedad: $(DefaultItemExcludes)=";bin\Debug\/**;obj\Debug\/**;bin\/**;obj\/**;**/*.user;**/*.*proj;**/*.sln" (valor anterior: ";bin\Debug\/**;obj\Debug\/**;bin\/**;obj\/**;**/*.user;**/*.*proj") en C:\Program Files\dotnet\sdk\9.0.305\Sdks\Microsoft.NET.Sdk\targets\Microsoft.NET.Sdk.DefaultItems.targets (34,5)
       C:\Program Files\dotnet\sdk\9.0.305\Sdks\Microsoft.NET.Sdk\targets\Microsoft.NET.Sdk.DefaultItems.targets(35,5): message : Reasignación de propiedad: $(DefaultItemExcludes)=";bin\Debug\/**;obj\Debug\/**;bin\/**;obj\/**;**/*.user;**/*.*proj;**/*.sln;**/*.slnx" (valor anterior: ";bin\Debug\/**;obj\Debug\/**;bin\/**;obj\/**;**/*.user;**/*.*proj;**/*.sln") en C:\Program Files\dotnet\sdk\9.0.305\Sdks\Microsoft.NET.Sdk\targets\Microsoft.NET.Sdk.DefaultItems.targets (35,5)
       C:\Program Files\dotnet\sdk\9.0.305\Sdks\Microsoft.NET.Sdk\targets\Microsoft.NET.Sdk.DefaultItems.targets(36,5): message : Reasignación de propiedad: $(DefaultItemExcludes)=";bin\Debug\/**;obj\Debug\/**;bin\/**;obj\/**;**/*.user;**/*.*proj;**/*.sln;**/*.slnx;**/*.vssscc" (valor anterior: ";bin\Debug\/**;obj\Debug\/**;bin\/**;obj\/**;**/*.user;**/*.*proj;**/*.sln;**/*.slnx") en C:\Program Files\dotnet\sdk\9.0.305\Sdks\Microsoft.NET.Sdk\targets\Microsoft.NET.Sdk.DefaultItems.targets (36,5)
       C:\Program Files\dotnet\sdk\9.0.305\Sdks\Microsoft.NET.Sdk\targets\Microsoft.NET.Sdk.DefaultItems.targets(37,5): message : Reasignación de propiedad: $(DefaultItemExcludes)=";bin\Debug\/**;obj\Debug\/**;bin\/**;obj\/**;**/*.user;**/*.*proj;**/*.sln;**/*.slnx;**/*.vssscc;**/.DS_Store" (valor anterior: ";bin\Debug\/**;obj\Debug\/**;bin\/**;obj\/**;**/*.user;**/*.*proj;**/*.sln;**/*.slnx;**/*.vssscc") en C:\Program Files\dotnet\sdk\9.0.305\Sdks\Microsoft.NET.Sdk\targets\Microsoft.NET.Sdk.DefaultItems.targets (37,5)
       C:\Program Files\dotnet\sdk\9.0.305\Sdks\Microsoft.NET.Sdk\targets\Microsoft.NET.Sdk.FrameworkReferenceResolution.targets(14,5): message : Reasignación de propiedad: $(ResolveAssemblyReferencesDependsOn)="
       C:\Program Files\dotnet\sdk\9.0.305\Sdks\Microsoft.NET.Sdk\targets\Microsoft.NET.Sdk.FrameworkReferenceResolution.targets(14,5): message :       
       C:\Program Files\dotnet\sdk\9.0.305\Sdks\Microsoft.NET.Sdk\targets\Microsoft.NET.Sdk.FrameworkReferenceResolution.targets(14,5): message :       
       C:\Program Files\dotnet\sdk\9.0.305\Sdks\Microsoft.NET.Sdk\targets\Microsoft.NET.Sdk.FrameworkReferenceResolution.targets(14,5): message :       ResolveProjectReferences;
       C:\Program Files\dotnet\sdk\9.0.305\Sdks\Microsoft.NET.Sdk\targets\Microsoft.NET.Sdk.FrameworkReferenceResolution.targets(14,5): message :       FindInvalidProjectReferences;
       C:\Program Files\dotnet\sdk\9.0.305\Sdks\Microsoft.NET.Sdk\targets\Microsoft.NET.Sdk.FrameworkReferenceResolution.targets(14,5): message :       GetFrameworkPaths;
       C:\Program Files\dotnet\sdk\9.0.305\Sdks\Microsoft.NET.Sdk\targets\Microsoft.NET.Sdk.FrameworkReferenceResolution.targets(14,5): message :       GetReferenceAssemblyPaths;
       C:\Program Files\dotnet\sdk\9.0.305\Sdks\Microsoft.NET.Sdk\targets\Microsoft.NET.Sdk.FrameworkReferenceResolution.targets(14,5): message :       PrepareForBuild;
       C:\Program Files\dotnet\sdk\9.0.305\Sdks\Microsoft.NET.Sdk\targets\Microsoft.NET.Sdk.FrameworkReferenceResolution.targets(14,5): message :       ResolveSDKReferences;
       C:\Program Files\dotnet\sdk\9.0.305\Sdks\Microsoft.NET.Sdk\targets\Microsoft.NET.Sdk.FrameworkReferenceResolution.targets(14,5): message :       ExpandSDKReferences;
       C:\Program Files\dotnet\sdk\9.0.305\Sdks\Microsoft.NET.Sdk\targets\Microsoft.NET.Sdk.FrameworkReferenceResolution.targets(14,5): message :     ;
       C:\Program Files\dotnet\sdk\9.0.305\Sdks\Microsoft.NET.Sdk\targets\Microsoft.NET.Sdk.FrameworkReferenceResolution.targets(14,5): message :       ResolvePackageDependenciesForBuild;
       C:\Program Files\dotnet\sdk\9.0.305\Sdks\Microsoft.NET.Sdk\targets\Microsoft.NET.Sdk.FrameworkReferenceResolution.targets(14,5): message :       _HandlePackageFileConflicts;
       C:\Program Files\dotnet\sdk\9.0.305\Sdks\Microsoft.NET.Sdk\targets\Microsoft.NET.Sdk.FrameworkReferenceResolution.targets(14,5): message :     ;
       C:\Program Files\dotnet\sdk\9.0.305\Sdks\Microsoft.NET.Sdk\targets\Microsoft.NET.Sdk.FrameworkReferenceResolution.targets(14,5): message :       ResolveTargetingPackAssets;
       C:\Program Files\dotnet\sdk\9.0.305\Sdks\Microsoft.NET.Sdk\targets\Microsoft.NET.Sdk.FrameworkReferenceResolution.targets(14,5): message :     " (valor anterior: "
       C:\Program Files\dotnet\sdk\9.0.305\Sdks\Microsoft.NET.Sdk\targets\Microsoft.NET.Sdk.FrameworkReferenceResolution.targets(14,5): message :       
       C:\Program Files\dotnet\sdk\9.0.305\Sdks\Microsoft.NET.Sdk\targets\Microsoft.NET.Sdk.FrameworkReferenceResolution.targets(14,5): message :       ResolveProjectReferences;
       C:\Program Files\dotnet\sdk\9.0.305\Sdks\Microsoft.NET.Sdk\targets\Microsoft.NET.Sdk.FrameworkReferenceResolution.targets(14,5): message :       FindInvalidProjectReferences;
       C:\Program Files\dotnet\sdk\9.0.305\Sdks\Microsoft.NET.Sdk\targets\Microsoft.NET.Sdk.FrameworkReferenceResolution.targets(14,5): message :       GetFrameworkPaths;
       C:\Program Files\dotnet\sdk\9.0.305\Sdks\Microsoft.NET.Sdk\targets\Microsoft.NET.Sdk.FrameworkReferenceResolution.targets(14,5): message :       GetReferenceAssemblyPaths;
       C:\Program Files\dotnet\sdk\9.0.305\Sdks\Microsoft.NET.Sdk\targets\Microsoft.NET.Sdk.FrameworkReferenceResolution.targets(14,5): message :       PrepareForBuild;
       C:\Program Files\dotnet\sdk\9.0.305\Sdks\Microsoft.NET.Sdk\targets\Microsoft.NET.Sdk.FrameworkReferenceResolution.targets(14,5): message :       ResolveSDKReferences;
       C:\Program Files\dotnet\sdk\9.0.305\Sdks\Microsoft.NET.Sdk\targets\Microsoft.NET.Sdk.FrameworkReferenceResolution.targets(14,5): message :       ExpandSDKReferences;
       C:\Program Files\dotnet\sdk\9.0.305\Sdks\Microsoft.NET.Sdk\targets\Microsoft.NET.Sdk.FrameworkReferenceResolution.targets(14,5): message :     ;
       C:\Program Files\dotnet\sdk\9.0.305\Sdks\Microsoft.NET.Sdk\targets\Microsoft.NET.Sdk.FrameworkReferenceResolution.targets(14,5): message :       ResolvePackageDependenciesForBuild;
       C:\Program Files\dotnet\sdk\9.0.305\Sdks\Microsoft.NET.Sdk\targets\Microsoft.NET.Sdk.FrameworkReferenceResolution.targets(14,5): message :       _HandlePackageFileConflicts;
       C:\Program Files\dotnet\sdk\9.0.305\Sdks\Microsoft.NET.Sdk\targets\Microsoft.NET.Sdk.FrameworkReferenceResolution.targets(14,5): message :     ") en C:\Program Files\dotnet\sdk\9.0.305\Sdks\Microsoft.NET.Sdk\targets\Microsoft.NET.Sdk.FrameworkReferenceResolution.targets (14,5)
       C:\Program Files\dotnet\sdk\9.0.305\Sdks\Microsoft.NET.Sdk\targets\Microsoft.NET.Sdk.targets(44,5): message : Reasignación de propiedad: $(_GenerateRuntimeConfigurationPropertyInputsCache)="D:\GitHub\Grado\DAM\2DAM\C Sharp\Creacion Componente\RA3_RelojDigital\TestRelojDigital\obj\Debug\net472\TestRelojDigital.genruntimeconfig.cache" (valor anterior: "obj\Debug\net472\TestRelojDigital.genruntimeconfig.cache") en C:\Program Files\dotnet\sdk\9.0.305\Sdks\Microsoft.NET.Sdk\targets\Microsoft.NET.Sdk.targets (44,5)
       C:\Program Files\dotnet\sdk\9.0.305\Sdks\Microsoft.NET.Sdk\targets\Microsoft.NET.Sdk.targets(46,5): message : Reasignación de propiedad: $(_GeneratePublishDependencyFilePropertyInputsCache)="D:\GitHub\Grado\DAM\2DAM\C Sharp\Creacion Componente\RA3_RelojDigital\TestRelojDigital\obj\Debug\net472\TestRelojDigital.genpublishdeps.cache" (valor anterior: "obj\Debug\net472\TestRelojDigital.genpublishdeps.cache") en C:\Program Files\dotnet\sdk\9.0.305\Sdks\Microsoft.NET.Sdk\targets\Microsoft.NET.Sdk.targets (46,5)
       C:\Program Files\dotnet\sdk\9.0.305\Sdks\Microsoft.NET.Sdk\targets\Microsoft.NET.Sdk.targets(48,5): message : Reasignación de propiedad: $(_GenerateSingleFileBundlePropertyInputsCache)="D:\GitHub\Grado\DAM\2DAM\C Sharp\Creacion Componente\RA3_RelojDigital\TestRelojDigital\obj\Debug\net472\TestRelojDigital.genbundle.cache" (valor anterior: "obj\Debug\net472\TestRelojDigital.genbundle.cache") en C:\Program Files\dotnet\sdk\9.0.305\Sdks\Microsoft.NET.Sdk\targets\Microsoft.NET.Sdk.targets (48,5)
       C:\Program Files\dotnet\sdk\9.0.305\Sdks\Microsoft.NET.Sdk\targets\Microsoft.NET.Sdk.targets(97,5): message : Propiedad "USERPROFILE" con el valor "C:\Users\danielgarbru" expandido desde el entorno.
       C:\Program Files\dotnet\sdk\9.0.305\Sdks\Microsoft.NET.Sdk\targets\Microsoft.NET.Sdk.targets(97,5): message : Reasignación de propiedad: $(_DefaultUserProfileRuntimeStorePath)="C:\Users\danielgarbru" (valor anterior: "") en C:\Program Files\dotnet\sdk\9.0.305\Sdks\Microsoft.NET.Sdk\targets\Microsoft.NET.Sdk.targets (97,5)
       C:\Program Files\dotnet\sdk\9.0.305\Sdks\Microsoft.NET.Sdk\targets\Microsoft.NET.Sdk.targets(98,5): message : Reasignación de propiedad: $(_DefaultUserProfileRuntimeStorePath)="C:\Users\danielgarbru\.dotnet\store" (valor anterior: "C:\Users\danielgarbru") en C:\Program Files\dotnet\sdk\9.0.305\Sdks\Microsoft.NET.Sdk\targets\Microsoft.NET.Sdk.targets (98,5)
       C:\Program Files\dotnet\sdk\9.0.305\Sdks\Microsoft.NET.Sdk\targets\Microsoft.NET.Sdk.targets(201,5): message : Reasignación de propiedad: $(CoreBuildDependsOn)="
       C:\Program Files\dotnet\sdk\9.0.305\Sdks\Microsoft.NET.Sdk\targets\Microsoft.NET.Sdk.targets(201,5): message :       _CheckForBuildWithNoBuild;
       C:\Program Files\dotnet\sdk\9.0.305\Sdks\Microsoft.NET.Sdk\targets\Microsoft.NET.Sdk.targets(201,5): message :       
       C:\Program Files\dotnet\sdk\9.0.305\Sdks\Microsoft.NET.Sdk\targets\Microsoft.NET.Sdk.targets(201,5): message :       BuildOnlySettings;
       C:\Program Files\dotnet\sdk\9.0.305\Sdks\Microsoft.NET.Sdk\targets\Microsoft.NET.Sdk.targets(201,5): message :       PrepareForBuild;
       C:\Program Files\dotnet\sdk\9.0.305\Sdks\Microsoft.NET.Sdk\targets\Microsoft.NET.Sdk.targets(201,5): message :       PreBuildEvent;
       C:\Program Files\dotnet\sdk\9.0.305\Sdks\Microsoft.NET.Sdk\targets\Microsoft.NET.Sdk.targets(201,5): message :       ResolveReferences;
       C:\Program Files\dotnet\sdk\9.0.305\Sdks\Microsoft.NET.Sdk\targets\Microsoft.NET.Sdk.targets(201,5): message :       PrepareResources;
       C:\Program Files\dotnet\sdk\9.0.305\Sdks\Microsoft.NET.Sdk\targets\Microsoft.NET.Sdk.targets(201,5): message :       ResolveKeySource;
       C:\Program Files\dotnet\sdk\9.0.305\Sdks\Microsoft.NET.Sdk\targets\Microsoft.NET.Sdk.targets(201,5): message :       Compile;
       C:\Program Files\dotnet\sdk\9.0.305\Sdks\Microsoft.NET.Sdk\targets\Microsoft.NET.Sdk.targets(201,5): message :       ExportWindowsMDFile;
       C:\Program Files\dotnet\sdk\9.0.305\Sdks\Microsoft.NET.Sdk\targets\Microsoft.NET.Sdk.targets(201,5): message :       UnmanagedUnregistration;
       C:\Program Files\dotnet\sdk\9.0.305\Sdks\Microsoft.NET.Sdk\targets\Microsoft.NET.Sdk.targets(201,5): message :       GenerateSerializationAssemblies;
       C:\Program Files\dotnet\sdk\9.0.305\Sdks\Microsoft.NET.Sdk\targets\Microsoft.NET.Sdk.targets(201,5): message :       CreateSatelliteAssemblies;
       C:\Program Files\dotnet\sdk\9.0.305\Sdks\Microsoft.NET.Sdk\targets\Microsoft.NET.Sdk.targets(201,5): message :       GenerateManifests;
       C:\Program Files\dotnet\sdk\9.0.305\Sdks\Microsoft.NET.Sdk\targets\Microsoft.NET.Sdk.targets(201,5): message :       GetTargetPath;
       C:\Program Files\dotnet\sdk\9.0.305\Sdks\Microsoft.NET.Sdk\targets\Microsoft.NET.Sdk.targets(201,5): message :       PrepareForRun;
       C:\Program Files\dotnet\sdk\9.0.305\Sdks\Microsoft.NET.Sdk\targets\Microsoft.NET.Sdk.targets(201,5): message :       UnmanagedRegistration;
       C:\Program Files\dotnet\sdk\9.0.305\Sdks\Microsoft.NET.Sdk\targets\Microsoft.NET.Sdk.targets(201,5): message :       IncrementalClean;
       C:\Program Files\dotnet\sdk\9.0.305\Sdks\Microsoft.NET.Sdk\targets\Microsoft.NET.Sdk.targets(201,5): message :       PostBuildEvent
       C:\Program Files\dotnet\sdk\9.0.305\Sdks\Microsoft.NET.Sdk\targets\Microsoft.NET.Sdk.targets(201,5): message :     ;
       C:\Program Files\dotnet\sdk\9.0.305\Sdks\Microsoft.NET.Sdk\targets\Microsoft.NET.Sdk.targets(201,5): message :       GenerateBuildDependencyFile;
       C:\Program Files\dotnet\sdk\9.0.305\Sdks\Microsoft.NET.Sdk\targets\Microsoft.NET.Sdk.targets(201,5): message :       GenerateBuildRuntimeConfigurationFiles
       C:\Program Files\dotnet\sdk\9.0.305\Sdks\Microsoft.NET.Sdk\targets\Microsoft.NET.Sdk.targets(201,5): message :     " (valor anterior: "
       C:\Program Files\dotnet\sdk\9.0.305\Sdks\Microsoft.NET.Sdk\targets\Microsoft.NET.Sdk.targets(201,5): message :       BuildOnlySettings;
       C:\Program Files\dotnet\sdk\9.0.305\Sdks\Microsoft.NET.Sdk\targets\Microsoft.NET.Sdk.targets(201,5): message :       PrepareForBuild;
       C:\Program Files\dotnet\sdk\9.0.305\Sdks\Microsoft.NET.Sdk\targets\Microsoft.NET.Sdk.targets(201,5): message :       PreBuildEvent;
       C:\Program Files\dotnet\sdk\9.0.305\Sdks\Microsoft.NET.Sdk\targets\Microsoft.NET.Sdk.targets(201,5): message :       ResolveReferences;
       C:\Program Files\dotnet\sdk\9.0.305\Sdks\Microsoft.NET.Sdk\targets\Microsoft.NET.Sdk.targets(201,5): message :       PrepareResources;
       C:\Program Files\dotnet\sdk\9.0.305\Sdks\Microsoft.NET.Sdk\targets\Microsoft.NET.Sdk.targets(201,5): message :       ResolveKeySource;
       C:\Program Files\dotnet\sdk\9.0.305\Sdks\Microsoft.NET.Sdk\targets\Microsoft.NET.Sdk.targets(201,5): message :       Compile;
       C:\Program Files\dotnet\sdk\9.0.305\Sdks\Microsoft.NET.Sdk\targets\Microsoft.NET.Sdk.targets(201,5): message :       ExportWindowsMDFile;
       C:\Program Files\dotnet\sdk\9.0.305\Sdks\Microsoft.NET.Sdk\targets\Microsoft.NET.Sdk.targets(201,5): message :       UnmanagedUnregistration;
       C:\Program Files\dotnet\sdk\9.0.305\Sdks\Microsoft.NET.Sdk\targets\Microsoft.NET.Sdk.targets(201,5): message :       GenerateSerializationAssemblies;
       C:\Program Files\dotnet\sdk\9.0.305\Sdks\Microsoft.NET.Sdk\targets\Microsoft.NET.Sdk.targets(201,5): message :       CreateSatelliteAssemblies;
       C:\Program Files\dotnet\sdk\9.0.305\Sdks\Microsoft.NET.Sdk\targets\Microsoft.NET.Sdk.targets(201,5): message :       GenerateManifests;
       C:\Program Files\dotnet\sdk\9.0.305\Sdks\Microsoft.NET.Sdk\targets\Microsoft.NET.Sdk.targets(201,5): message :       GetTargetPath;
       C:\Program Files\dotnet\sdk\9.0.305\Sdks\Microsoft.NET.Sdk\targets\Microsoft.NET.Sdk.targets(201,5): message :       PrepareForRun;
       C:\Program Files\dotnet\sdk\9.0.305\Sdks\Microsoft.NET.Sdk\targets\Microsoft.NET.Sdk.targets(201,5): message :       UnmanagedRegistration;
       C:\Program Files\dotnet\sdk\9.0.305\Sdks\Microsoft.NET.Sdk\targets\Microsoft.NET.Sdk.targets(201,5): message :       IncrementalClean;
       C:\Program Files\dotnet\sdk\9.0.305\Sdks\Microsoft.NET.Sdk\targets\Microsoft.NET.Sdk.targets(201,5): message :       PostBuildEvent
       C:\Program Files\dotnet\sdk\9.0.305\Sdks\Microsoft.NET.Sdk\targets\Microsoft.NET.Sdk.targets(201,5): message :     ") en C:\Program Files\dotnet\sdk\9.0.305\Sdks\Microsoft.NET.Sdk\targets\Microsoft.NET.Sdk.targets (201,5)
       C:\Program Files\dotnet\sdk\9.0.305\Sdks\Microsoft.NET.Sdk\targets\Microsoft.NET.Sdk.targets(210,5): message : Reasignación de propiedad: $(CoreCleanDependsOn)="
       C:\Program Files\dotnet\sdk\9.0.305\Sdks\Microsoft.NET.Sdk\targets\Microsoft.NET.Sdk.targets(210,5): message :       _SdkBeforeClean;
       C:\Program Files\dotnet\sdk\9.0.305\Sdks\Microsoft.NET.Sdk\targets\Microsoft.NET.Sdk.targets(210,5): message :       
       C:\Program Files\dotnet\sdk\9.0.305\Sdks\Microsoft.NET.Sdk\targets\Microsoft.NET.Sdk.targets(210,5): message :     " (valor anterior: "") en C:\Program Files\dotnet\sdk\9.0.305\Sdks\Microsoft.NET.Sdk\targets\Microsoft.NET.Sdk.targets (210,5)
       C:\Program Files\dotnet\sdk\9.0.305\Sdks\Microsoft.NET.Sdk\targets\Microsoft.NET.Sdk.targets(217,5): message : Reasignación de propiedad: $(RebuildDependsOn)="
       C:\Program Files\dotnet\sdk\9.0.305\Sdks\Microsoft.NET.Sdk\targets\Microsoft.NET.Sdk.targets(217,5): message :       _SdkBeforeRebuild;
       C:\Program Files\dotnet\sdk\9.0.305\Sdks\Microsoft.NET.Sdk\targets\Microsoft.NET.Sdk.targets(217,5): message :       
       C:\Program Files\dotnet\sdk\9.0.305\Sdks\Microsoft.NET.Sdk\targets\Microsoft.NET.Sdk.targets(217,5): message :       BeforeRebuild;
       C:\Program Files\dotnet\sdk\9.0.305\Sdks\Microsoft.NET.Sdk\targets\Microsoft.NET.Sdk.targets(217,5): message :       Clean;
       C:\Program Files\dotnet\sdk\9.0.305\Sdks\Microsoft.NET.Sdk\targets\Microsoft.NET.Sdk.targets(217,5): message :       Build;
       C:\Program Files\dotnet\sdk\9.0.305\Sdks\Microsoft.NET.Sdk\targets\Microsoft.NET.Sdk.targets(217,5): message :       AfterRebuild;
       C:\Program Files\dotnet\sdk\9.0.305\Sdks\Microsoft.NET.Sdk\targets\Microsoft.NET.Sdk.targets(217,5): message :     
       C:\Program Files\dotnet\sdk\9.0.305\Sdks\Microsoft.NET.Sdk\targets\Microsoft.NET.Sdk.targets(217,5): message :     " (valor anterior: "
       C:\Program Files\dotnet\sdk\9.0.305\Sdks\Microsoft.NET.Sdk\targets\Microsoft.NET.Sdk.targets(217,5): message :       BeforeRebuild;
       C:\Program Files\dotnet\sdk\9.0.305\Sdks\Microsoft.NET.Sdk\targets\Microsoft.NET.Sdk.targets(217,5): message :       Clean;
       C:\Program Files\dotnet\sdk\9.0.305\Sdks\Microsoft.NET.Sdk\targets\Microsoft.NET.Sdk.targets(217,5): message :       Build;
       C:\Program Files\dotnet\sdk\9.0.305\Sdks\Microsoft.NET.Sdk\targets\Microsoft.NET.Sdk.targets(217,5): message :       AfterRebuild;
       C:\Program Files\dotnet\sdk\9.0.305\Sdks\Microsoft.NET.Sdk\targets\Microsoft.NET.Sdk.targets(217,5): message :     ") en C:\Program Files\dotnet\sdk\9.0.305\Sdks\Microsoft.NET.Sdk\targets\Microsoft.NET.Sdk.targets (217,5)
       C:\Program Files\dotnet\sdk\9.0.305\Sdks\Microsoft.NET.Sdk\targets\Microsoft.NET.Sdk.targets(784,5): message : Reasignación de propiedad: $(CompileDependsOn)="
       C:\Program Files\dotnet\sdk\9.0.305\Sdks\Microsoft.NET.Sdk\targets\Microsoft.NET.Sdk.targets(784,5): message :       
       C:\Program Files\dotnet\sdk\9.0.305\Sdks\Microsoft.NET.Sdk\targets\Microsoft.NET.Sdk.targets(784,5): message :       ResolveReferences;
       C:\Program Files\dotnet\sdk\9.0.305\Sdks\Microsoft.NET.Sdk\targets\Microsoft.NET.Sdk.targets(784,5): message :       ResolveKeySource;
       C:\Program Files\dotnet\sdk\9.0.305\Sdks\Microsoft.NET.Sdk\targets\Microsoft.NET.Sdk.targets(784,5): message :       SetWin32ManifestProperties;
       C:\Program Files\dotnet\sdk\9.0.305\Sdks\Microsoft.NET.Sdk\targets\Microsoft.NET.Sdk.targets(784,5): message :       _SetPreferNativeArm64Win32ManifestProperties;
       C:\Program Files\dotnet\sdk\9.0.305\Sdks\Microsoft.NET.Sdk\targets\Microsoft.NET.Sdk.targets(784,5): message :       FindReferenceAssembliesForReferences;
       C:\Program Files\dotnet\sdk\9.0.305\Sdks\Microsoft.NET.Sdk\targets\Microsoft.NET.Sdk.targets(784,5): message :       _GenerateCompileInputs;
       C:\Program Files\dotnet\sdk\9.0.305\Sdks\Microsoft.NET.Sdk\targets\Microsoft.NET.Sdk.targets(784,5): message :       BeforeCompile;
       C:\Program Files\dotnet\sdk\9.0.305\Sdks\Microsoft.NET.Sdk\targets\Microsoft.NET.Sdk.targets(784,5): message :       _TimeStampBeforeCompile;
       C:\Program Files\dotnet\sdk\9.0.305\Sdks\Microsoft.NET.Sdk\targets\Microsoft.NET.Sdk.targets(784,5): message :       _GenerateCompileDependencyCache;
       C:\Program Files\dotnet\sdk\9.0.305\Sdks\Microsoft.NET.Sdk\targets\Microsoft.NET.Sdk.targets(784,5): message :       CoreCompile;
       C:\Program Files\dotnet\sdk\9.0.305\Sdks\Microsoft.NET.Sdk\targets\Microsoft.NET.Sdk.targets(784,5): message :       _TimeStampAfterCompile;
       C:\Program Files\dotnet\sdk\9.0.305\Sdks\Microsoft.NET.Sdk\targets\Microsoft.NET.Sdk.targets(784,5): message :       AfterCompile;
       C:\Program Files\dotnet\sdk\9.0.305\Sdks\Microsoft.NET.Sdk\targets\Microsoft.NET.Sdk.targets(784,5): message :     ;
       C:\Program Files\dotnet\sdk\9.0.305\Sdks\Microsoft.NET.Sdk\targets\Microsoft.NET.Sdk.targets(784,5): message :       _CreateAppHost;
       C:\Program Files\dotnet\sdk\9.0.305\Sdks\Microsoft.NET.Sdk\targets\Microsoft.NET.Sdk.targets(784,5): message :       _CreateComHost;
       C:\Program Files\dotnet\sdk\9.0.305\Sdks\Microsoft.NET.Sdk\targets\Microsoft.NET.Sdk.targets(784,5): message :       _GetIjwHostPaths;
       C:\Program Files\dotnet\sdk\9.0.305\Sdks\Microsoft.NET.Sdk\targets\Microsoft.NET.Sdk.targets(784,5): message :     " (valor anterior: "
       C:\Program Files\dotnet\sdk\9.0.305\Sdks\Microsoft.NET.Sdk\targets\Microsoft.NET.Sdk.targets(784,5): message :       ResolveReferences;
       C:\Program Files\dotnet\sdk\9.0.305\Sdks\Microsoft.NET.Sdk\targets\Microsoft.NET.Sdk.targets(784,5): message :       ResolveKeySource;
       C:\Program Files\dotnet\sdk\9.0.305\Sdks\Microsoft.NET.Sdk\targets\Microsoft.NET.Sdk.targets(784,5): message :       SetWin32ManifestProperties;
       C:\Program Files\dotnet\sdk\9.0.305\Sdks\Microsoft.NET.Sdk\targets\Microsoft.NET.Sdk.targets(784,5): message :       _SetPreferNativeArm64Win32ManifestProperties;
       C:\Program Files\dotnet\sdk\9.0.305\Sdks\Microsoft.NET.Sdk\targets\Microsoft.NET.Sdk.targets(784,5): message :       FindReferenceAssembliesForReferences;
       C:\Program Files\dotnet\sdk\9.0.305\Sdks\Microsoft.NET.Sdk\targets\Microsoft.NET.Sdk.targets(784,5): message :       _GenerateCompileInputs;
       C:\Program Files\dotnet\sdk\9.0.305\Sdks\Microsoft.NET.Sdk\targets\Microsoft.NET.Sdk.targets(784,5): message :       BeforeCompile;
       C:\Program Files\dotnet\sdk\9.0.305\Sdks\Microsoft.NET.Sdk\targets\Microsoft.NET.Sdk.targets(784,5): message :       _TimeStampBeforeCompile;
       C:\Program Files\dotnet\sdk\9.0.305\Sdks\Microsoft.NET.Sdk\targets\Microsoft.NET.Sdk.targets(784,5): message :       _GenerateCompileDependencyCache;
       C:\Program Files\dotnet\sdk\9.0.305\Sdks\Microsoft.NET.Sdk\targets\Microsoft.NET.Sdk.targets(784,5): message :       CoreCompile;
       C:\Program Files\dotnet\sdk\9.0.305\Sdks\Microsoft.NET.Sdk\targets\Microsoft.NET.Sdk.targets(784,5): message :       _TimeStampAfterCompile;
       C:\Program Files\dotnet\sdk\9.0.305\Sdks\Microsoft.NET.Sdk\targets\Microsoft.NET.Sdk.targets(784,5): message :       AfterCompile;
       C:\Program Files\dotnet\sdk\9.0.305\Sdks\Microsoft.NET.Sdk\targets\Microsoft.NET.Sdk.targets(784,5): message :     ") en C:\Program Files\dotnet\sdk\9.0.305\Sdks\Microsoft.NET.Sdk\targets\Microsoft.NET.Sdk.targets (784,5)
       C:\Program Files\dotnet\sdk\9.0.305\Sdks\Microsoft.NET.Sdk\targets\Microsoft.NET.Sdk.targets(1184,5): message : Reasignación de propiedad: $(CreateSatelliteAssembliesDependsOn)="
       C:\Program Files\dotnet\sdk\9.0.305\Sdks\Microsoft.NET.Sdk\targets\Microsoft.NET.Sdk.targets(1184,5): message :       
       C:\Program Files\dotnet\sdk\9.0.305\Sdks\Microsoft.NET.Sdk\targets\Microsoft.NET.Sdk.targets(1184,5): message :       ;
       C:\Program Files\dotnet\sdk\9.0.305\Sdks\Microsoft.NET.Sdk\targets\Microsoft.NET.Sdk.targets(1184,5): message :       _GenerateSatelliteAssemblyInputs;
       C:\Program Files\dotnet\sdk\9.0.305\Sdks\Microsoft.NET.Sdk\targets\Microsoft.NET.Sdk.targets(1184,5): message :       ComputeIntermediateSatelliteAssemblies;
       C:\Program Files\dotnet\sdk\9.0.305\Sdks\Microsoft.NET.Sdk\targets\Microsoft.NET.Sdk.targets(1184,5): message :       GenerateSatelliteAssemblies
       C:\Program Files\dotnet\sdk\9.0.305\Sdks\Microsoft.NET.Sdk\targets\Microsoft.NET.Sdk.targets(1184,5): message :     ;
       C:\Program Files\dotnet\sdk\9.0.305\Sdks\Microsoft.NET.Sdk\targets\Microsoft.NET.Sdk.targets(1184,5): message :       CoreGenerateSatelliteAssemblies
       C:\Program Files\dotnet\sdk\9.0.305\Sdks\Microsoft.NET.Sdk\targets\Microsoft.NET.Sdk.targets(1184,5): message :     " (valor anterior: "
       C:\Program Files\dotnet\sdk\9.0.305\Sdks\Microsoft.NET.Sdk\targets\Microsoft.NET.Sdk.targets(1184,5): message :       ;
       C:\Program Files\dotnet\sdk\9.0.305\Sdks\Microsoft.NET.Sdk\targets\Microsoft.NET.Sdk.targets(1184,5): message :       _GenerateSatelliteAssemblyInputs;
       C:\Program Files\dotnet\sdk\9.0.305\Sdks\Microsoft.NET.Sdk\targets\Microsoft.NET.Sdk.targets(1184,5): message :       ComputeIntermediateSatelliteAssemblies;
       C:\Program Files\dotnet\sdk\9.0.305\Sdks\Microsoft.NET.Sdk\targets\Microsoft.NET.Sdk.targets(1184,5): message :       GenerateSatelliteAssemblies
       C:\Program Files\dotnet\sdk\9.0.305\Sdks\Microsoft.NET.Sdk\targets\Microsoft.NET.Sdk.targets(1184,5): message :     ") en C:\Program Files\dotnet\sdk\9.0.305\Sdks\Microsoft.NET.Sdk\targets\Microsoft.NET.Sdk.targets (1184,5)
       C:\Program Files\dotnet\sdk\9.0.305\Sdks\Microsoft.SourceLink.GitLab\build\Microsoft.SourceLink.GitLab.targets(12,5): message : Reasignación de propiedad: $(SourceLinkUrlInitializerTargets)=";_InitializeGitHubSourceLinkUrl;_InitializeGitLabSourceLinkUrl" (valor anterior: ";_InitializeGitHubSourceLinkUrl") en C:\Program Files\dotnet\sdk\9.0.305\Sdks\Microsoft.SourceLink.GitLab\build\Microsoft.SourceLink.GitLab.targets (12,5)
       C:\Program Files\dotnet\sdk\9.0.305\Sdks\Microsoft.SourceLink.GitLab\build\Microsoft.SourceLink.GitLab.targets(13,5): message : Reasignación de propiedad: $(SourceControlManagerUrlTranslationTargets)=";TranslateGitHubUrlsInSourceControlInformation;TranslateGitLabUrlsInSourceControlInformation" (valor anterior: ";TranslateGitHubUrlsInSourceControlInformation") en C:\Program Files\dotnet\sdk\9.0.305\Sdks\Microsoft.SourceLink.GitLab\build\Microsoft.SourceLink.GitLab.targets (13,5)
       C:\Program Files\dotnet\sdk\9.0.305\Sdks\Microsoft.SourceLink.AzureRepos.Git\build\Microsoft.SourceLink.AzureRepos.Git.targets(12,5): message : Reasignación de propiedad: $(SourceLinkUrlInitializerTargets)=";_InitializeGitHubSourceLinkUrl;_InitializeGitLabSourceLinkUrl;_InitializeAzureReposGitSourceLinkUrl" (valor anterior: ";_InitializeGitHubSourceLinkUrl;_InitializeGitLabSourceLinkUrl") en C:\Program Files\dotnet\sdk\9.0.305\Sdks\Microsoft.SourceLink.AzureRepos.Git\build\Microsoft.SourceLink.AzureRepos.Git.targets (12,5)
       C:\Program Files\dotnet\sdk\9.0.305\Sdks\Microsoft.SourceLink.AzureRepos.Git\build\Microsoft.SourceLink.AzureRepos.Git.targets(13,5): message : Reasignación de propiedad: $(SourceControlManagerUrlTranslationTargets)=";TranslateGitHubUrlsInSourceControlInformation;TranslateGitLabUrlsInSourceControlInformation;TranslateAzureReposGitUrlsInSourceControlInformation" (valor anterior: ";TranslateGitHubUrlsInSourceControlInformation;TranslateGitLabUrlsInSourceControlInformation") en C:\Program Files\dotnet\sdk\9.0.305\Sdks\Microsoft.SourceLink.AzureRepos.Git\build\Microsoft.SourceLink.AzureRepos.Git.targets (13,5)
       C:\Program Files\dotnet\sdk\9.0.305\Sdks\Microsoft.SourceLink.Bitbucket.Git\build\Microsoft.SourceLink.Bitbucket.Git.targets(12,5): message : Reasignación de propiedad: $(SourceLinkUrlInitializerTargets)=";_InitializeGitHubSourceLinkUrl;_InitializeGitLabSourceLinkUrl;_InitializeAzureReposGitSourceLinkUrl;_InitializeBitbucketGitSourceLinkUrl" (valor anterior: ";_InitializeGitHubSourceLinkUrl;_InitializeGitLabSourceLinkUrl;_InitializeAzureReposGitSourceLinkUrl") en C:\Program Files\dotnet\sdk\9.0.305\Sdks\Microsoft.SourceLink.Bitbucket.Git\build\Microsoft.SourceLink.Bitbucket.Git.targets (12,5)
       C:\Program Files\dotnet\sdk\9.0.305\Sdks\Microsoft.SourceLink.Bitbucket.Git\build\Microsoft.SourceLink.Bitbucket.Git.targets(13,5): message : Reasignación de propiedad: $(SourceControlManagerUrlTranslationTargets)=";TranslateGitHubUrlsInSourceControlInformation;TranslateGitLabUrlsInSourceControlInformation;TranslateAzureReposGitUrlsInSourceControlInformation;TranslateBitbucketGitUrlsInSourceControlInformation" (valor anterior: ";TranslateGitHubUrlsInSourceControlInformation;TranslateGitLabUrlsInSourceControlInformation;TranslateAzureReposGitUrlsInSourceControlInformation") en C:\Program Files\dotnet\sdk\9.0.305\Sdks\Microsoft.SourceLink.Bitbucket.Git\build\Microsoft.SourceLink.Bitbucket.Git.targets (13,5)
       C:\Program Files\dotnet\sdk\9.0.305\Sdks\Microsoft.NET.Sdk\targets\Microsoft.NET.DesignerSupport.targets(21,5): message : Reasignación de propiedad: $(DesignerRuntimeImplementationProjectOutputGroupDependsOn)="
       C:\Program Files\dotnet\sdk\9.0.305\Sdks\Microsoft.NET.Sdk\targets\Microsoft.NET.DesignerSupport.targets(21,5): message :       
       C:\Program Files\dotnet\sdk\9.0.305\Sdks\Microsoft.NET.Sdk\targets\Microsoft.NET.DesignerSupport.targets(21,5): message :       ;
       C:\Program Files\dotnet\sdk\9.0.305\Sdks\Microsoft.NET.Sdk\targets\Microsoft.NET.DesignerSupport.targets(21,5): message :       
       C:\Program Files\dotnet\sdk\9.0.305\Sdks\Microsoft.NET.Sdk\targets\Microsoft.NET.DesignerSupport.targets(21,5): message :       ;
       C:\Program Files\dotnet\sdk\9.0.305\Sdks\Microsoft.NET.Sdk\targets\Microsoft.NET.DesignerSupport.targets(21,5): message :       BuildOnlySettings;
       C:\Program Files\dotnet\sdk\9.0.305\Sdks\Microsoft.NET.Sdk\targets\Microsoft.NET.DesignerSupport.targets(21,5): message :       PrepareForBuild;
       C:\Program Files\dotnet\sdk\9.0.305\Sdks\Microsoft.NET.Sdk\targets\Microsoft.NET.DesignerSupport.targets(21,5): message :       AssignTargetPaths;
       C:\Program Files\dotnet\sdk\9.0.305\Sdks\Microsoft.NET.Sdk\targets\Microsoft.NET.DesignerSupport.targets(21,5): message :       ResolveReferences
       C:\Program Files\dotnet\sdk\9.0.305\Sdks\Microsoft.NET.Sdk\targets\Microsoft.NET.DesignerSupport.targets(21,5): message :     
       C:\Program Files\dotnet\sdk\9.0.305\Sdks\Microsoft.NET.Sdk\targets\Microsoft.NET.DesignerSupport.targets(21,5): message :     ;
       C:\Program Files\dotnet\sdk\9.0.305\Sdks\Microsoft.NET.Sdk\targets\Microsoft.NET.DesignerSupport.targets(21,5): message :       _GenerateDesignerDepsFile;
       C:\Program Files\dotnet\sdk\9.0.305\Sdks\Microsoft.NET.Sdk\targets\Microsoft.NET.DesignerSupport.targets(21,5): message :       _GenerateDesignerRuntimeConfigFile;
       C:\Program Files\dotnet\sdk\9.0.305\Sdks\Microsoft.NET.Sdk\targets\Microsoft.NET.DesignerSupport.targets(21,5): message :       GetCopyToOutputDirectoryItems;
       C:\Program Files\dotnet\sdk\9.0.305\Sdks\Microsoft.NET.Sdk\targets\Microsoft.NET.DesignerSupport.targets(21,5): message :       _GatherDesignerShadowCopyFiles;
       C:\Program Files\dotnet\sdk\9.0.305\Sdks\Microsoft.NET.Sdk\targets\Microsoft.NET.DesignerSupport.targets(21,5): message :     " (valor anterior: "
       C:\Program Files\dotnet\sdk\9.0.305\Sdks\Microsoft.NET.Sdk\targets\Microsoft.NET.DesignerSupport.targets(21,5): message :       ;
       C:\Program Files\dotnet\sdk\9.0.305\Sdks\Microsoft.NET.Sdk\targets\Microsoft.NET.DesignerSupport.targets(21,5): message :       
       C:\Program Files\dotnet\sdk\9.0.305\Sdks\Microsoft.NET.Sdk\targets\Microsoft.NET.DesignerSupport.targets(21,5): message :       ;
       C:\Program Files\dotnet\sdk\9.0.305\Sdks\Microsoft.NET.Sdk\targets\Microsoft.NET.DesignerSupport.targets(21,5): message :       BuildOnlySettings;
       C:\Program Files\dotnet\sdk\9.0.305\Sdks\Microsoft.NET.Sdk\targets\Microsoft.NET.DesignerSupport.targets(21,5): message :       PrepareForBuild;
       C:\Program Files\dotnet\sdk\9.0.305\Sdks\Microsoft.NET.Sdk\targets\Microsoft.NET.DesignerSupport.targets(21,5): message :       AssignTargetPaths;
       C:\Program Files\dotnet\sdk\9.0.305\Sdks\Microsoft.NET.Sdk\targets\Microsoft.NET.DesignerSupport.targets(21,5): message :       ResolveReferences
       C:\Program Files\dotnet\sdk\9.0.305\Sdks\Microsoft.NET.Sdk\targets\Microsoft.NET.DesignerSupport.targets(21,5): message :     
       C:\Program Files\dotnet\sdk\9.0.305\Sdks\Microsoft.NET.Sdk\targets\Microsoft.NET.DesignerSupport.targets(21,5): message :     ") en C:\Program Files\dotnet\sdk\9.0.305\Sdks\Microsoft.NET.Sdk\targets\Microsoft.NET.DesignerSupport.targets (21,5)
       C:\Program Files\dotnet\sdk\9.0.305\Sdks\Microsoft.NET.Sdk\targets\Microsoft.NET.PackTool.targets(68,5): message : Reasignación de propiedad: $(_GenerateToolsSettingsFileCacheFile)="D:\GitHub\Grado\DAM\2DAM\C Sharp\Creacion Componente\RA3_RelojDigital\TestRelojDigital\obj\Debug\net472\TestRelojDigital.toolssettingsinput.cache" (valor anterior: "obj\Debug\net472\TestRelojDigital.toolssettingsinput.cache") en C:\Program Files\dotnet\sdk\9.0.305\Sdks\Microsoft.NET.Sdk\targets\Microsoft.NET.PackTool.targets (68,5)
       C:\Program Files\dotnet\sdk\9.0.305\Sdks\Microsoft.NET.Sdk\targets\Microsoft.NET.PackTool.targets(137,5): message : Reasignación de propiedad: $(_ShimInputCacheFile)="D:\GitHub\Grado\DAM\2DAM\C Sharp\Creacion Componente\RA3_RelojDigital\TestRelojDigital\obj\Debug\net472\TestRelojDigital.shiminput.cache" (valor anterior: "obj\Debug\net472\TestRelojDigital.shiminput.cache") en C:\Program Files\dotnet\sdk\9.0.305\Sdks\Microsoft.NET.Sdk\targets\Microsoft.NET.PackTool.targets (137,5)
       C:\Program Files\dotnet\sdk\9.0.305\Sdks\Microsoft.NET.Sdk\targets\Microsoft.NET.PackTool.targets(139,5): message : Reasignación de propiedad: $(_ShimCreatedSentinelFile)="D:\GitHub\Grado\DAM\2DAM\C Sharp\Creacion Componente\RA3_RelojDigital\TestRelojDigital\obj\Debug\net472\TestRelojDigital.shimcreated.sentinel" (valor anterior: "obj\Debug\net472\TestRelojDigital.shimcreated.sentinel") en C:\Program Files\dotnet\sdk\9.0.305\Sdks\Microsoft.NET.Sdk\targets\Microsoft.NET.PackTool.targets (139,5)
       C:\Program Files\dotnet\sdk\9.0.305\Sdks\Microsoft.NET.Sdk\targets\Microsoft.NET.Sdk.CSharp.targets(31,5): message : Reasignación de propiedad: $(DefineConstants)="TRACE;DEBUG" (valor anterior: "TRACE") en C:\Program Files\dotnet\sdk\9.0.305\Sdks\Microsoft.NET.Sdk\targets\Microsoft.NET.Sdk.CSharp.targets (31,5)
       C:\Program Files\dotnet\sdk\9.0.305\Sdks\Microsoft.NET.Sdk\targets\Microsoft.NET.Sdk.CSharp.targets(34,5): message : Reasignación de propiedad: $(DefineConstants)="TRACE;DEBUG;NETFRAMEWORK;NET472;" (valor anterior: "TRACE;DEBUG") en C:\Program Files\dotnet\sdk\9.0.305\Sdks\Microsoft.NET.Sdk\targets\Microsoft.NET.Sdk.CSharp.targets (34,5)
       C:\Program Files\dotnet\sdk\9.0.305\Sdks\Microsoft.NET.Sdk\targets\Microsoft.NET.Windows.targets(44,5): message : Reasignación de propiedad: $(SupportedOSPlatformVersion)="7.0" (valor anterior: "") en C:\Program Files\dotnet\sdk\9.0.305\Sdks\Microsoft.NET.Sdk\targets\Microsoft.NET.Windows.targets (44,5)
       C:\Program Files\dotnet\sdk\9.0.305\Sdks\Microsoft.NET.Sdk\targets\Microsoft.NET.Windows.targets(45,5): message : Reasignación de propiedad: $(TargetPlatformMinVersion)="7.0" (valor anterior: "") en C:\Program Files\dotnet\sdk\9.0.305\Sdks\Microsoft.NET.Sdk\targets\Microsoft.NET.Windows.targets (45,5)
       C:\Program Files\dotnet\sdk\9.0.305\Sdks\Microsoft.NET.Sdk.WindowsDesktop\targets\Microsoft.NET.Sdk.WindowsDesktop.targets(51,5): message : Reasignación de propiedad: $(_TargetFrameworkVersionValue)="4.7.2" (valor anterior: "0.0") en C:\Program Files\dotnet\sdk\9.0.305\Sdks\Microsoft.NET.Sdk.WindowsDesktop\targets\Microsoft.NET.Sdk.WindowsDesktop.targets (51,5)
       C:\Program Files\dotnet\sdk\9.0.305\Sdks\NuGet.Build.Tasks.Pack\build\NuGet.Build.Tasks.Pack.targets(34,5): message : Reasignación de propiedad: $(PackageDescription)="Package Description" (valor anterior: "") en C:\Program Files\dotnet\sdk\9.0.305\Sdks\NuGet.Build.Tasks.Pack\build\NuGet.Build.Tasks.Pack.targets (34,5)
       C:\Program Files\dotnet\sdk\9.0.305\Sdks\NuGet.Build.Tasks.Pack\build\NuGet.Build.Tasks.Pack.targets(59,5): message : Reasignación de propiedad: $(GenerateNuspecDependsOn)="Build;_LoadPackInputItems; _GetTargetFrameworksOutput; _WalkEachTargetPerFramework; _GetPackageFiles; " (valor anterior: "_LoadPackInputItems; _GetTargetFrameworksOutput; _WalkEachTargetPerFramework; _GetPackageFiles; ") en C:\Program Files\dotnet\sdk\9.0.305\Sdks\NuGet.Build.Tasks.Pack\build\NuGet.Build.Tasks.Pack.targets (59,5)
       C:\Program Files\dotnet\sdk\9.0.305\Sdks\Microsoft.NET.Sdk\Sdk\Sdk.targets(60,5): message : Reasignación de propiedad: $(_IsNotSetContainersTargetsDir)="true" (valor anterior: "false") en C:\Program Files\dotnet\sdk\9.0.305\Sdks\Microsoft.NET.Sdk\Sdk\Sdk.targets (60,5)
       C:\Program Files\dotnet\sdk\9.0.305\Containers\build\Microsoft.NET.Build.Containers.targets(5,5): message : Reasignación de propiedad: $(_IsSDKContainerAllowedVersion)="true" (valor anterior: "false") en C:\Program Files\dotnet\sdk\9.0.305\Containers\build\Microsoft.NET.Build.Containers.targets (5,5)
       C:\Program Files\dotnet\sdk\9.0.305\Sdks\Microsoft.NET.Sdk\targets\Microsoft.NET.TargetFrameworkInference.targets(69,5): message : Reasignación de propiedad: $(TargetPlatformVersion)="" (valor anterior: "0.0") en C:\Program Files\dotnet\sdk\9.0.305\Sdks\Microsoft.NET.Sdk\targets\Microsoft.NET.TargetFrameworkInference.targets (69,5)
       C:\Program Files\dotnet\sdk\9.0.305\Sdks\Microsoft.NET.Sdk\targets\Microsoft.NET.DefaultOutputPaths.targets(122,5): message : Reasignación de propiedad: $(DefaultItemExcludes)=";bin\Debug\/**;obj\Debug\/**" (valor anterior: ";bin\Debug\/**") en C:\Program Files\dotnet\sdk\9.0.305\Sdks\Microsoft.NET.Sdk\targets\Microsoft.NET.DefaultOutputPaths.targets (122,5)
       C:\Program Files\dotnet\sdk\9.0.305\Sdks\Microsoft.NET.Sdk\targets\Microsoft.NET.DefaultOutputPaths.targets(137,5): message : Reasignación de propiedad: $(OutputPath)="bin\Debug\net472\" (valor anterior: "bin\Debug\") en C:\Program Files\dotnet\sdk\9.0.305\Sdks\Microsoft.NET.Sdk\targets\Microsoft.NET.DefaultOutputPaths.targets (137,5)
       C:\Program Files\dotnet\sdk\9.0.305\Sdks\Microsoft.NET.Sdk\targets\Microsoft.NET.DefaultOutputPaths.targets(142,5): message : Reasignación de propiedad: $(IntermediateOutputPath)="obj\Debug\net472\" (valor anterior: "obj\Debug\") en C:\Program Files\dotnet\sdk\9.0.305\Sdks\Microsoft.NET.Sdk\targets\Microsoft.NET.DefaultOutputPaths.targets (142,5)
       Invalidando el destino "GetFrameworkPaths" del proyecto"C:\Program Files\dotnet\sdk\9.0.305\Microsoft.Common.CurrentVersion.targets" con el destino "GetFrameworkPaths" del proyecto "C:\Program Files\dotnet\sdk\9.0.305\Microsoft.NETFramework.CurrentVersion.targets".
       Invalidando el destino "ResolveFrameworkReferences" del proyecto"C:\Program Files\dotnet\sdk\9.0.305\Microsoft.Common.CurrentVersion.targets" con el destino "ResolveFrameworkReferences" del proyecto "C:\Program Files\dotnet\sdk\9.0.305\Sdks\Microsoft.NET.Sdk\targets\Microsoft.NET.Sdk.FrameworkReferenceResolution.targets".
       Invalidando el destino "Run" del proyecto"C:\Program Files\dotnet\sdk\9.0.305\Microsoft.Common.CurrentVersion.targets" con el destino "Run" del proyecto "C:\Program Files\dotnet\sdk\9.0.305\Sdks\Microsoft.NET.Sdk\targets\Microsoft.NET.Sdk.targets".
       Invalidando el destino "GenerateSupportedTargetFrameworkAlias" del proyecto"C:\Program Files\dotnet\sdk\9.0.305\Microsoft.Common.CurrentVersion.targets" con el destino "GenerateSupportedTargetFrameworkAlias" del proyecto "C:\Program Files\dotnet\sdk\9.0.305\Sdks\Microsoft.NET.Sdk\targets\Microsoft.NET.Sdk.targets".
       Invalidando el destino "DesignerRuntimeImplementationProjectOutputGroup" del proyecto"C:\Program Files\dotnet\sdk\9.0.305\Microsoft.Common.CurrentVersion.targets" con el destino "DesignerRuntimeImplementationProjectOutputGroup" del proyecto "C:\Program Files\dotnet\sdk\9.0.305\Sdks\Microsoft.NET.Sdk\targets\Microsoft.NET.DesignerSupport.targets".
       Invalidando el destino "Publish" del proyecto"C:\Program Files\dotnet\sdk\9.0.305\Microsoft.Common.CurrentVersion.targets" con el destino "Publish" del proyecto "C:\Program Files\dotnet\sdk\9.0.305\Sdks\Microsoft.NET.Sdk\targets\Microsoft.NET.Publish.targets".
       Invalidando el destino "ResolveReadyToRunCompilers" del proyecto"C:\Program Files\dotnet\sdk\9.0.305\Sdks\Microsoft.NET.Sdk\targets\Microsoft.NET.CrossGen.targets" con el destino "ResolveReadyToRunCompilers" del proyecto "C:\Program Files\dotnet\sdk\9.0.305\Sdks\Microsoft.NET.Sdk\targets\Microsoft.NET.Publish.targets".
       Invalidando el destino "GetCopyToPublishDirectoryItems" del proyecto"C:\Program Files\dotnet\sdk\9.0.305\Microsoft.Common.CurrentVersion.targets" con el destino "GetCopyToPublishDirectoryItems" del proyecto "C:\Program Files\dotnet\sdk\9.0.305\Sdks\Microsoft.NET.Sdk\targets\Microsoft.NET.Publish.targets".
       C:\Program Files\dotnet\sdk\9.0.305\Sdks\Microsoft.NET.Sdk\targets\Microsoft.NET.Sdk.BeforeCommon.targets(189,5): message : Reasignación de propiedad: $(_FrameworkIdentifierForImplicitDefine)="NET" (valor anterior: "NETFRAMEWORK") en C:\Program Files\dotnet\sdk\9.0.305\Sdks\Microsoft.NET.Sdk\targets\Microsoft.NET.Sdk.BeforeCommon.targets (189,5)
       C:\Program Files\dotnet\sdk\9.0.305\Sdks\Microsoft.NET.Sdk\targets\Microsoft.NET.Sdk.BeforeCommon.targets(192,5): message : Reasignación de propiedad: $(_FrameworkVersionForImplicitDefine)="4_7_2" (valor anterior: "4.7.2") en C:\Program Files\dotnet\sdk\9.0.305\Sdks\Microsoft.NET.Sdk\targets\Microsoft.NET.Sdk.BeforeCommon.targets (192,5)
       C:\Program Files\dotnet\sdk\9.0.305\Sdks\Microsoft.NET.Sdk\targets\Microsoft.NET.Sdk.BeforeCommon.targets(193,5): message : Reasignación de propiedad: $(_FrameworkVersionForImplicitDefine)="472" (valor anterior: "4_7_2") en C:\Program Files\dotnet\sdk\9.0.305\Sdks\Microsoft.NET.Sdk\targets\Microsoft.NET.Sdk.BeforeCommon.targets (193,5)
     1>El proyecto "D:\GitHub\Grado\DAM\2DAM\C Sharp\Creacion Componente\RA3_RelojDigital\RA3_RelojDigital.sln" (1) está compilando "D:\GitHub\Grado\DAM\2DAM\C Sharp\Creacion Componente\RA3_RelojDigital\TestRelojDigital\TestRelojDigital.csproj" (2) en el nodo 2 (_IsProjectRestoreSupported destinos).
     2>Destino "_IsProjectRestoreSupported" en el archivo "C:\Program Files\dotnet\sdk\9.0.305\NuGet.targets" del proyecto "D:\GitHub\Grado\DAM\2DAM\C Sharp\Creacion Componente\RA3_RelojDigital\TestRelojDigital\TestRelojDigital.csproj" (punto de entrada):
     2>Compilación terminada del destino "_IsProjectRestoreSupported" en el proyecto "TestRelojDigital.csproj".
     2>Compilación del proyecto terminada "D:\GitHub\Grado\DAM\2DAM\C Sharp\Creacion Componente\RA3_RelojDigital\TestRelojDigital\TestRelojDigital.csproj" (_IsProjectRestoreSupported destinos).
     0>C:\Program Files\dotnet\sdk\9.0.305\Roslyn\Microsoft.CSharp.Core.targets(200,5): message : Reasignación de propiedad: $(CommandLineArgsForDesignTimeEvaluation)="-langversion:7.3 -define:TRACE" (valor anterior: "-langversion:7.3") en C:\Program Files\dotnet\sdk\9.0.305\Roslyn\Microsoft.CSharp.Core.targets (200,5)
       C:\Program Files\dotnet\sdk\9.0.305\Microsoft.NETFramework.CurrentVersion.props(117,5): message : Reasignación de propiedad: $(AvailablePlatforms)="Any CPU,x86,x64,ARM64" (valor anterior: "Any CPU,x86,x64") en C:\Program Files\dotnet\sdk\9.0.305\Microsoft.NETFramework.CurrentVersion.props (117,5)
       C:\Program Files\dotnet\sdk\9.0.305\Microsoft.Common.CurrentVersion.targets(89,5): message : Reasignación de propiedad: $(TargetPlatformIdentifier)="Windows" (valor anterior: "") en C:\Program Files\dotnet\sdk\9.0.305\Microsoft.Common.CurrentVersion.targets (89,5)
       C:\Program Files\dotnet\sdk\9.0.305\Microsoft.Common.CurrentVersion.targets(90,5): message : Reasignación de propiedad: $(TargetPlatformVersion)="7.0" (valor anterior: "") en C:\Program Files\dotnet\sdk\9.0.305\Microsoft.Common.CurrentVersion.targets (90,5)
       La propiedad "Platform" es global y no se puede modificar.
       La propiedad "Configuration" es global y no se puede modificar.
       C:\Program Files\dotnet\sdk\9.0.305\Microsoft.Common.CurrentVersion.targets(175,5): message : Reasignación de propiedad: $(_DebugSymbolsProduced)="true" (valor anterior: "false") en C:\Program Files\dotnet\sdk\9.0.305\Microsoft.Common.CurrentVersion.targets (175,5)
       C:\Program Files\dotnet\sdk\9.0.305\Microsoft.Common.CurrentVersion.targets(185,5): message : Reasignación de propiedad: $(_DocumentationFileProduced)="false" (valor anterior: "true") en C:\Program Files\dotnet\sdk\9.0.305\Microsoft.Common.CurrentVersion.targets (185,5)
       La propiedad "SolutionName" es global y no se puede modificar.
       La propiedad "SolutionFileName" es global y no se puede modificar.
       La propiedad "SolutionPath" es global y no se puede modificar.
       La propiedad "SolutionDir" es global y no se puede modificar.
       La propiedad "SolutionExt" es global y no se puede modificar.
       C:\Program Files\dotnet\sdk\9.0.305\Microsoft.Common.CurrentVersion.targets(392,5): message : Reasignación de propiedad: $(MSBuildCopyMarkerName)="MisCompo.934CF984" (valor anterior: "MisComponentesLib.csproj") en C:\Program Files\dotnet\sdk\9.0.305\Microsoft.Common.CurrentVersion.targets (392,5)
       C:\Program Files\dotnet\sdk\9.0.305\Microsoft.Common.CurrentVersion.targets(393,5): message : Reasignación de propiedad: $(MSBuildCopyMarkerName)="MisCompo.934CF984.Up2Date" (valor anterior: "MisCompo.934CF984") en C:\Program Files\dotnet\sdk\9.0.305\Microsoft.Common.CurrentVersion.targets (393,5)
       C:\Program Files\dotnet\sdk\9.0.305\Microsoft.Common.CurrentVersion.targets(541,5): message : Reasignación de propiedad: $(ProcessorArchitecture)="msil" (valor anterior: "") en C:\Program Files\dotnet\sdk\9.0.305\Microsoft.Common.CurrentVersion.targets (541,5)
       C:\Program Files\dotnet\sdk\9.0.305\Microsoft.Common.CurrentVersion.targets(580,5): message : Reasignación de propiedad: $(DelaySign)="" (valor anterior: "false") en C:\Program Files\dotnet\sdk\9.0.305\Microsoft.Common.CurrentVersion.targets (580,5)
       C:\Program Files\dotnet\sdk\9.0.305\Microsoft.Common.CurrentVersion.targets(2619,5): message : Propiedad "LOCALAPPDATA" con el valor "C:\Users\danielgarbru\AppData\Local" expandido desde el entorno.
       C:\Program Files\dotnet\sdk\9.0.305\Microsoft.Common.CurrentVersion.targets(3947,5): message : Reasignación de propiedad: $(_SGenGenerateSerializationAssembliesConfig)="Auto" (valor anterior: "") en C:\Program Files\dotnet\sdk\9.0.305\Microsoft.Common.CurrentVersion.targets (3947,5)
       C:\Program Files\dotnet\sdk\9.0.305\Microsoft.Common.CurrentVersion.targets(3948,5): message : Reasignación de propiedad: $(_SGenGenerateSerializationAssembliesConfig)="Off" (valor anterior: "Auto") en C:\Program Files\dotnet\sdk\9.0.305\Microsoft.Common.CurrentVersion.targets (3948,5)
       C:\Program Files\dotnet\sdk\9.0.305\Microsoft.Common.CurrentVersion.targets(5159,5): message : Reasignación de propiedad: $(_TargetsThatPrepareProjectReferences)="
       C:\Program Files\dotnet\sdk\9.0.305\Microsoft.Common.CurrentVersion.targets(5159,5): message :       AssignProjectConfiguration;
       C:\Program Files\dotnet\sdk\9.0.305\Microsoft.Common.CurrentVersion.targets(5159,5): message :       _SplitProjectReferencesByFileExistence
       C:\Program Files\dotnet\sdk\9.0.305\Microsoft.Common.CurrentVersion.targets(5159,5): message :     " (valor anterior: "_SplitProjectReferencesByFileExistence") en C:\Program Files\dotnet\sdk\9.0.305\Microsoft.Common.CurrentVersion.targets (5159,5)
       C:\Program Files\dotnet\sdk\9.0.305\Microsoft.Common.CurrentVersion.targets(6954,5): message : Propiedad "MSBuildExtensionsPath32" con el valor "C:\Program Files\dotnet\sdk\9.0.305" expandido desde el entorno.
       C:\Program Files\dotnet\sdk\9.0.305\Microsoft.NETFramework.CurrentVersion.targets(74,5): message : Reasignación de propiedad: $(ResolveReferencesDependsOn)="
       C:\Program Files\dotnet\sdk\9.0.305\Microsoft.NETFramework.CurrentVersion.targets(74,5): message :       
       C:\Program Files\dotnet\sdk\9.0.305\Microsoft.NETFramework.CurrentVersion.targets(74,5): message :       BeforeResolveReferences;
       C:\Program Files\dotnet\sdk\9.0.305\Microsoft.NETFramework.CurrentVersion.targets(74,5): message :       AssignProjectConfiguration;
       C:\Program Files\dotnet\sdk\9.0.305\Microsoft.NETFramework.CurrentVersion.targets(74,5): message :       ResolveProjectReferences;
       C:\Program Files\dotnet\sdk\9.0.305\Microsoft.NETFramework.CurrentVersion.targets(74,5): message :       FindInvalidProjectReferences;
       C:\Program Files\dotnet\sdk\9.0.305\Microsoft.NETFramework.CurrentVersion.targets(74,5): message :       ResolveNativeReferences;
       C:\Program Files\dotnet\sdk\9.0.305\Microsoft.NETFramework.CurrentVersion.targets(74,5): message :       ResolveAssemblyReferences;
       C:\Program Files\dotnet\sdk\9.0.305\Microsoft.NETFramework.CurrentVersion.targets(74,5): message :       GenerateBindingRedirects;
       C:\Program Files\dotnet\sdk\9.0.305\Microsoft.NETFramework.CurrentVersion.targets(74,5): message :       GenerateBindingRedirectsUpdateAppConfig;
       C:\Program Files\dotnet\sdk\9.0.305\Microsoft.NETFramework.CurrentVersion.targets(74,5): message :       ResolveComReferences;
       C:\Program Files\dotnet\sdk\9.0.305\Microsoft.NETFramework.CurrentVersion.targets(74,5): message :       AfterResolveReferences
       C:\Program Files\dotnet\sdk\9.0.305\Microsoft.NETFramework.CurrentVersion.targets(74,5): message :     ;
       C:\Program Files\dotnet\sdk\9.0.305\Microsoft.NETFramework.CurrentVersion.targets(74,5): message :       ImplicitlyExpandDesignTimeFacades
       C:\Program Files\dotnet\sdk\9.0.305\Microsoft.NETFramework.CurrentVersion.targets(74,5): message :     " (valor anterior: "
       C:\Program Files\dotnet\sdk\9.0.305\Microsoft.NETFramework.CurrentVersion.targets(74,5): message :       BeforeResolveReferences;
       C:\Program Files\dotnet\sdk\9.0.305\Microsoft.NETFramework.CurrentVersion.targets(74,5): message :       AssignProjectConfiguration;
       C:\Program Files\dotnet\sdk\9.0.305\Microsoft.NETFramework.CurrentVersion.targets(74,5): message :       ResolveProjectReferences;
       C:\Program Files\dotnet\sdk\9.0.305\Microsoft.NETFramework.CurrentVersion.targets(74,5): message :       FindInvalidProjectReferences;
       C:\Program Files\dotnet\sdk\9.0.305\Microsoft.NETFramework.CurrentVersion.targets(74,5): message :       ResolveNativeReferences;
       C:\Program Files\dotnet\sdk\9.0.305\Microsoft.NETFramework.CurrentVersion.targets(74,5): message :       ResolveAssemblyReferences;
       C:\Program Files\dotnet\sdk\9.0.305\Microsoft.NETFramework.CurrentVersion.targets(74,5): message :       GenerateBindingRedirects;
       C:\Program Files\dotnet\sdk\9.0.305\Microsoft.NETFramework.CurrentVersion.targets(74,5): message :       GenerateBindingRedirectsUpdateAppConfig;
       C:\Program Files\dotnet\sdk\9.0.305\Microsoft.NETFramework.CurrentVersion.targets(74,5): message :       ResolveComReferences;
       C:\Program Files\dotnet\sdk\9.0.305\Microsoft.NETFramework.CurrentVersion.targets(74,5): message :       AfterResolveReferences
       C:\Program Files\dotnet\sdk\9.0.305\Microsoft.NETFramework.CurrentVersion.targets(74,5): message :     ") en C:\Program Files\dotnet\sdk\9.0.305\Microsoft.NETFramework.CurrentVersion.targets (74,5)
       La propiedad "_RestoreSolutionFileUsed" es global y no se puede modificar.
       C:\Program Files\dotnet\sdk\9.0.305\NuGet.targets(112,5): message : Reasignación de propiedad: $(_GenerateRestoreGraphProjectEntryInputProperties)="
       C:\Program Files\dotnet\sdk\9.0.305\NuGet.targets(112,5): message :       ExcludeRestorePackageImports=true;
       C:\Program Files\dotnet\sdk\9.0.305\NuGet.targets(112,5): message :       _RestoreSolutionFileUsed=true;
       C:\Program Files\dotnet\sdk\9.0.305\NuGet.targets(112,5): message :       SolutionDir=D:\GitHub\Grado\DAM\2DAM\C Sharp\Creacion Componente\RA3_RelojDigital\;
       C:\Program Files\dotnet\sdk\9.0.305\NuGet.targets(112,5): message :       SolutionName=RA3_RelojDigital;
       C:\Program Files\dotnet\sdk\9.0.305\NuGet.targets(112,5): message :       SolutionFileName=RA3_RelojDigital.sln;
       C:\Program Files\dotnet\sdk\9.0.305\NuGet.targets(112,5): message :       SolutionPath=D:\GitHub\Grado\DAM\2DAM\C Sharp\Creacion Componente\RA3_RelojDigital\RA3_RelojDigital.sln;
       C:\Program Files\dotnet\sdk\9.0.305\NuGet.targets(112,5): message :       SolutionExt=.sln;
       C:\Program Files\dotnet\sdk\9.0.305\NuGet.targets(112,5): message :     " (valor anterior: "ExcludeRestorePackageImports=true") en C:\Program Files\dotnet\sdk\9.0.305\NuGet.targets (112,5)
       C:\Program Files\dotnet\sdk\9.0.305\Sdks\Microsoft.NET.Sdk\targets\Microsoft.PackageDependencyResolution.targets(24,5): message : Reasignación de propiedad: $(ProjectAssetsFile)="D:\GitHub\Grado\DAM\2DAM\C Sharp\Creacion Componente\RA3_RelojDigital\MisComponentesLib\obj\project.assets.json" (valor anterior: "D:\GitHub\Grado\DAM\2DAM\C Sharp\Creacion Componente\RA3_RelojDigital\MisComponentesLib\obj\/project.assets.json") en C:\Program Files\dotnet\sdk\9.0.305\Sdks\Microsoft.NET.Sdk\targets\Microsoft.PackageDependencyResolution.targets (24,5)
       C:\Program Files\dotnet\sdk\9.0.305\Sdks\Microsoft.NET.Sdk\targets\Microsoft.PackageDependencyResolution.targets(29,5): message : Reasignación de propiedad: $(ProjectAssetsCacheFile)="D:\GitHub\Grado\DAM\2DAM\C Sharp\Creacion Componente\RA3_RelojDigital\MisComponentesLib\obj\Debug\net472\MisComponentesLib.assets.cache" (valor anterior: "obj\Debug\net472\MisComponentesLib.assets.cache") en C:\Program Files\dotnet\sdk\9.0.305\Sdks\Microsoft.NET.Sdk\targets\Microsoft.PackageDependencyResolution.targets (29,5)
       C:\Program Files\dotnet\sdk\9.0.305\Sdks\Microsoft.NET.Sdk\targets\Microsoft.PackageDependencyResolution.targets(80,5): message : Reasignación de propiedad: $(ResolveAssemblyReferencesDependsOn)="
       C:\Program Files\dotnet\sdk\9.0.305\Sdks\Microsoft.NET.Sdk\targets\Microsoft.PackageDependencyResolution.targets(80,5): message :       
       C:\Program Files\dotnet\sdk\9.0.305\Sdks\Microsoft.NET.Sdk\targets\Microsoft.PackageDependencyResolution.targets(80,5): message :       ResolveProjectReferences;
       C:\Program Files\dotnet\sdk\9.0.305\Sdks\Microsoft.NET.Sdk\targets\Microsoft.PackageDependencyResolution.targets(80,5): message :       FindInvalidProjectReferences;
       C:\Program Files\dotnet\sdk\9.0.305\Sdks\Microsoft.NET.Sdk\targets\Microsoft.PackageDependencyResolution.targets(80,5): message :       GetFrameworkPaths;
       C:\Program Files\dotnet\sdk\9.0.305\Sdks\Microsoft.NET.Sdk\targets\Microsoft.PackageDependencyResolution.targets(80,5): message :       GetReferenceAssemblyPaths;
       C:\Program Files\dotnet\sdk\9.0.305\Sdks\Microsoft.NET.Sdk\targets\Microsoft.PackageDependencyResolution.targets(80,5): message :       PrepareForBuild;
       C:\Program Files\dotnet\sdk\9.0.305\Sdks\Microsoft.NET.Sdk\targets\Microsoft.PackageDependencyResolution.targets(80,5): message :       ResolveSDKReferences;
       C:\Program Files\dotnet\sdk\9.0.305\Sdks\Microsoft.NET.Sdk\targets\Microsoft.PackageDependencyResolution.targets(80,5): message :       ExpandSDKReferences;
       C:\Program Files\dotnet\sdk\9.0.305\Sdks\Microsoft.NET.Sdk\targets\Microsoft.PackageDependencyResolution.targets(80,5): message :     ;
       C:\Program Files\dotnet\sdk\9.0.305\Sdks\Microsoft.NET.Sdk\targets\Microsoft.PackageDependencyResolution.targets(80,5): message :       ResolvePackageDependenciesForBuild;
       C:\Program Files\dotnet\sdk\9.0.305\Sdks\Microsoft.NET.Sdk\targets\Microsoft.PackageDependencyResolution.targets(80,5): message :       _HandlePackageFileConflicts;
       C:\Program Files\dotnet\sdk\9.0.305\Sdks\Microsoft.NET.Sdk\targets\Microsoft.PackageDependencyResolution.targets(80,5): message :     " (valor anterior: "
       C:\Program Files\dotnet\sdk\9.0.305\Sdks\Microsoft.NET.Sdk\targets\Microsoft.PackageDependencyResolution.targets(80,5): message :       ResolveProjectReferences;
       C:\Program Files\dotnet\sdk\9.0.305\Sdks\Microsoft.NET.Sdk\targets\Microsoft.PackageDependencyResolution.targets(80,5): message :       FindInvalidProjectReferences;
       C:\Program Files\dotnet\sdk\9.0.305\Sdks\Microsoft.NET.Sdk\targets\Microsoft.PackageDependencyResolution.targets(80,5): message :       GetFrameworkPaths;
       C:\Program Files\dotnet\sdk\9.0.305\Sdks\Microsoft.NET.Sdk\targets\Microsoft.PackageDependencyResolution.targets(80,5): message :       GetReferenceAssemblyPaths;
       C:\Program Files\dotnet\sdk\9.0.305\Sdks\Microsoft.NET.Sdk\targets\Microsoft.PackageDependencyResolution.targets(80,5): message :       PrepareForBuild;
       C:\Program Files\dotnet\sdk\9.0.305\Sdks\Microsoft.NET.Sdk\targets\Microsoft.PackageDependencyResolution.targets(80,5): message :       ResolveSDKReferences;
       C:\Program Files\dotnet\sdk\9.0.305\Sdks\Microsoft.NET.Sdk\targets\Microsoft.PackageDependencyResolution.targets(80,5): message :       ExpandSDKReferences;
       C:\Program Files\dotnet\sdk\9.0.305\Sdks\Microsoft.NET.Sdk\targets\Microsoft.PackageDependencyResolution.targets(80,5): message :     ") en C:\Program Files\dotnet\sdk\9.0.305\Sdks\Microsoft.NET.Sdk\targets\Microsoft.PackageDependencyResolution.targets (80,5)
       C:\Program Files\dotnet\sdk\9.0.305\Sdks\Microsoft.NET.Sdk\targets\Microsoft.PackageDependencyResolution.targets(86,5): message : Reasignación de propiedad: $(PrepareResourcesDependsOn)="
       C:\Program Files\dotnet\sdk\9.0.305\Sdks\Microsoft.NET.Sdk\targets\Microsoft.PackageDependencyResolution.targets(86,5): message :       ResolvePackageDependenciesForBuild;
       C:\Program Files\dotnet\sdk\9.0.305\Sdks\Microsoft.NET.Sdk\targets\Microsoft.PackageDependencyResolution.targets(86,5): message :       _HandlePackageFileConflicts;
       C:\Program Files\dotnet\sdk\9.0.305\Sdks\Microsoft.NET.Sdk\targets\Microsoft.PackageDependencyResolution.targets(86,5): message :       
       C:\Program Files\dotnet\sdk\9.0.305\Sdks\Microsoft.NET.Sdk\targets\Microsoft.PackageDependencyResolution.targets(86,5): message :       ;
       C:\Program Files\dotnet\sdk\9.0.305\Sdks\Microsoft.NET.Sdk\targets\Microsoft.PackageDependencyResolution.targets(86,5): message :       PrepareResourceNames;
       C:\Program Files\dotnet\sdk\9.0.305\Sdks\Microsoft.NET.Sdk\targets\Microsoft.PackageDependencyResolution.targets(86,5): message :       ResGen;
       C:\Program Files\dotnet\sdk\9.0.305\Sdks\Microsoft.NET.Sdk\targets\Microsoft.PackageDependencyResolution.targets(86,5): message :       CompileLicxFiles
       C:\Program Files\dotnet\sdk\9.0.305\Sdks\Microsoft.NET.Sdk\targets\Microsoft.PackageDependencyResolution.targets(86,5): message :     
       C:\Program Files\dotnet\sdk\9.0.305\Sdks\Microsoft.NET.Sdk\targets\Microsoft.PackageDependencyResolution.targets(86,5): message :     " (valor anterior: "
       C:\Program Files\dotnet\sdk\9.0.305\Sdks\Microsoft.NET.Sdk\targets\Microsoft.PackageDependencyResolution.targets(86,5): message :       ;
       C:\Program Files\dotnet\sdk\9.0.305\Sdks\Microsoft.NET.Sdk\targets\Microsoft.PackageDependencyResolution.targets(86,5): message :       PrepareResourceNames;
       C:\Program Files\dotnet\sdk\9.0.305\Sdks\Microsoft.NET.Sdk\targets\Microsoft.PackageDependencyResolution.targets(86,5): message :       ResGen;
       C:\Program Files\dotnet\sdk\9.0.305\Sdks\Microsoft.NET.Sdk\targets\Microsoft.PackageDependencyResolution.targets(86,5): message :       CompileLicxFiles
       C:\Program Files\dotnet\sdk\9.0.305\Sdks\Microsoft.NET.Sdk\targets\Microsoft.PackageDependencyResolution.targets(86,5): message :     ") en C:\Program Files\dotnet\sdk\9.0.305\Sdks\Microsoft.NET.Sdk\targets\Microsoft.PackageDependencyResolution.targets (86,5)
       C:\Program Files\dotnet\sdk\9.0.305\Sdks\Microsoft.NET.Sdk\targets\Microsoft.NET.Sdk.DefaultItems.targets(27,5): message : Reasignación de propiedad: $(DefaultItemExcludes)=";bin\Debug\/**;obj\Debug\/**;bin\/**" (valor anterior: ";bin\Debug\/**;obj\Debug\/**") en C:\Program Files\dotnet\sdk\9.0.305\Sdks\Microsoft.NET.Sdk\targets\Microsoft.NET.Sdk.DefaultItems.targets (27,5)
       C:\Program Files\dotnet\sdk\9.0.305\Sdks\Microsoft.NET.Sdk\targets\Microsoft.NET.Sdk.DefaultItems.targets(29,5): message : Reasignación de propiedad: $(DefaultItemExcludes)=";bin\Debug\/**;obj\Debug\/**;bin\/**;obj\/**" (valor anterior: ";bin\Debug\/**;obj\Debug\/**;bin\/**") en C:\Program Files\dotnet\sdk\9.0.305\Sdks\Microsoft.NET.Sdk\targets\Microsoft.NET.Sdk.DefaultItems.targets (29,5)
       C:\Program Files\dotnet\sdk\9.0.305\Sdks\Microsoft.NET.Sdk\targets\Microsoft.NET.Sdk.DefaultItems.targets(32,5): message : Reasignación de propiedad: $(DefaultItemExcludes)=";bin\Debug\/**;obj\Debug\/**;bin\/**;obj\/**;**/*.user" (valor anterior: ";bin\Debug\/**;obj\Debug\/**;bin\/**;obj\/**") en C:\Program Files\dotnet\sdk\9.0.305\Sdks\Microsoft.NET.Sdk\targets\Microsoft.NET.Sdk.DefaultItems.targets (32,5)
       C:\Program Files\dotnet\sdk\9.0.305\Sdks\Microsoft.NET.Sdk\targets\Microsoft.NET.Sdk.DefaultItems.targets(33,5): message : Reasignación de propiedad: $(DefaultItemExcludes)=";bin\Debug\/**;obj\Debug\/**;bin\/**;obj\/**;**/*.user;**/*.*proj" (valor anterior: ";bin\Debug\/**;obj\Debug\/**;bin\/**;obj\/**;**/*.user") en C:\Program Files\dotnet\sdk\9.0.305\Sdks\Microsoft.NET.Sdk\targets\Microsoft.NET.Sdk.DefaultItems.targets (33,5)
       C:\Program Files\dotnet\sdk\9.0.305\Sdks\Microsoft.NET.Sdk\targets\Microsoft.NET.Sdk.DefaultItems.targets(34,5): message : Reasignación de propiedad: $(DefaultItemExcludes)=";bin\Debug\/**;obj\Debug\/**;bin\/**;obj\/**;**/*.user;**/*.*proj;**/*.sln" (valor anterior: ";bin\Debug\/**;obj\Debug\/**;bin\/**;obj\/**;**/*.user;**/*.*proj") en C:\Program Files\dotnet\sdk\9.0.305\Sdks\Microsoft.NET.Sdk\targets\Microsoft.NET.Sdk.DefaultItems.targets (34,5)
       C:\Program Files\dotnet\sdk\9.0.305\Sdks\Microsoft.NET.Sdk\targets\Microsoft.NET.Sdk.DefaultItems.targets(35,5): message : Reasignación de propiedad: $(DefaultItemExcludes)=";bin\Debug\/**;obj\Debug\/**;bin\/**;obj\/**;**/*.user;**/*.*proj;**/*.sln;**/*.slnx" (valor anterior: ";bin\Debug\/**;obj\Debug\/**;bin\/**;obj\/**;**/*.user;**/*.*proj;**/*.sln") en C:\Program Files\dotnet\sdk\9.0.305\Sdks\Microsoft.NET.Sdk\targets\Microsoft.NET.Sdk.DefaultItems.targets (35,5)
       C:\Program Files\dotnet\sdk\9.0.305\Sdks\Microsoft.NET.Sdk\targets\Microsoft.NET.Sdk.DefaultItems.targets(36,5): message : Reasignación de propiedad: $(DefaultItemExcludes)=";bin\Debug\/**;obj\Debug\/**;bin\/**;obj\/**;**/*.user;**/*.*proj;**/*.sln;**/*.slnx;**/*.vssscc" (valor anterior: ";bin\Debug\/**;obj\Debug\/**;bin\/**;obj\/**;**/*.user;**/*.*proj;**/*.sln;**/*.slnx") en C:\Program Files\dotnet\sdk\9.0.305\Sdks\Microsoft.NET.Sdk\targets\Microsoft.NET.Sdk.DefaultItems.targets (36,5)
       C:\Program Files\dotnet\sdk\9.0.305\Sdks\Microsoft.NET.Sdk\targets\Microsoft.NET.Sdk.DefaultItems.targets(37,5): message : Reasignación de propiedad: $(DefaultItemExcludes)=";bin\Debug\/**;obj\Debug\/**;bin\/**;obj\/**;**/*.user;**/*.*proj;**/*.sln;**/*.slnx;**/*.vssscc;**/.DS_Store" (valor anterior: ";bin\Debug\/**;obj\Debug\/**;bin\/**;obj\/**;**/*.user;**/*.*proj;**/*.sln;**/*.slnx;**/*.vssscc") en C:\Program Files\dotnet\sdk\9.0.305\Sdks\Microsoft.NET.Sdk\targets\Microsoft.NET.Sdk.DefaultItems.targets (37,5)
       C:\Program Files\dotnet\sdk\9.0.305\Sdks\Microsoft.NET.Sdk\targets\Microsoft.NET.Sdk.FrameworkReferenceResolution.targets(14,5): message : Reasignación de propiedad: $(ResolveAssemblyReferencesDependsOn)="
       C:\Program Files\dotnet\sdk\9.0.305\Sdks\Microsoft.NET.Sdk\targets\Microsoft.NET.Sdk.FrameworkReferenceResolution.targets(14,5): message :       
       C:\Program Files\dotnet\sdk\9.0.305\Sdks\Microsoft.NET.Sdk\targets\Microsoft.NET.Sdk.FrameworkReferenceResolution.targets(14,5): message :       
       C:\Program Files\dotnet\sdk\9.0.305\Sdks\Microsoft.NET.Sdk\targets\Microsoft.NET.Sdk.FrameworkReferenceResolution.targets(14,5): message :       ResolveProjectReferences;
       C:\Program Files\dotnet\sdk\9.0.305\Sdks\Microsoft.NET.Sdk\targets\Microsoft.NET.Sdk.FrameworkReferenceResolution.targets(14,5): message :       FindInvalidProjectReferences;
       C:\Program Files\dotnet\sdk\9.0.305\Sdks\Microsoft.NET.Sdk\targets\Microsoft.NET.Sdk.FrameworkReferenceResolution.targets(14,5): message :       GetFrameworkPaths;
       C:\Program Files\dotnet\sdk\9.0.305\Sdks\Microsoft.NET.Sdk\targets\Microsoft.NET.Sdk.FrameworkReferenceResolution.targets(14,5): message :       GetReferenceAssemblyPaths;
       C:\Program Files\dotnet\sdk\9.0.305\Sdks\Microsoft.NET.Sdk\targets\Microsoft.NET.Sdk.FrameworkReferenceResolution.targets(14,5): message :       PrepareForBuild;
       C:\Program Files\dotnet\sdk\9.0.305\Sdks\Microsoft.NET.Sdk\targets\Microsoft.NET.Sdk.FrameworkReferenceResolution.targets(14,5): message :       ResolveSDKReferences;
       C:\Program Files\dotnet\sdk\9.0.305\Sdks\Microsoft.NET.Sdk\targets\Microsoft.NET.Sdk.FrameworkReferenceResolution.targets(14,5): message :       ExpandSDKReferences;
       C:\Program Files\dotnet\sdk\9.0.305\Sdks\Microsoft.NET.Sdk\targets\Microsoft.NET.Sdk.FrameworkReferenceResolution.targets(14,5): message :     ;
       C:\Program Files\dotnet\sdk\9.0.305\Sdks\Microsoft.NET.Sdk\targets\Microsoft.NET.Sdk.FrameworkReferenceResolution.targets(14,5): message :       ResolvePackageDependenciesForBuild;
       C:\Program Files\dotnet\sdk\9.0.305\Sdks\Microsoft.NET.Sdk\targets\Microsoft.NET.Sdk.FrameworkReferenceResolution.targets(14,5): message :       _HandlePackageFileConflicts;
       C:\Program Files\dotnet\sdk\9.0.305\Sdks\Microsoft.NET.Sdk\targets\Microsoft.NET.Sdk.FrameworkReferenceResolution.targets(14,5): message :     ;
       C:\Program Files\dotnet\sdk\9.0.305\Sdks\Microsoft.NET.Sdk\targets\Microsoft.NET.Sdk.FrameworkReferenceResolution.targets(14,5): message :       ResolveTargetingPackAssets;
       C:\Program Files\dotnet\sdk\9.0.305\Sdks\Microsoft.NET.Sdk\targets\Microsoft.NET.Sdk.FrameworkReferenceResolution.targets(14,5): message :     " (valor anterior: "
       C:\Program Files\dotnet\sdk\9.0.305\Sdks\Microsoft.NET.Sdk\targets\Microsoft.NET.Sdk.FrameworkReferenceResolution.targets(14,5): message :       
       C:\Program Files\dotnet\sdk\9.0.305\Sdks\Microsoft.NET.Sdk\targets\Microsoft.NET.Sdk.FrameworkReferenceResolution.targets(14,5): message :       ResolveProjectReferences;
       C:\Program Files\dotnet\sdk\9.0.305\Sdks\Microsoft.NET.Sdk\targets\Microsoft.NET.Sdk.FrameworkReferenceResolution.targets(14,5): message :       FindInvalidProjectReferences;
       C:\Program Files\dotnet\sdk\9.0.305\Sdks\Microsoft.NET.Sdk\targets\Microsoft.NET.Sdk.FrameworkReferenceResolution.targets(14,5): message :       GetFrameworkPaths;
       C:\Program Files\dotnet\sdk\9.0.305\Sdks\Microsoft.NET.Sdk\targets\Microsoft.NET.Sdk.FrameworkReferenceResolution.targets(14,5): message :       GetReferenceAssemblyPaths;
       C:\Program Files\dotnet\sdk\9.0.305\Sdks\Microsoft.NET.Sdk\targets\Microsoft.NET.Sdk.FrameworkReferenceResolution.targets(14,5): message :       PrepareForBuild;
       C:\Program Files\dotnet\sdk\9.0.305\Sdks\Microsoft.NET.Sdk\targets\Microsoft.NET.Sdk.FrameworkReferenceResolution.targets(14,5): message :       ResolveSDKReferences;
       C:\Program Files\dotnet\sdk\9.0.305\Sdks\Microsoft.NET.Sdk\targets\Microsoft.NET.Sdk.FrameworkReferenceResolution.targets(14,5): message :       ExpandSDKReferences;
       C:\Program Files\dotnet\sdk\9.0.305\Sdks\Microsoft.NET.Sdk\targets\Microsoft.NET.Sdk.FrameworkReferenceResolution.targets(14,5): message :     ;
       C:\Program Files\dotnet\sdk\9.0.305\Sdks\Microsoft.NET.Sdk\targets\Microsoft.NET.Sdk.FrameworkReferenceResolution.targets(14,5): message :       ResolvePackageDependenciesForBuild;
       C:\Program Files\dotnet\sdk\9.0.305\Sdks\Microsoft.NET.Sdk\targets\Microsoft.NET.Sdk.FrameworkReferenceResolution.targets(14,5): message :       _HandlePackageFileConflicts;
       C:\Program Files\dotnet\sdk\9.0.305\Sdks\Microsoft.NET.Sdk\targets\Microsoft.NET.Sdk.FrameworkReferenceResolution.targets(14,5): message :     ") en C:\Program Files\dotnet\sdk\9.0.305\Sdks\Microsoft.NET.Sdk\targets\Microsoft.NET.Sdk.FrameworkReferenceResolution.targets (14,5)
       C:\Program Files\dotnet\sdk\9.0.305\Sdks\Microsoft.NET.Sdk\targets\Microsoft.NET.Sdk.targets(44,5): message : Reasignación de propiedad: $(_GenerateRuntimeConfigurationPropertyInputsCache)="D:\GitHub\Grado\DAM\2DAM\C Sharp\Creacion Componente\RA3_RelojDigital\MisComponentesLib\obj\Debug\net472\MisComponentesLib.genruntimeconfig.cache" (valor anterior: "obj\Debug\net472\MisComponentesLib.genruntimeconfig.cache") en C:\Program Files\dotnet\sdk\9.0.305\Sdks\Microsoft.NET.Sdk\targets\Microsoft.NET.Sdk.targets (44,5)
       C:\Program Files\dotnet\sdk\9.0.305\Sdks\Microsoft.NET.Sdk\targets\Microsoft.NET.Sdk.targets(46,5): message : Reasignación de propiedad: $(_GeneratePublishDependencyFilePropertyInputsCache)="D:\GitHub\Grado\DAM\2DAM\C Sharp\Creacion Componente\RA3_RelojDigital\MisComponentesLib\obj\Debug\net472\MisComponentesLib.genpublishdeps.cache" (valor anterior: "obj\Debug\net472\MisComponentesLib.genpublishdeps.cache") en C:\Program Files\dotnet\sdk\9.0.305\Sdks\Microsoft.NET.Sdk\targets\Microsoft.NET.Sdk.targets (46,5)
       C:\Program Files\dotnet\sdk\9.0.305\Sdks\Microsoft.NET.Sdk\targets\Microsoft.NET.Sdk.targets(48,5): message : Reasignación de propiedad: $(_GenerateSingleFileBundlePropertyInputsCache)="D:\GitHub\Grado\DAM\2DAM\C Sharp\Creacion Componente\RA3_RelojDigital\MisComponentesLib\obj\Debug\net472\MisComponentesLib.genbundle.cache" (valor anterior: "obj\Debug\net472\MisComponentesLib.genbundle.cache") en C:\Program Files\dotnet\sdk\9.0.305\Sdks\Microsoft.NET.Sdk\targets\Microsoft.NET.Sdk.targets (48,5)
       C:\Program Files\dotnet\sdk\9.0.305\Sdks\Microsoft.NET.Sdk\targets\Microsoft.NET.Sdk.targets(97,5): message : Propiedad "USERPROFILE" con el valor "C:\Users\danielgarbru" expandido desde el entorno.
       C:\Program Files\dotnet\sdk\9.0.305\Sdks\Microsoft.NET.Sdk\targets\Microsoft.NET.Sdk.targets(97,5): message : Reasignación de propiedad: $(_DefaultUserProfileRuntimeStorePath)="C:\Users\danielgarbru" (valor anterior: "") en C:\Program Files\dotnet\sdk\9.0.305\Sdks\Microsoft.NET.Sdk\targets\Microsoft.NET.Sdk.targets (97,5)
       C:\Program Files\dotnet\sdk\9.0.305\Sdks\Microsoft.NET.Sdk\targets\Microsoft.NET.Sdk.targets(98,5): message : Reasignación de propiedad: $(_DefaultUserProfileRuntimeStorePath)="C:\Users\danielgarbru\.dotnet\store" (valor anterior: "C:\Users\danielgarbru") en C:\Program Files\dotnet\sdk\9.0.305\Sdks\Microsoft.NET.Sdk\targets\Microsoft.NET.Sdk.targets (98,5)
       C:\Program Files\dotnet\sdk\9.0.305\Sdks\Microsoft.NET.Sdk\targets\Microsoft.NET.Sdk.targets(201,5): message : Reasignación de propiedad: $(CoreBuildDependsOn)="
       C:\Program Files\dotnet\sdk\9.0.305\Sdks\Microsoft.NET.Sdk\targets\Microsoft.NET.Sdk.targets(201,5): message :       _CheckForBuildWithNoBuild;
       C:\Program Files\dotnet\sdk\9.0.305\Sdks\Microsoft.NET.Sdk\targets\Microsoft.NET.Sdk.targets(201,5): message :       
       C:\Program Files\dotnet\sdk\9.0.305\Sdks\Microsoft.NET.Sdk\targets\Microsoft.NET.Sdk.targets(201,5): message :       BuildOnlySettings;
       C:\Program Files\dotnet\sdk\9.0.305\Sdks\Microsoft.NET.Sdk\targets\Microsoft.NET.Sdk.targets(201,5): message :       PrepareForBuild;
       C:\Program Files\dotnet\sdk\9.0.305\Sdks\Microsoft.NET.Sdk\targets\Microsoft.NET.Sdk.targets(201,5): message :       PreBuildEvent;
       C:\Program Files\dotnet\sdk\9.0.305\Sdks\Microsoft.NET.Sdk\targets\Microsoft.NET.Sdk.targets(201,5): message :       ResolveReferences;
       C:\Program Files\dotnet\sdk\9.0.305\Sdks\Microsoft.NET.Sdk\targets\Microsoft.NET.Sdk.targets(201,5): message :       PrepareResources;
       C:\Program Files\dotnet\sdk\9.0.305\Sdks\Microsoft.NET.Sdk\targets\Microsoft.NET.Sdk.targets(201,5): message :       ResolveKeySource;
       C:\Program Files\dotnet\sdk\9.0.305\Sdks\Microsoft.NET.Sdk\targets\Microsoft.NET.Sdk.targets(201,5): message :       Compile;
       C:\Program Files\dotnet\sdk\9.0.305\Sdks\Microsoft.NET.Sdk\targets\Microsoft.NET.Sdk.targets(201,5): message :       ExportWindowsMDFile;
       C:\Program Files\dotnet\sdk\9.0.305\Sdks\Microsoft.NET.Sdk\targets\Microsoft.NET.Sdk.targets(201,5): message :       UnmanagedUnregistration;
       C:\Program Files\dotnet\sdk\9.0.305\Sdks\Microsoft.NET.Sdk\targets\Microsoft.NET.Sdk.targets(201,5): message :       GenerateSerializationAssemblies;
       C:\Program Files\dotnet\sdk\9.0.305\Sdks\Microsoft.NET.Sdk\targets\Microsoft.NET.Sdk.targets(201,5): message :       CreateSatelliteAssemblies;
       C:\Program Files\dotnet\sdk\9.0.305\Sdks\Microsoft.NET.Sdk\targets\Microsoft.NET.Sdk.targets(201,5): message :       GenerateManifests;
       C:\Program Files\dotnet\sdk\9.0.305\Sdks\Microsoft.NET.Sdk\targets\Microsoft.NET.Sdk.targets(201,5): message :       GetTargetPath;
       C:\Program Files\dotnet\sdk\9.0.305\Sdks\Microsoft.NET.Sdk\targets\Microsoft.NET.Sdk.targets(201,5): message :       PrepareForRun;
       C:\Program Files\dotnet\sdk\9.0.305\Sdks\Microsoft.NET.Sdk\targets\Microsoft.NET.Sdk.targets(201,5): message :       UnmanagedRegistration;
       C:\Program Files\dotnet\sdk\9.0.305\Sdks\Microsoft.NET.Sdk\targets\Microsoft.NET.Sdk.targets(201,5): message :       IncrementalClean;
       C:\Program Files\dotnet\sdk\9.0.305\Sdks\Microsoft.NET.Sdk\targets\Microsoft.NET.Sdk.targets(201,5): message :       PostBuildEvent
       C:\Program Files\dotnet\sdk\9.0.305\Sdks\Microsoft.NET.Sdk\targets\Microsoft.NET.Sdk.targets(201,5): message :     ;
       C:\Program Files\dotnet\sdk\9.0.305\Sdks\Microsoft.NET.Sdk\targets\Microsoft.NET.Sdk.targets(201,5): message :       GenerateBuildDependencyFile;
       C:\Program Files\dotnet\sdk\9.0.305\Sdks\Microsoft.NET.Sdk\targets\Microsoft.NET.Sdk.targets(201,5): message :       GenerateBuildRuntimeConfigurationFiles
       C:\Program Files\dotnet\sdk\9.0.305\Sdks\Microsoft.NET.Sdk\targets\Microsoft.NET.Sdk.targets(201,5): message :     " (valor anterior: "
       C:\Program Files\dotnet\sdk\9.0.305\Sdks\Microsoft.NET.Sdk\targets\Microsoft.NET.Sdk.targets(201,5): message :       BuildOnlySettings;
       C:\Program Files\dotnet\sdk\9.0.305\Sdks\Microsoft.NET.Sdk\targets\Microsoft.NET.Sdk.targets(201,5): message :       PrepareForBuild;
       C:\Program Files\dotnet\sdk\9.0.305\Sdks\Microsoft.NET.Sdk\targets\Microsoft.NET.Sdk.targets(201,5): message :       PreBuildEvent;
       C:\Program Files\dotnet\sdk\9.0.305\Sdks\Microsoft.NET.Sdk\targets\Microsoft.NET.Sdk.targets(201,5): message :       ResolveReferences;
       C:\Program Files\dotnet\sdk\9.0.305\Sdks\Microsoft.NET.Sdk\targets\Microsoft.NET.Sdk.targets(201,5): message :       PrepareResources;
       C:\Program Files\dotnet\sdk\9.0.305\Sdks\Microsoft.NET.Sdk\targets\Microsoft.NET.Sdk.targets(201,5): message :       ResolveKeySource;
       C:\Program Files\dotnet\sdk\9.0.305\Sdks\Microsoft.NET.Sdk\targets\Microsoft.NET.Sdk.targets(201,5): message :       Compile;
       C:\Program Files\dotnet\sdk\9.0.305\Sdks\Microsoft.NET.Sdk\targets\Microsoft.NET.Sdk.targets(201,5): message :       ExportWindowsMDFile;
       C:\Program Files\dotnet\sdk\9.0.305\Sdks\Microsoft.NET.Sdk\targets\Microsoft.NET.Sdk.targets(201,5): message :       UnmanagedUnregistration;
       C:\Program Files\dotnet\sdk\9.0.305\Sdks\Microsoft.NET.Sdk\targets\Microsoft.NET.Sdk.targets(201,5): message :       GenerateSerializationAssemblies;
       C:\Program Files\dotnet\sdk\9.0.305\Sdks\Microsoft.NET.Sdk\targets\Microsoft.NET.Sdk.targets(201,5): message :       CreateSatelliteAssemblies;
       C:\Program Files\dotnet\sdk\9.0.305\Sdks\Microsoft.NET.Sdk\targets\Microsoft.NET.Sdk.targets(201,5): message :       GenerateManifests;
       C:\Program Files\dotnet\sdk\9.0.305\Sdks\Microsoft.NET.Sdk\targets\Microsoft.NET.Sdk.targets(201,5): message :       GetTargetPath;
       C:\Program Files\dotnet\sdk\9.0.305\Sdks\Microsoft.NET.Sdk\targets\Microsoft.NET.Sdk.targets(201,5): message :       PrepareForRun;
       C:\Program Files\dotnet\sdk\9.0.305\Sdks\Microsoft.NET.Sdk\targets\Microsoft.NET.Sdk.targets(201,5): message :       UnmanagedRegistration;
       C:\Program Files\dotnet\sdk\9.0.305\Sdks\Microsoft.NET.Sdk\targets\Microsoft.NET.Sdk.targets(201,5): message :       IncrementalClean;
       C:\Program Files\dotnet\sdk\9.0.305\Sdks\Microsoft.NET.Sdk\targets\Microsoft.NET.Sdk.targets(201,5): message :       PostBuildEvent
       C:\Program Files\dotnet\sdk\9.0.305\Sdks\Microsoft.NET.Sdk\targets\Microsoft.NET.Sdk.targets(201,5): message :     ") en C:\Program Files\dotnet\sdk\9.0.305\Sdks\Microsoft.NET.Sdk\targets\Microsoft.NET.Sdk.targets (201,5)
       C:\Program Files\dotnet\sdk\9.0.305\Sdks\Microsoft.NET.Sdk\targets\Microsoft.NET.Sdk.targets(210,5): message : Reasignación de propiedad: $(CoreCleanDependsOn)="
       C:\Program Files\dotnet\sdk\9.0.305\Sdks\Microsoft.NET.Sdk\targets\Microsoft.NET.Sdk.targets(210,5): message :       _SdkBeforeClean;
       C:\Program Files\dotnet\sdk\9.0.305\Sdks\Microsoft.NET.Sdk\targets\Microsoft.NET.Sdk.targets(210,5): message :       
       C:\Program Files\dotnet\sdk\9.0.305\Sdks\Microsoft.NET.Sdk\targets\Microsoft.NET.Sdk.targets(210,5): message :     " (valor anterior: "") en C:\Program Files\dotnet\sdk\9.0.305\Sdks\Microsoft.NET.Sdk\targets\Microsoft.NET.Sdk.targets (210,5)
       C:\Program Files\dotnet\sdk\9.0.305\Sdks\Microsoft.NET.Sdk\targets\Microsoft.NET.Sdk.targets(217,5): message : Reasignación de propiedad: $(RebuildDependsOn)="
       C:\Program Files\dotnet\sdk\9.0.305\Sdks\Microsoft.NET.Sdk\targets\Microsoft.NET.Sdk.targets(217,5): message :       _SdkBeforeRebuild;
       C:\Program Files\dotnet\sdk\9.0.305\Sdks\Microsoft.NET.Sdk\targets\Microsoft.NET.Sdk.targets(217,5): message :       
       C:\Program Files\dotnet\sdk\9.0.305\Sdks\Microsoft.NET.Sdk\targets\Microsoft.NET.Sdk.targets(217,5): message :       BeforeRebuild;
       C:\Program Files\dotnet\sdk\9.0.305\Sdks\Microsoft.NET.Sdk\targets\Microsoft.NET.Sdk.targets(217,5): message :       Clean;
       C:\Program Files\dotnet\sdk\9.0.305\Sdks\Microsoft.NET.Sdk\targets\Microsoft.NET.Sdk.targets(217,5): message :       Build;
       C:\Program Files\dotnet\sdk\9.0.305\Sdks\Microsoft.NET.Sdk\targets\Microsoft.NET.Sdk.targets(217,5): message :       AfterRebuild;
       C:\Program Files\dotnet\sdk\9.0.305\Sdks\Microsoft.NET.Sdk\targets\Microsoft.NET.Sdk.targets(217,5): message :     
       C:\Program Files\dotnet\sdk\9.0.305\Sdks\Microsoft.NET.Sdk\targets\Microsoft.NET.Sdk.targets(217,5): message :     " (valor anterior: "
       C:\Program Files\dotnet\sdk\9.0.305\Sdks\Microsoft.NET.Sdk\targets\Microsoft.NET.Sdk.targets(217,5): message :       BeforeRebuild;
       C:\Program Files\dotnet\sdk\9.0.305\Sdks\Microsoft.NET.Sdk\targets\Microsoft.NET.Sdk.targets(217,5): message :       Clean;
       C:\Program Files\dotnet\sdk\9.0.305\Sdks\Microsoft.NET.Sdk\targets\Microsoft.NET.Sdk.targets(217,5): message :       Build;
       C:\Program Files\dotnet\sdk\9.0.305\Sdks\Microsoft.NET.Sdk\targets\Microsoft.NET.Sdk.targets(217,5): message :       AfterRebuild;
       C:\Program Files\dotnet\sdk\9.0.305\Sdks\Microsoft.NET.Sdk\targets\Microsoft.NET.Sdk.targets(217,5): message :     ") en C:\Program Files\dotnet\sdk\9.0.305\Sdks\Microsoft.NET.Sdk\targets\Microsoft.NET.Sdk.targets (217,5)
       C:\Program Files\dotnet\sdk\9.0.305\Sdks\Microsoft.NET.Sdk\targets\Microsoft.NET.Sdk.targets(784,5): message : Reasignación de propiedad: $(CompileDependsOn)="
       C:\Program Files\dotnet\sdk\9.0.305\Sdks\Microsoft.NET.Sdk\targets\Microsoft.NET.Sdk.targets(784,5): message :       
       C:\Program Files\dotnet\sdk\9.0.305\Sdks\Microsoft.NET.Sdk\targets\Microsoft.NET.Sdk.targets(784,5): message :       ResolveReferences;
       C:\Program Files\dotnet\sdk\9.0.305\Sdks\Microsoft.NET.Sdk\targets\Microsoft.NET.Sdk.targets(784,5): message :       ResolveKeySource;
       C:\Program Files\dotnet\sdk\9.0.305\Sdks\Microsoft.NET.Sdk\targets\Microsoft.NET.Sdk.targets(784,5): message :       SetWin32ManifestProperties;
       C:\Program Files\dotnet\sdk\9.0.305\Sdks\Microsoft.NET.Sdk\targets\Microsoft.NET.Sdk.targets(784,5): message :       _SetPreferNativeArm64Win32ManifestProperties;
       C:\Program Files\dotnet\sdk\9.0.305\Sdks\Microsoft.NET.Sdk\targets\Microsoft.NET.Sdk.targets(784,5): message :       FindReferenceAssembliesForReferences;
       C:\Program Files\dotnet\sdk\9.0.305\Sdks\Microsoft.NET.Sdk\targets\Microsoft.NET.Sdk.targets(784,5): message :       _GenerateCompileInputs;
       C:\Program Files\dotnet\sdk\9.0.305\Sdks\Microsoft.NET.Sdk\targets\Microsoft.NET.Sdk.targets(784,5): message :       BeforeCompile;
       C:\Program Files\dotnet\sdk\9.0.305\Sdks\Microsoft.NET.Sdk\targets\Microsoft.NET.Sdk.targets(784,5): message :       _TimeStampBeforeCompile;
       C:\Program Files\dotnet\sdk\9.0.305\Sdks\Microsoft.NET.Sdk\targets\Microsoft.NET.Sdk.targets(784,5): message :       _GenerateCompileDependencyCache;
       C:\Program Files\dotnet\sdk\9.0.305\Sdks\Microsoft.NET.Sdk\targets\Microsoft.NET.Sdk.targets(784,5): message :       CoreCompile;
       C:\Program Files\dotnet\sdk\9.0.305\Sdks\Microsoft.NET.Sdk\targets\Microsoft.NET.Sdk.targets(784,5): message :       _TimeStampAfterCompile;
       C:\Program Files\dotnet\sdk\9.0.305\Sdks\Microsoft.NET.Sdk\targets\Microsoft.NET.Sdk.targets(784,5): message :       AfterCompile;
       C:\Program Files\dotnet\sdk\9.0.305\Sdks\Microsoft.NET.Sdk\targets\Microsoft.NET.Sdk.targets(784,5): message :     ;
       C:\Program Files\dotnet\sdk\9.0.305\Sdks\Microsoft.NET.Sdk\targets\Microsoft.NET.Sdk.targets(784,5): message :       _CreateAppHost;
       C:\Program Files\dotnet\sdk\9.0.305\Sdks\Microsoft.NET.Sdk\targets\Microsoft.NET.Sdk.targets(784,5): message :       _CreateComHost;
       C:\Program Files\dotnet\sdk\9.0.305\Sdks\Microsoft.NET.Sdk\targets\Microsoft.NET.Sdk.targets(784,5): message :       _GetIjwHostPaths;
       C:\Program Files\dotnet\sdk\9.0.305\Sdks\Microsoft.NET.Sdk\targets\Microsoft.NET.Sdk.targets(784,5): message :     " (valor anterior: "
       C:\Program Files\dotnet\sdk\9.0.305\Sdks\Microsoft.NET.Sdk\targets\Microsoft.NET.Sdk.targets(784,5): message :       ResolveReferences;
       C:\Program Files\dotnet\sdk\9.0.305\Sdks\Microsoft.NET.Sdk\targets\Microsoft.NET.Sdk.targets(784,5): message :       ResolveKeySource;
       C:\Program Files\dotnet\sdk\9.0.305\Sdks\Microsoft.NET.Sdk\targets\Microsoft.NET.Sdk.targets(784,5): message :       SetWin32ManifestProperties;
       C:\Program Files\dotnet\sdk\9.0.305\Sdks\Microsoft.NET.Sdk\targets\Microsoft.NET.Sdk.targets(784,5): message :       _SetPreferNativeArm64Win32ManifestProperties;
       C:\Program Files\dotnet\sdk\9.0.305\Sdks\Microsoft.NET.Sdk\targets\Microsoft.NET.Sdk.targets(784,5): message :       FindReferenceAssembliesForReferences;
       C:\Program Files\dotnet\sdk\9.0.305\Sdks\Microsoft.NET.Sdk\targets\Microsoft.NET.Sdk.targets(784,5): message :       _GenerateCompileInputs;
       C:\Program Files\dotnet\sdk\9.0.305\Sdks\Microsoft.NET.Sdk\targets\Microsoft.NET.Sdk.targets(784,5): message :       BeforeCompile;
       C:\Program Files\dotnet\sdk\9.0.305\Sdks\Microsoft.NET.Sdk\targets\Microsoft.NET.Sdk.targets(784,5): message :       _TimeStampBeforeCompile;
       C:\Program Files\dotnet\sdk\9.0.305\Sdks\Microsoft.NET.Sdk\targets\Microsoft.NET.Sdk.targets(784,5): message :       _GenerateCompileDependencyCache;
       C:\Program Files\dotnet\sdk\9.0.305\Sdks\Microsoft.NET.Sdk\targets\Microsoft.NET.Sdk.targets(784,5): message :       CoreCompile;
       C:\Program Files\dotnet\sdk\9.0.305\Sdks\Microsoft.NET.Sdk\targets\Microsoft.NET.Sdk.targets(784,5): message :       _TimeStampAfterCompile;
       C:\Program Files\dotnet\sdk\9.0.305\Sdks\Microsoft.NET.Sdk\targets\Microsoft.NET.Sdk.targets(784,5): message :       AfterCompile;
       C:\Program Files\dotnet\sdk\9.0.305\Sdks\Microsoft.NET.Sdk\targets\Microsoft.NET.Sdk.targets(784,5): message :     ") en C:\Program Files\dotnet\sdk\9.0.305\Sdks\Microsoft.NET.Sdk\targets\Microsoft.NET.Sdk.targets (784,5)
       C:\Program Files\dotnet\sdk\9.0.305\Sdks\Microsoft.NET.Sdk\targets\Microsoft.NET.Sdk.targets(1184,5): message : Reasignación de propiedad: $(CreateSatelliteAssembliesDependsOn)="
       C:\Program Files\dotnet\sdk\9.0.305\Sdks\Microsoft.NET.Sdk\targets\Microsoft.NET.Sdk.targets(1184,5): message :       
       C:\Program Files\dotnet\sdk\9.0.305\Sdks\Microsoft.NET.Sdk\targets\Microsoft.NET.Sdk.targets(1184,5): message :       ;
       C:\Program Files\dotnet\sdk\9.0.305\Sdks\Microsoft.NET.Sdk\targets\Microsoft.NET.Sdk.targets(1184,5): message :       _GenerateSatelliteAssemblyInputs;
       C:\Program Files\dotnet\sdk\9.0.305\Sdks\Microsoft.NET.Sdk\targets\Microsoft.NET.Sdk.targets(1184,5): message :       ComputeIntermediateSatelliteAssemblies;
       C:\Program Files\dotnet\sdk\9.0.305\Sdks\Microsoft.NET.Sdk\targets\Microsoft.NET.Sdk.targets(1184,5): message :       GenerateSatelliteAssemblies
       C:\Program Files\dotnet\sdk\9.0.305\Sdks\Microsoft.NET.Sdk\targets\Microsoft.NET.Sdk.targets(1184,5): message :     ;
       C:\Program Files\dotnet\sdk\9.0.305\Sdks\Microsoft.NET.Sdk\targets\Microsoft.NET.Sdk.targets(1184,5): message :       CoreGenerateSatelliteAssemblies
       C:\Program Files\dotnet\sdk\9.0.305\Sdks\Microsoft.NET.Sdk\targets\Microsoft.NET.Sdk.targets(1184,5): message :     " (valor anterior: "
       C:\Program Files\dotnet\sdk\9.0.305\Sdks\Microsoft.NET.Sdk\targets\Microsoft.NET.Sdk.targets(1184,5): message :       ;
       C:\Program Files\dotnet\sdk\9.0.305\Sdks\Microsoft.NET.Sdk\targets\Microsoft.NET.Sdk.targets(1184,5): message :       _GenerateSatelliteAssemblyInputs;
       C:\Program Files\dotnet\sdk\9.0.305\Sdks\Microsoft.NET.Sdk\targets\Microsoft.NET.Sdk.targets(1184,5): message :       ComputeIntermediateSatelliteAssemblies;
       C:\Program Files\dotnet\sdk\9.0.305\Sdks\Microsoft.NET.Sdk\targets\Microsoft.NET.Sdk.targets(1184,5): message :       GenerateSatelliteAssemblies
       C:\Program Files\dotnet\sdk\9.0.305\Sdks\Microsoft.NET.Sdk\targets\Microsoft.NET.Sdk.targets(1184,5): message :     ") en C:\Program Files\dotnet\sdk\9.0.305\Sdks\Microsoft.NET.Sdk\targets\Microsoft.NET.Sdk.targets (1184,5)
       Ensamblado cargado durante Evaluation: System.Collections.NonGeneric, Version=9.0.0.0, Culture=neutral, PublicKeyToken=b03f5f7f11d50a3a(ubicación: C:\Program Files\dotnet\shared\Microsoft.NETCore.App\9.0.9\System.Collections.NonGeneric.dll, MVID: dfa2c124-f1b2-4b5a-85ec-f1c002899a63, AssemblyLoadContext: Default)
       C:\Program Files\dotnet\sdk\9.0.305\Sdks\Microsoft.SourceLink.GitLab\build\Microsoft.SourceLink.GitLab.targets(12,5): message : Reasignación de propiedad: $(SourceLinkUrlInitializerTargets)=";_InitializeGitHubSourceLinkUrl;_InitializeGitLabSourceLinkUrl" (valor anterior: ";_InitializeGitHubSourceLinkUrl") en C:\Program Files\dotnet\sdk\9.0.305\Sdks\Microsoft.SourceLink.GitLab\build\Microsoft.SourceLink.GitLab.targets (12,5)
       C:\Program Files\dotnet\sdk\9.0.305\Sdks\Microsoft.SourceLink.GitLab\build\Microsoft.SourceLink.GitLab.targets(13,5): message : Reasignación de propiedad: $(SourceControlManagerUrlTranslationTargets)=";TranslateGitHubUrlsInSourceControlInformation;TranslateGitLabUrlsInSourceControlInformation" (valor anterior: ";TranslateGitHubUrlsInSourceControlInformation") en C:\Program Files\dotnet\sdk\9.0.305\Sdks\Microsoft.SourceLink.GitLab\build\Microsoft.SourceLink.GitLab.targets (13,5)
       C:\Program Files\dotnet\sdk\9.0.305\Sdks\Microsoft.SourceLink.AzureRepos.Git\build\Microsoft.SourceLink.AzureRepos.Git.targets(12,5): message : Reasignación de propiedad: $(SourceLinkUrlInitializerTargets)=";_InitializeGitHubSourceLinkUrl;_InitializeGitLabSourceLinkUrl;_InitializeAzureReposGitSourceLinkUrl" (valor anterior: ";_InitializeGitHubSourceLinkUrl;_InitializeGitLabSourceLinkUrl") en C:\Program Files\dotnet\sdk\9.0.305\Sdks\Microsoft.SourceLink.AzureRepos.Git\build\Microsoft.SourceLink.AzureRepos.Git.targets (12,5)
       C:\Program Files\dotnet\sdk\9.0.305\Sdks\Microsoft.SourceLink.AzureRepos.Git\build\Microsoft.SourceLink.AzureRepos.Git.targets(13,5): message : Reasignación de propiedad: $(SourceControlManagerUrlTranslationTargets)=";TranslateGitHubUrlsInSourceControlInformation;TranslateGitLabUrlsInSourceControlInformation;TranslateAzureReposGitUrlsInSourceControlInformation" (valor anterior: ";TranslateGitHubUrlsInSourceControlInformation;TranslateGitLabUrlsInSourceControlInformation") en C:\Program Files\dotnet\sdk\9.0.305\Sdks\Microsoft.SourceLink.AzureRepos.Git\build\Microsoft.SourceLink.AzureRepos.Git.targets (13,5)
       C:\Program Files\dotnet\sdk\9.0.305\Sdks\Microsoft.SourceLink.Bitbucket.Git\build\Microsoft.SourceLink.Bitbucket.Git.targets(12,5): message : Reasignación de propiedad: $(SourceLinkUrlInitializerTargets)=";_InitializeGitHubSourceLinkUrl;_InitializeGitLabSourceLinkUrl;_InitializeAzureReposGitSourceLinkUrl;_InitializeBitbucketGitSourceLinkUrl" (valor anterior: ";_InitializeGitHubSourceLinkUrl;_InitializeGitLabSourceLinkUrl;_InitializeAzureReposGitSourceLinkUrl") en C:\Program Files\dotnet\sdk\9.0.305\Sdks\Microsoft.SourceLink.Bitbucket.Git\build\Microsoft.SourceLink.Bitbucket.Git.targets (12,5)
       C:\Program Files\dotnet\sdk\9.0.305\Sdks\Microsoft.SourceLink.Bitbucket.Git\build\Microsoft.SourceLink.Bitbucket.Git.targets(13,5): message : Reasignación de propiedad: $(SourceControlManagerUrlTranslationTargets)=";TranslateGitHubUrlsInSourceControlInformation;TranslateGitLabUrlsInSourceControlInformation;TranslateAzureReposGitUrlsInSourceControlInformation;TranslateBitbucketGitUrlsInSourceControlInformation" (valor anterior: ";TranslateGitHubUrlsInSourceControlInformation;TranslateGitLabUrlsInSourceControlInformation;TranslateAzureReposGitUrlsInSourceControlInformation") en C:\Program Files\dotnet\sdk\9.0.305\Sdks\Microsoft.SourceLink.Bitbucket.Git\build\Microsoft.SourceLink.Bitbucket.Git.targets (13,5)
       C:\Program Files\dotnet\sdk\9.0.305\Sdks\Microsoft.NET.Sdk\targets\Microsoft.NET.DesignerSupport.targets(21,5): message : Reasignación de propiedad: $(DesignerRuntimeImplementationProjectOutputGroupDependsOn)="
       C:\Program Files\dotnet\sdk\9.0.305\Sdks\Microsoft.NET.Sdk\targets\Microsoft.NET.DesignerSupport.targets(21,5): message :       
       C:\Program Files\dotnet\sdk\9.0.305\Sdks\Microsoft.NET.Sdk\targets\Microsoft.NET.DesignerSupport.targets(21,5): message :       ;
       C:\Program Files\dotnet\sdk\9.0.305\Sdks\Microsoft.NET.Sdk\targets\Microsoft.NET.DesignerSupport.targets(21,5): message :       
       C:\Program Files\dotnet\sdk\9.0.305\Sdks\Microsoft.NET.Sdk\targets\Microsoft.NET.DesignerSupport.targets(21,5): message :       ;
       C:\Program Files\dotnet\sdk\9.0.305\Sdks\Microsoft.NET.Sdk\targets\Microsoft.NET.DesignerSupport.targets(21,5): message :       BuildOnlySettings;
       C:\Program Files\dotnet\sdk\9.0.305\Sdks\Microsoft.NET.Sdk\targets\Microsoft.NET.DesignerSupport.targets(21,5): message :       PrepareForBuild;
       C:\Program Files\dotnet\sdk\9.0.305\Sdks\Microsoft.NET.Sdk\targets\Microsoft.NET.DesignerSupport.targets(21,5): message :       AssignTargetPaths;
       C:\Program Files\dotnet\sdk\9.0.305\Sdks\Microsoft.NET.Sdk\targets\Microsoft.NET.DesignerSupport.targets(21,5): message :       ResolveReferences
       C:\Program Files\dotnet\sdk\9.0.305\Sdks\Microsoft.NET.Sdk\targets\Microsoft.NET.DesignerSupport.targets(21,5): message :     
       C:\Program Files\dotnet\sdk\9.0.305\Sdks\Microsoft.NET.Sdk\targets\Microsoft.NET.DesignerSupport.targets(21,5): message :     ;
       C:\Program Files\dotnet\sdk\9.0.305\Sdks\Microsoft.NET.Sdk\targets\Microsoft.NET.DesignerSupport.targets(21,5): message :       _GenerateDesignerDepsFile;
       C:\Program Files\dotnet\sdk\9.0.305\Sdks\Microsoft.NET.Sdk\targets\Microsoft.NET.DesignerSupport.targets(21,5): message :       _GenerateDesignerRuntimeConfigFile;
       C:\Program Files\dotnet\sdk\9.0.305\Sdks\Microsoft.NET.Sdk\targets\Microsoft.NET.DesignerSupport.targets(21,5): message :       GetCopyToOutputDirectoryItems;
       C:\Program Files\dotnet\sdk\9.0.305\Sdks\Microsoft.NET.Sdk\targets\Microsoft.NET.DesignerSupport.targets(21,5): message :       _GatherDesignerShadowCopyFiles;
       C:\Program Files\dotnet\sdk\9.0.305\Sdks\Microsoft.NET.Sdk\targets\Microsoft.NET.DesignerSupport.targets(21,5): message :     " (valor anterior: "
       C:\Program Files\dotnet\sdk\9.0.305\Sdks\Microsoft.NET.Sdk\targets\Microsoft.NET.DesignerSupport.targets(21,5): message :       ;
       C:\Program Files\dotnet\sdk\9.0.305\Sdks\Microsoft.NET.Sdk\targets\Microsoft.NET.DesignerSupport.targets(21,5): message :       
       C:\Program Files\dotnet\sdk\9.0.305\Sdks\Microsoft.NET.Sdk\targets\Microsoft.NET.DesignerSupport.targets(21,5): message :       ;
       C:\Program Files\dotnet\sdk\9.0.305\Sdks\Microsoft.NET.Sdk\targets\Microsoft.NET.DesignerSupport.targets(21,5): message :       BuildOnlySettings;
       C:\Program Files\dotnet\sdk\9.0.305\Sdks\Microsoft.NET.Sdk\targets\Microsoft.NET.DesignerSupport.targets(21,5): message :       PrepareForBuild;
       C:\Program Files\dotnet\sdk\9.0.305\Sdks\Microsoft.NET.Sdk\targets\Microsoft.NET.DesignerSupport.targets(21,5): message :       AssignTargetPaths;
       C:\Program Files\dotnet\sdk\9.0.305\Sdks\Microsoft.NET.Sdk\targets\Microsoft.NET.DesignerSupport.targets(21,5): message :       ResolveReferences
       C:\Program Files\dotnet\sdk\9.0.305\Sdks\Microsoft.NET.Sdk\targets\Microsoft.NET.DesignerSupport.targets(21,5): message :     
       C:\Program Files\dotnet\sdk\9.0.305\Sdks\Microsoft.NET.Sdk\targets\Microsoft.NET.DesignerSupport.targets(21,5): message :     ") en C:\Program Files\dotnet\sdk\9.0.305\Sdks\Microsoft.NET.Sdk\targets\Microsoft.NET.DesignerSupport.targets (21,5)
       C:\Program Files\dotnet\sdk\9.0.305\Sdks\Microsoft.NET.Sdk\targets\Microsoft.NET.PackTool.targets(68,5): message : Reasignación de propiedad: $(_GenerateToolsSettingsFileCacheFile)="D:\GitHub\Grado\DAM\2DAM\C Sharp\Creacion Componente\RA3_RelojDigital\MisComponentesLib\obj\Debug\net472\MisComponentesLib.toolssettingsinput.cache" (valor anterior: "obj\Debug\net472\MisComponentesLib.toolssettingsinput.cache") en C:\Program Files\dotnet\sdk\9.0.305\Sdks\Microsoft.NET.Sdk\targets\Microsoft.NET.PackTool.targets (68,5)
       C:\Program Files\dotnet\sdk\9.0.305\Sdks\Microsoft.NET.Sdk\targets\Microsoft.NET.PackTool.targets(137,5): message : Reasignación de propiedad: $(_ShimInputCacheFile)="D:\GitHub\Grado\DAM\2DAM\C Sharp\Creacion Componente\RA3_RelojDigital\MisComponentesLib\obj\Debug\net472\MisComponentesLib.shiminput.cache" (valor anterior: "obj\Debug\net472\MisComponentesLib.shiminput.cache") en C:\Program Files\dotnet\sdk\9.0.305\Sdks\Microsoft.NET.Sdk\targets\Microsoft.NET.PackTool.targets (137,5)
       C:\Program Files\dotnet\sdk\9.0.305\Sdks\Microsoft.NET.Sdk\targets\Microsoft.NET.PackTool.targets(139,5): message : Reasignación de propiedad: $(_ShimCreatedSentinelFile)="D:\GitHub\Grado\DAM\2DAM\C Sharp\Creacion Componente\RA3_RelojDigital\MisComponentesLib\obj\Debug\net472\MisComponentesLib.shimcreated.sentinel" (valor anterior: "obj\Debug\net472\MisComponentesLib.shimcreated.sentinel") en C:\Program Files\dotnet\sdk\9.0.305\Sdks\Microsoft.NET.Sdk\targets\Microsoft.NET.PackTool.targets (139,5)
       C:\Program Files\dotnet\sdk\9.0.305\Sdks\Microsoft.NET.Sdk\targets\Microsoft.NET.Sdk.CSharp.targets(31,5): message : Reasignación de propiedad: $(DefineConstants)="TRACE;DEBUG" (valor anterior: "TRACE") en C:\Program Files\dotnet\sdk\9.0.305\Sdks\Microsoft.NET.Sdk\targets\Microsoft.NET.Sdk.CSharp.targets (31,5)
       C:\Program Files\dotnet\sdk\9.0.305\Sdks\Microsoft.NET.Sdk\targets\Microsoft.NET.Sdk.CSharp.targets(34,5): message : Reasignación de propiedad: $(DefineConstants)="TRACE;DEBUG;NETFRAMEWORK;NET472;" (valor anterior: "TRACE;DEBUG") en C:\Program Files\dotnet\sdk\9.0.305\Sdks\Microsoft.NET.Sdk\targets\Microsoft.NET.Sdk.CSharp.targets (34,5)
       C:\Program Files\dotnet\sdk\9.0.305\Sdks\Microsoft.NET.Sdk\targets\Microsoft.NET.Windows.targets(44,5): message : Reasignación de propiedad: $(SupportedOSPlatformVersion)="7.0" (valor anterior: "") en C:\Program Files\dotnet\sdk\9.0.305\Sdks\Microsoft.NET.Sdk\targets\Microsoft.NET.Windows.targets (44,5)
       C:\Program Files\dotnet\sdk\9.0.305\Sdks\Microsoft.NET.Sdk\targets\Microsoft.NET.Windows.targets(45,5): message : Reasignación de propiedad: $(TargetPlatformMinVersion)="7.0" (valor anterior: "") en C:\Program Files\dotnet\sdk\9.0.305\Sdks\Microsoft.NET.Sdk\targets\Microsoft.NET.Windows.targets (45,5)
       C:\Program Files\dotnet\sdk\9.0.305\Sdks\Microsoft.NET.Sdk.WindowsDesktop\targets\Microsoft.NET.Sdk.WindowsDesktop.targets(51,5): message : Reasignación de propiedad: $(_TargetFrameworkVersionValue)="4.7.2" (valor anterior: "0.0") en C:\Program Files\dotnet\sdk\9.0.305\Sdks\Microsoft.NET.Sdk.WindowsDesktop\targets\Microsoft.NET.Sdk.WindowsDesktop.targets (51,5)
       C:\Program Files\dotnet\sdk\9.0.305\Sdks\NuGet.Build.Tasks.Pack\build\NuGet.Build.Tasks.Pack.targets(34,5): message : Reasignación de propiedad: $(PackageDescription)="Package Description" (valor anterior: "") en C:\Program Files\dotnet\sdk\9.0.305\Sdks\NuGet.Build.Tasks.Pack\build\NuGet.Build.Tasks.Pack.targets (34,5)
       C:\Program Files\dotnet\sdk\9.0.305\Sdks\NuGet.Build.Tasks.Pack\build\NuGet.Build.Tasks.Pack.targets(59,5): message : Reasignación de propiedad: $(GenerateNuspecDependsOn)="Build;_LoadPackInputItems; _GetTargetFrameworksOutput; _WalkEachTargetPerFramework; _GetPackageFiles; " (valor anterior: "_LoadPackInputItems; _GetTargetFrameworksOutput; _WalkEachTargetPerFramework; _GetPackageFiles; ") en C:\Program Files\dotnet\sdk\9.0.305\Sdks\NuGet.Build.Tasks.Pack\build\NuGet.Build.Tasks.Pack.targets (59,5)
       C:\Program Files\dotnet\sdk\9.0.305\Sdks\Microsoft.NET.Sdk\Sdk\Sdk.targets(60,5): message : Reasignación de propiedad: $(_IsNotSetContainersTargetsDir)="true" (valor anterior: "false") en C:\Program Files\dotnet\sdk\9.0.305\Sdks\Microsoft.NET.Sdk\Sdk\Sdk.targets (60,5)
       C:\Program Files\dotnet\sdk\9.0.305\Containers\build\Microsoft.NET.Build.Containers.targets(5,5): message : Reasignación de propiedad: $(_IsSDKContainerAllowedVersion)="true" (valor anterior: "false") en C:\Program Files\dotnet\sdk\9.0.305\Containers\build\Microsoft.NET.Build.Containers.targets (5,5)
       Invalidando el destino "GetFrameworkPaths" del proyecto"C:\Program Files\dotnet\sdk\9.0.305\Microsoft.Common.CurrentVersion.targets" con el destino "GetFrameworkPaths" del proyecto "C:\Program Files\dotnet\sdk\9.0.305\Microsoft.NETFramework.CurrentVersion.targets".
       Invalidando el destino "ResolveFrameworkReferences" del proyecto"C:\Program Files\dotnet\sdk\9.0.305\Microsoft.Common.CurrentVersion.targets" con el destino "ResolveFrameworkReferences" del proyecto "C:\Program Files\dotnet\sdk\9.0.305\Sdks\Microsoft.NET.Sdk\targets\Microsoft.NET.Sdk.FrameworkReferenceResolution.targets".
       Invalidando el destino "Run" del proyecto"C:\Program Files\dotnet\sdk\9.0.305\Microsoft.Common.CurrentVersion.targets" con el destino "Run" del proyecto "C:\Program Files\dotnet\sdk\9.0.305\Sdks\Microsoft.NET.Sdk\targets\Microsoft.NET.Sdk.targets".
       Invalidando el destino "GenerateSupportedTargetFrameworkAlias" del proyecto"C:\Program Files\dotnet\sdk\9.0.305\Microsoft.Common.CurrentVersion.targets" con el destino "GenerateSupportedTargetFrameworkAlias" del proyecto "C:\Program Files\dotnet\sdk\9.0.305\Sdks\Microsoft.NET.Sdk\targets\Microsoft.NET.Sdk.targets".
       Invalidando el destino "DesignerRuntimeImplementationProjectOutputGroup" del proyecto"C:\Program Files\dotnet\sdk\9.0.305\Microsoft.Common.CurrentVersion.targets" con el destino "DesignerRuntimeImplementationProjectOutputGroup" del proyecto "C:\Program Files\dotnet\sdk\9.0.305\Sdks\Microsoft.NET.Sdk\targets\Microsoft.NET.DesignerSupport.targets".
       Invalidando el destino "Publish" del proyecto"C:\Program Files\dotnet\sdk\9.0.305\Microsoft.Common.CurrentVersion.targets" con el destino "Publish" del proyecto "C:\Program Files\dotnet\sdk\9.0.305\Sdks\Microsoft.NET.Sdk\targets\Microsoft.NET.Publish.targets".
       Invalidando el destino "ResolveReadyToRunCompilers" del proyecto"C:\Program Files\dotnet\sdk\9.0.305\Sdks\Microsoft.NET.Sdk\targets\Microsoft.NET.CrossGen.targets" con el destino "ResolveReadyToRunCompilers" del proyecto "C:\Program Files\dotnet\sdk\9.0.305\Sdks\Microsoft.NET.Sdk\targets\Microsoft.NET.Publish.targets".
       Invalidando el destino "GetCopyToPublishDirectoryItems" del proyecto"C:\Program Files\dotnet\sdk\9.0.305\Microsoft.Common.CurrentVersion.targets" con el destino "GetCopyToPublishDirectoryItems" del proyecto "C:\Program Files\dotnet\sdk\9.0.305\Sdks\Microsoft.NET.Sdk\targets\Microsoft.NET.Publish.targets".
     1>El proyecto "D:\GitHub\Grado\DAM\2DAM\C Sharp\Creacion Componente\RA3_RelojDigital\RA3_RelojDigital.sln" (1) está compilando "D:\GitHub\Grado\DAM\2DAM\C Sharp\Creacion Componente\RA3_RelojDigital\MisComponentesLib\MisComponentesLib.csproj" (3) en el nodo 1 (_IsProjectRestoreSupported destinos).
     3>Destino "_IsProjectRestoreSupported" en el archivo "C:\Program Files\dotnet\sdk\9.0.305\NuGet.targets" del proyecto "D:\GitHub\Grado\DAM\2DAM\C Sharp\Creacion Componente\RA3_RelojDigital\MisComponentesLib\MisComponentesLib.csproj" (punto de entrada):
     3>Compilación terminada del destino "_IsProjectRestoreSupported" en el proyecto "MisComponentesLib.csproj".
     3>Compilación del proyecto terminada "D:\GitHub\Grado\DAM\2DAM\C Sharp\Creacion Componente\RA3_RelojDigital\MisComponentesLib\MisComponentesLib.csproj" (_IsProjectRestoreSupported destinos).
     1>Ejecución de la tarea "MSBuild" terminada.
       Se omitió la tarea "MSBuild" debido a una condición falsa (False); ( '$(RestoreUseSkipNonexistentTargets)' != 'true' ) se evaluó como ( 'true' != 'true' ).
       Usando la tarea "WarnForInvalidProjectsTask" del ensamblado "C:\Program Files\dotnet\sdk\9.0.305\NuGet.Build.Tasks.dll".
       Tarea "WarnForInvalidProjectsTask"
       Ejecución de la tarea "WarnForInvalidProjectsTask" terminada.
     1>Compilación terminada del destino "_FilterRestoreGraphProjectInputItems" en el proyecto "RA3_RelojDigital.sln".
       Se omitió el destino "_FilterRestoreGraphProjectInputItems". Compilado previamente de forma correcta.
     1>Destino "_GetAllRestoreProjectPathItems" en el archivo "C:\Program Files\dotnet\sdk\9.0.305\NuGet.targets" del proyecto "D:\GitHub\Grado\DAM\2DAM\C Sharp\Creacion Componente\RA3_RelojDigital\RA3_RelojDigital.sln" (el destino "_GenerateRestoreGraph" depende de él):
       Usando la tarea "NuGetMessageTask" del ensamblado "C:\Program Files\dotnet\sdk\9.0.305\NuGet.Build.Tasks.dll".
       Tarea "NuGetMessageTask"
         Ensamblado cargado durante TaskRun (NuGet.Build.Tasks.NuGetMessageTask): NuGet.Build.Tasks.resources, Version=6.14.0.116, Culture=es, PublicKeyToken=31bf3856ad364e35, processorArchitecture=MSIL(ubicación: C:\Program Files\dotnet\sdk\9.0.305\es\NuGet.Build.Tasks.resources.dll, MVID: 2fa4bae3-48c0-47c4-83c5-bb9246cef632, AssemblyLoadContext: MSBuild plugin C:\Program Files\dotnet\sdk\9.0.305\NuGet.Build.Tasks.dll)
         Determinando los proyectos que se van a restaurar...
       Ejecución de la tarea "NuGetMessageTask" terminada.
       Tarea "MSBuild"
         Propiedades globales:
           ExcludeRestorePackageImports=true
           _RestoreSolutionFileUsed=true
           SolutionDir=D:\GitHub\Grado\DAM\2DAM\C Sharp\Creacion Componente\RA3_RelojDigital\
           SolutionName=RA3_RelojDigital
           SolutionFileName=RA3_RelojDigital.sln
           SolutionPath=D:\GitHub\Grado\DAM\2DAM\C Sharp\Creacion Componente\RA3_RelojDigital\RA3_RelojDigital.sln
           SolutionExt=.sln
         Propiedades adicionales del proyecto "D:\GitHub\Grado\DAM\2DAM\C Sharp\Creacion Componente\RA3_RelojDigital\MisComponentesLib\MisComponentesLib.csproj":
           Configuration=Debug
           Platform=AnyCPU
         Propiedades adicionales del proyecto "D:\GitHub\Grado\DAM\2DAM\C Sharp\Creacion Componente\RA3_RelojDigital\TestRelojDigital\TestRelojDigital.csproj":
           Configuration=Debug
           Platform=AnyCPU
     1>El proyecto "D:\GitHub\Grado\DAM\2DAM\C Sharp\Creacion Componente\RA3_RelojDigital\RA3_RelojDigital.sln" (1) está compilando "D:\GitHub\Grado\DAM\2DAM\C Sharp\Creacion Componente\RA3_RelojDigital\MisComponentesLib\MisComponentesLib.csproj" (3:2) en el nodo 1 (_GenerateRestoreProjectPathWalk destinos).
   3:2>Se omitió el destino "_GenerateRestoreProjectPathItemsAllFrameworks" debido a una condición falsa (False); ( '$(TargetFrameworks)' != '' ) se evaluó como ( '' != '' ).
     1>El proyecto "D:\GitHub\Grado\DAM\2DAM\C Sharp\Creacion Componente\RA3_RelojDigital\RA3_RelojDigital.sln" (1) está compilando "D:\GitHub\Grado\DAM\2DAM\C Sharp\Creacion Componente\RA3_RelojDigital\TestRelojDigital\TestRelojDigital.csproj" (2:2) en el nodo 2 (_GenerateRestoreProjectPathWalk destinos).
   2:2>Se omitió el destino "_GenerateRestoreProjectPathItemsAllFrameworks" debido a una condición falsa (False); ( '$(TargetFrameworks)' != '' ) se evaluó como ( '' != '' ).
   2:2>Destino "_GenerateRestoreProjectPathItemsPerFramework" en el archivo "C:\Program Files\dotnet\sdk\9.0.305\NuGet.targets" del proyecto "D:\GitHub\Grado\DAM\2DAM\C Sharp\Creacion Componente\RA3_RelojDigital\TestRelojDigital\TestRelojDigital.csproj" (el destino "_GenerateRestoreProjectPathItemsCurrentProject" depende de él):
       Usando la tarea "ConvertToAbsolutePath" del ensamblado "Microsoft.Build.Tasks.Core, Version=15.1.0.0, Culture=neutral, PublicKeyToken=b03f5f7f11d50a3a".
       Tarea "ConvertToAbsolutePath"
       Ejecución de la tarea "ConvertToAbsolutePath" terminada.
   2:2>Compilación terminada del destino "_GenerateRestoreProjectPathItemsPerFramework" en el proyecto "TestRelojDigital.csproj".
   2:2>Destino "_GenerateRestoreProjectPathItemsCurrentProject" en el archivo "C:\Program Files\dotnet\sdk\9.0.305\NuGet.targets" del proyecto "D:\GitHub\Grado\DAM\2DAM\C Sharp\Creacion Componente\RA3_RelojDigital\TestRelojDigital\TestRelojDigital.csproj" (el destino "_GenerateRestoreProjectPathItems" depende de él):
   2:2>Compilación terminada del destino "_GenerateRestoreProjectPathItemsCurrentProject" en el proyecto "TestRelojDigital.csproj".
   2:2>Destino "_GenerateRestoreProjectPathItems" en el archivo "C:\Program Files\dotnet\sdk\9.0.305\NuGet.targets" del proyecto "D:\GitHub\Grado\DAM\2DAM\C Sharp\Creacion Componente\RA3_RelojDigital\TestRelojDigital\TestRelojDigital.csproj" (el destino "_GenerateRestoreProjectPathWalk" depende de él):
       Usando la tarea "RemoveDuplicates" del ensamblado "Microsoft.Build.Tasks.Core, Version=15.1.0.0, Culture=neutral, PublicKeyToken=b03f5f7f11d50a3a".
       Tarea "RemoveDuplicates"
       Ejecución de la tarea "RemoveDuplicates" terminada.
   2:2>Compilación terminada del destino "_GenerateRestoreProjectPathItems" en el proyecto "TestRelojDigital.csproj".
   2:2>Destino "_GenerateRestoreProjectPathWalk" en el archivo "C:\Program Files\dotnet\sdk\9.0.305\NuGet.targets" del proyecto "D:\GitHub\Grado\DAM\2DAM\C Sharp\Creacion Componente\RA3_RelojDigital\TestRelojDigital\TestRelojDigital.csproj" (punto de entrada):
       Usando la tarea "MSBuild" del ensamblado "Microsoft.Build.Tasks.Core, Version=15.1.0.0, Culture=neutral, PublicKeyToken=b03f5f7f11d50a3a".
       Tarea "MSBuild"
         Propiedades globales:
           ExcludeRestorePackageImports=true
           _RestoreSolutionFileUsed=true
           SolutionDir=D:\GitHub\Grado\DAM\2DAM\C Sharp\Creacion Componente\RA3_RelojDigital\
           SolutionName=RA3_RelojDigital
           SolutionFileName=RA3_RelojDigital.sln
           SolutionPath=D:\GitHub\Grado\DAM\2DAM\C Sharp\Creacion Componente\RA3_RelojDigital\RA3_RelojDigital.sln
           SolutionExt=.sln
   3:2>Destino "_GenerateRestoreProjectPathItemsPerFramework" en el archivo "C:\Program Files\dotnet\sdk\9.0.305\NuGet.targets" del proyecto "D:\GitHub\Grado\DAM\2DAM\C Sharp\Creacion Componente\RA3_RelojDigital\MisComponentesLib\MisComponentesLib.csproj" (el destino "_GenerateRestoreProjectPathItemsCurrentProject" depende de él):
   3:2>Usando la tarea "ConvertToAbsolutePath" del ensamblado "Microsoft.Build.Tasks.Core, Version=15.1.0.0, Culture=neutral, PublicKeyToken=b03f5f7f11d50a3a".
       Tarea "ConvertToAbsolutePath"
       Ejecución de la tarea "ConvertToAbsolutePath" terminada.
   3:2>Compilación terminada del destino "_GenerateRestoreProjectPathItemsPerFramework" en el proyecto "MisComponentesLib.csproj".
   3:2>Destino "_GenerateRestoreProjectPathItemsCurrentProject" en el archivo "C:\Program Files\dotnet\sdk\9.0.305\NuGet.targets" del proyecto "D:\GitHub\Grado\DAM\2DAM\C Sharp\Creacion Componente\RA3_RelojDigital\MisComponentesLib\MisComponentesLib.csproj" (el destino "_GenerateRestoreProjectPathItems" depende de él):
   3:2>Compilación terminada del destino "_GenerateRestoreProjectPathItemsCurrentProject" en el proyecto "MisComponentesLib.csproj".
   3:2>Destino "_GenerateRestoreProjectPathItems" en el archivo "C:\Program Files\dotnet\sdk\9.0.305\NuGet.targets" del proyecto "D:\GitHub\Grado\DAM\2DAM\C Sharp\Creacion Componente\RA3_RelojDigital\MisComponentesLib\MisComponentesLib.csproj" (el destino "_GenerateRestoreProjectPathWalk" depende de él):
       Usando la tarea "RemoveDuplicates" del ensamblado "Microsoft.Build.Tasks.Core, Version=15.1.0.0, Culture=neutral, PublicKeyToken=b03f5f7f11d50a3a".
       Tarea "RemoveDuplicates"
       Ejecución de la tarea "RemoveDuplicates" terminada.
   3:2>Compilación terminada del destino "_GenerateRestoreProjectPathItems" en el proyecto "MisComponentesLib.csproj".
   3:2>Destino "_GenerateRestoreProjectPathWalk" en el archivo "C:\Program Files\dotnet\sdk\9.0.305\NuGet.targets" del proyecto "D:\GitHub\Grado\DAM\2DAM\C Sharp\Creacion Componente\RA3_RelojDigital\MisComponentesLib\MisComponentesLib.csproj" (punto de entrada):
       Usando la tarea "MSBuild" del ensamblado "Microsoft.Build.Tasks.Core, Version=15.1.0.0, Culture=neutral, PublicKeyToken=b03f5f7f11d50a3a".
       Tarea "MSBuild"
       Ejecución de la tarea "MSBuild" terminada.
       Se omitió la tarea "MSBuild" debido a una condición falsa (False); ( '$(RestoreUseSkipNonexistentTargets)' != 'true' ) se evaluó como ( 'true' != 'true' ).
       Tarea "RemoveDuplicates"
       Ejecución de la tarea "RemoveDuplicates" terminada.
   3:2>Compilación terminada del destino "_GenerateRestoreProjectPathWalk" en el proyecto "MisComponentesLib.csproj".
   3:2>Compilación del proyecto terminada "D:\GitHub\Grado\DAM\2DAM\C Sharp\Creacion Componente\RA3_RelojDigital\MisComponentesLib\MisComponentesLib.csproj" (_GenerateRestoreProjectPathWalk destinos).
   2:2>El proyecto "D:\GitHub\Grado\DAM\2DAM\C Sharp\Creacion Componente\RA3_RelojDigital\TestRelojDigital\TestRelojDigital.csproj" (2:2) está compilando "D:\GitHub\Grado\DAM\2DAM\C Sharp\Creacion Componente\RA3_RelojDigital\MisComponentesLib\MisComponentesLib.csproj" (3:3) en el nodo 1 (_GenerateRestoreProjectPathWalk destinos).
   3:3>Se omitió el destino "_GenerateRestoreProjectPathWalk". Compilado previamente de forma correcta.
   3:3>Compilación del proyecto terminada "D:\GitHub\Grado\DAM\2DAM\C Sharp\Creacion Componente\RA3_RelojDigital\MisComponentesLib\MisComponentesLib.csproj" (_GenerateRestoreProjectPathWalk destinos).
   2:2>Ejecución de la tarea "MSBuild" terminada.
       Se omitió la tarea "MSBuild" debido a una condición falsa (False); ( '$(RestoreUseSkipNonexistentTargets)' != 'true' ) se evaluó como ( 'true' != 'true' ).
       Tarea "RemoveDuplicates"
       Ejecución de la tarea "RemoveDuplicates" terminada.
   2:2>Compilación terminada del destino "_GenerateRestoreProjectPathWalk" en el proyecto "TestRelojDigital.csproj".
   2:2>Compilación del proyecto terminada "D:\GitHub\Grado\DAM\2DAM\C Sharp\Creacion Componente\RA3_RelojDigital\TestRelojDigital\TestRelojDigital.csproj" (_GenerateRestoreProjectPathWalk destinos).
     1>Ejecución de la tarea "MSBuild" terminada.
       Se omitió la tarea "MSBuild" debido a una condición falsa (False); ( '$(RestoreUseSkipNonexistentTargets)' != 'true' ) se evaluó como ( 'true' != 'true' ).
       Tarea "RemoveDuplicates"
       Ejecución de la tarea "RemoveDuplicates" terminada.
       Tarea "MSBuild"
         Propiedades globales:
           ExcludeRestorePackageImports=true
           _RestoreSolutionFileUsed=true
           SolutionDir=D:\GitHub\Grado\DAM\2DAM\C Sharp\Creacion Componente\RA3_RelojDigital\
           SolutionName=RA3_RelojDigital
           SolutionFileName=RA3_RelojDigital.sln
           SolutionPath=D:\GitHub\Grado\DAM\2DAM\C Sharp\Creacion Componente\RA3_RelojDigital\RA3_RelojDigital.sln
           SolutionExt=.sln
         Propiedades adicionales del proyecto "D:\GitHub\Grado\DAM\2DAM\C Sharp\Creacion Componente\RA3_RelojDigital\MisComponentesLib\MisComponentesLib.csproj":
           Configuration=Debug
           Platform=AnyCPU
         Propiedades adicionales del proyecto "D:\GitHub\Grado\DAM\2DAM\C Sharp\Creacion Componente\RA3_RelojDigital\TestRelojDigital\TestRelojDigital.csproj":
           Configuration=Debug
           Platform=AnyCPU
     1>El proyecto "D:\GitHub\Grado\DAM\2DAM\C Sharp\Creacion Componente\RA3_RelojDigital\RA3_RelojDigital.sln" (1) está compilando "D:\GitHub\Grado\DAM\2DAM\C Sharp\Creacion Componente\RA3_RelojDigital\MisComponentesLib\MisComponentesLib.csproj" (3:4) en el nodo 1 (_IsProjectRestoreSupported destinos).
   3:4>Se omitió el destino "_IsProjectRestoreSupported". Compilado previamente de forma correcta.
   3:4>Compilación del proyecto terminada "D:\GitHub\Grado\DAM\2DAM\C Sharp\Creacion Componente\RA3_RelojDigital\MisComponentesLib\MisComponentesLib.csproj" (_IsProjectRestoreSupported destinos).
     1>El proyecto "D:\GitHub\Grado\DAM\2DAM\C Sharp\Creacion Componente\RA3_RelojDigital\RA3_RelojDigital.sln" (1) está compilando "D:\GitHub\Grado\DAM\2DAM\C Sharp\Creacion Componente\RA3_RelojDigital\TestRelojDigital\TestRelojDigital.csproj" (2:3) en el nodo 1 (_IsProjectRestoreSupported destinos).
   2:3>Se omitió el destino "_IsProjectRestoreSupported". Compilado previamente de forma correcta.
   2:3>Compilación del proyecto terminada "D:\GitHub\Grado\DAM\2DAM\C Sharp\Creacion Componente\RA3_RelojDigital\TestRelojDigital\TestRelojDigital.csproj" (_IsProjectRestoreSupported destinos).
     1>Ejecución de la tarea "MSBuild" terminada.
       Se omitió la tarea "MSBuild" debido a una condición falsa (False); ( '$(RestoreUseSkipNonexistentTargets)' != 'true' ) se evaluó como ( 'true' != 'true' ).
     1>Compilación terminada del destino "_GetAllRestoreProjectPathItems" en el proyecto "RA3_RelojDigital.sln".
     1>Destino "_GenerateRestoreGraph" en el archivo "C:\Program Files\dotnet\sdk\9.0.305\NuGet.targets" del proyecto "D:\GitHub\Grado\DAM\2DAM\C Sharp\Creacion Componente\RA3_RelojDigital\RA3_RelojDigital.sln" (el destino "Restore" depende de él):
       Tarea "Message"
         Generating dg file
       Ejecución de la tarea "Message" terminada.
       Tarea "Message"
         D:\GitHub\Grado\DAM\2DAM\C Sharp\Creacion Componente\RA3_RelojDigital\MisComponentesLib\MisComponentesLib.csproj
       Ejecución de la tarea "Message" terminada.
       Tarea "Message"
         D:\GitHub\Grado\DAM\2DAM\C Sharp\Creacion Componente\RA3_RelojDigital\TestRelojDigital\TestRelojDigital.csproj
       Ejecución de la tarea "Message" terminada.
       Tarea "MSBuild"
         Propiedades globales:
           ExcludeRestorePackageImports=true
           _RestoreSolutionFileUsed=true
           SolutionDir=D:\GitHub\Grado\DAM\2DAM\C Sharp\Creacion Componente\RA3_RelojDigital\
           SolutionName=RA3_RelojDigital
           SolutionFileName=RA3_RelojDigital.sln
           SolutionPath=D:\GitHub\Grado\DAM\2DAM\C Sharp\Creacion Componente\RA3_RelojDigital\RA3_RelojDigital.sln
           SolutionExt=.sln
         Propiedades adicionales del proyecto "D:\GitHub\Grado\DAM\2DAM\C Sharp\Creacion Componente\RA3_RelojDigital\MisComponentesLib\MisComponentesLib.csproj":
           Configuration=Debug
           Platform=AnyCPU
         Propiedades adicionales del proyecto "D:\GitHub\Grado\DAM\2DAM\C Sharp\Creacion Componente\RA3_RelojDigital\TestRelojDigital\TestRelojDigital.csproj":
           Configuration=Debug
           Platform=AnyCPU
     1>El proyecto "D:\GitHub\Grado\DAM\2DAM\C Sharp\Creacion Componente\RA3_RelojDigital\RA3_RelojDigital.sln" (1) está compilando "D:\GitHub\Grado\DAM\2DAM\C Sharp\Creacion Componente\RA3_RelojDigital\MisComponentesLib\MisComponentesLib.csproj" (3:5) en el nodo 1 (_GenerateRestoreGraphProjectEntry destinos).
   3:5>Destino "_GetProjectJsonPath" en el archivo "C:\Program Files\dotnet\sdk\9.0.305\NuGet.targets" del proyecto "D:\GitHub\Grado\DAM\2DAM\C Sharp\Creacion Componente\RA3_RelojDigital\MisComponentesLib\MisComponentesLib.csproj" (el destino "_GetRestoreProjectStyle" depende de él):
   3:5>Se omitió la tarea "GetRestoreProjectJsonPathTask" debido a una condición falsa (False); ( '$(RestoreProjectStyle)' == 'ProjectJson' OR '$(RestoreProjectStyle)' == '' ) se evaluó como ( 'PackageReference' == 'ProjectJson' OR 'PackageReference' == '' ).
   3:5>Compilación terminada del destino "_GetProjectJsonPath" en el proyecto "MisComponentesLib.csproj".
       Se omitió el destino "_CheckForUnsupportedTargetPlatformIdentifier" debido a una condición falsa (False); ('$(TargetPlatformIdentifier)' != '' and '$(TargetFrameworkIdentifier)' == '.NETCoreApp' and $([MSBuild]::VersionGreaterThanOrEquals($(TargetFrameworkVersion), 5.0)) And ('$(DesignTimeBuild)' != 'true' Or '@(MissingWorkloadPack)' == '')) se evaluó como ('Windows' != '' and '.NETFramework' == '.NETCoreApp' and False And ('' != 'true' Or '' == '')).
       Se omitió el destino "_CheckForMissingWorkload" debido a una condición falsa (False); ('@(MissingWorkloadPack)' != '' And '$(DesignTimeBuild)' != 'true') se evaluó como ('' != '' And '' != 'true').
     1>El proyecto "D:\GitHub\Grado\DAM\2DAM\C Sharp\Creacion Componente\RA3_RelojDigital\RA3_RelojDigital.sln" (1) está compilando "D:\GitHub\Grado\DAM\2DAM\C Sharp\Creacion Componente\RA3_RelojDigital\TestRelojDigital\TestRelojDigital.csproj" (2:4) en el nodo 2 (_GenerateRestoreGraphProjectEntry destinos).
   2:4>Destino "_GetProjectJsonPath" en el archivo "C:\Program Files\dotnet\sdk\9.0.305\NuGet.targets" del proyecto "D:\GitHub\Grado\DAM\2DAM\C Sharp\Creacion Componente\RA3_RelojDigital\TestRelojDigital\TestRelojDigital.csproj" (el destino "_GetRestoreProjectStyle" depende de él):
   2:4>Se omitió la tarea "GetRestoreProjectJsonPathTask" debido a una condición falsa (False); ( '$(RestoreProjectStyle)' == 'ProjectJson' OR '$(RestoreProjectStyle)' == '' ) se evaluó como ( 'PackageReference' == 'ProjectJson' OR 'PackageReference' == '' ).
   3:5>Se omitió el destino "_CheckForUnsupportedNETCoreVersion" debido a una condición falsa (False); ('$(TargetFrameworkIdentifier)' == '.NETCoreApp' And '$(NETCoreAppMaximumVersion)' != '') se evaluó como ('.NETFramework' == '.NETCoreApp' And '9.0' != '').
   2:4>Compilación terminada del destino "_GetProjectJsonPath" en el proyecto "TestRelojDigital.csproj".
       Se omitió el destino "_CheckForUnsupportedTargetPlatformIdentifier" debido a una condición falsa (False); ('$(TargetPlatformIdentifier)' != '' and '$(TargetFrameworkIdentifier)' == '.NETCoreApp' and $([MSBuild]::VersionGreaterThanOrEquals($(TargetFrameworkVersion), 5.0)) And ('$(DesignTimeBuild)' != 'true' Or '@(MissingWorkloadPack)' == '')) se evaluó como ('Windows' != '' and '.NETFramework' == '.NETCoreApp' and False And ('' != 'true' Or '' == '')).
       Se omitió el destino "_CheckForMissingWorkload" debido a una condición falsa (False); ('@(MissingWorkloadPack)' != '' And '$(DesignTimeBuild)' != 'true') se evaluó como ('' != '' And '' != 'true').
       Se omitió el destino "_CheckForUnsupportedNETCoreVersion" debido a una condición falsa (False); ('$(TargetFrameworkIdentifier)' == '.NETCoreApp' And '$(NETCoreAppMaximumVersion)' != '') se evaluó como ('.NETFramework' == '.NETCoreApp' And '9.0' != '').
       Se omitió el destino "_CheckForEolTargetFrameworks" debido a una condición falsa (False); ('@(_EolNetCoreTargetFrameworkVersions->AnyHaveMetadataValue('Identity', '$(_TargetFrameworkVersionWithoutV)'))' and '$(TargetFrameworkIdentifier)' == '.NETCoreApp' and '$(CheckEolTargetFramework)' == 'true') se evaluó como ('false' and '.NETFramework' == '.NETCoreApp' and 'true' == 'true').
       Se omitió el destino "_CheckForEolWorkloads" debido a una condición falsa (False); ('@(EolWorkload)' != '' and '$(CheckEolWorkloads)' == 'true') se evaluó como ('' != '' and 'true' == 'true').
       Se omitió el destino "_CheckForNotRecommendedNETStandardVersion" debido a una condición falsa (False); ('$(TargetFrameworkIdentifier)' == '.NETStandard' and $([MSBuild]::VersionLessThan($(TargetFrameworkVersion), '2.0'))) se evaluó como ('.NETFramework' == '.NETStandard' and False).
   2:4>Destino "_CheckForUnsupportedCppNETCoreVersion" en el archivo "C:\Program Files\dotnet\sdk\9.0.305\Sdks\Microsoft.NET.Sdk\targets\Microsoft.NET.TargetFrameworkInference.targets" del proyecto "D:\GitHub\Grado\DAM\2DAM\C Sharp\Creacion Componente\RA3_RelojDigital\TestRelojDigital\TestRelojDigital.csproj" (el destino "CollectPackageReferences" depende de él):
       Se omitió la tarea "NETSdkError" debido a una condición falsa (False); ('$(TargetFrameworkIdentifier)' == '.NETCoreApp' and '$(_TargetFrameworkVersionWithoutV)' < '3.1' and ('$(Language)' == 'C++' and '$(_EnablePackageReferencesInVCProjects)' != 'true')) se evaluó como ('.NETFramework' == '.NETCoreApp' and '4.7.2' < '3.1' and ('C#' == 'C++' and '' != 'true')).
   2:4>Compilación terminada del destino "_CheckForUnsupportedCppNETCoreVersion" en el proyecto "TestRelojDigital.csproj".
       Se omitió el destino "_CheckForUnsupportedNETStandardVersion" debido a una condición falsa (False); ('$(TargetFrameworkIdentifier)' == '.NETStandard' And '$(NETStandardMaximumVersion)' != '') se evaluó como ('.NETFramework' == '.NETStandard' And '' != '').
   3:5>Se omitió el destino "_CheckForEolTargetFrameworks" debido a una condición falsa (False); ('@(_EolNetCoreTargetFrameworkVersions->AnyHaveMetadataValue('Identity', '$(_TargetFrameworkVersionWithoutV)'))' and '$(TargetFrameworkIdentifier)' == '.NETCoreApp' and '$(CheckEolTargetFramework)' == 'true') se evaluó como ('false' and '.NETFramework' == '.NETCoreApp' and '' == 'true').
       Se omitió el destino "_CheckForEolWorkloads" debido a una condición falsa (False); ('@(EolWorkload)' != '' and '$(CheckEolWorkloads)' == 'true') se evaluó como ('' != '' and 'true' == 'true').
   2:4>Destino "_CheckForUnsupportedTargetFrameworkAndFeatureCombination" en el archivo "C:\Program Files\dotnet\sdk\9.0.305\Sdks\Microsoft.NET.Sdk\targets\Microsoft.NET.TargetFrameworkInference.targets" del proyecto "D:\GitHub\Grado\DAM\2DAM\C Sharp\Creacion Componente\RA3_RelojDigital\TestRelojDigital\TestRelojDigital.csproj" (el destino "CollectPackageReferences" depende de él):
   2:4>Se omitió la tarea "NETSdkError" debido a una condición falsa (False); ('$(UsingNETSdkDefaults)' != 'true') se evaluó como ('true' != 'true').
   3:5>Se omitió el destino "_CheckForNotRecommendedNETStandardVersion" debido a una condición falsa (False); ('$(TargetFrameworkIdentifier)' == '.NETStandard' and $([MSBuild]::VersionLessThan($(TargetFrameworkVersion), '2.0'))) se evaluó como ('.NETFramework' == '.NETStandard' and False).
   3:5>Destino "_CheckForUnsupportedCppNETCoreVersion" en el archivo "C:\Program Files\dotnet\sdk\9.0.305\Sdks\Microsoft.NET.Sdk\targets\Microsoft.NET.TargetFrameworkInference.targets" del proyecto "D:\GitHub\Grado\DAM\2DAM\C Sharp\Creacion Componente\RA3_RelojDigital\MisComponentesLib\MisComponentesLib.csproj" (el destino "CollectPackageReferences" depende de él):
       Se omitió la tarea "NETSdkError" debido a una condición falsa (False); ('$(TargetFrameworkIdentifier)' == '.NETCoreApp' and '$(_TargetFrameworkVersionWithoutV)' < '3.1' and ('$(Language)' == 'C++' and '$(_EnablePackageReferencesInVCProjects)' != 'true')) se evaluó como ('.NETFramework' == '.NETCoreApp' and '4.7.2' < '3.1' and ('C#' == 'C++' and '' != 'true')).
   2:4>Compilación terminada del destino "_CheckForUnsupportedTargetFrameworkAndFeatureCombination" en el proyecto "TestRelojDigital.csproj".
   3:5>Compilación terminada del destino "_CheckForUnsupportedCppNETCoreVersion" en el proyecto "MisComponentesLib.csproj".
       Se omitió el destino "_CheckForUnsupportedNETStandardVersion" debido a una condición falsa (False); ('$(TargetFrameworkIdentifier)' == '.NETStandard' And '$(NETStandardMaximumVersion)' != '') se evaluó como ('.NETFramework' == '.NETStandard' And '' != '').
   2:4>Se omitió el destino "ApplyImplicitVersions" debido a una condición falsa (False); ('@(PackageReference)' != '') se evaluó como ('' != '').
   3:5>Destino "_CheckForUnsupportedTargetFrameworkAndFeatureCombination" en el archivo "C:\Program Files\dotnet\sdk\9.0.305\Sdks\Microsoft.NET.Sdk\targets\Microsoft.NET.TargetFrameworkInference.targets" del proyecto "D:\GitHub\Grado\DAM\2DAM\C Sharp\Creacion Componente\RA3_RelojDigital\MisComponentesLib\MisComponentesLib.csproj" (el destino "CollectPackageReferences" depende de él):
   3:5>Se omitió la tarea "NETSdkError" debido a una condición falsa (False); ('$(UsingNETSdkDefaults)' != 'true') se evaluó como ('true' != 'true').
   3:5>Compilación terminada del destino "_CheckForUnsupportedTargetFrameworkAndFeatureCombination" en el proyecto "MisComponentesLib.csproj".
       Se omitió el destino "ApplyImplicitVersions" debido a una condición falsa (False); ('@(PackageReference)' != '') se evaluó como ('' != '').
   2:4>Destino "IncludeTargetingPackReference" en el archivo "C:\Program Files\dotnet\sdk\9.0.305\Sdks\Microsoft.NET.Sdk\targets\Microsoft.NET.Sdk.FrameworkReferenceResolution.targets" del proyecto "D:\GitHub\Grado\DAM\2DAM\C Sharp\Creacion Componente\RA3_RelojDigital\TestRelojDigital\TestRelojDigital.csproj" (el destino "CheckForImplicitPackageReferenceOverrides" depende de él):
   2:4>Usando la tarea "GetReferenceAssemblyPaths" del ensamblado "Microsoft.Build.Tasks.Core, Version=15.1.0.0, Culture=neutral, PublicKeyToken=b03f5f7f11d50a3a".
       Tarea "GetReferenceAssemblyPaths"
       Ejecución de la tarea "GetReferenceAssemblyPaths" terminada.
   2:4>Compilación terminada del destino "IncludeTargetingPackReference" en el proyecto "TestRelojDigital.csproj".
   2:4>Destino "CheckForImplicitPackageReferenceOverrides" en el archivo "C:\Program Files\dotnet\sdk\9.0.305\Sdks\Microsoft.NET.Sdk\targets\Microsoft.NET.Sdk.DefaultItems.Shared.targets" del proyecto "D:\GitHub\Grado\DAM\2DAM\C Sharp\Creacion Componente\RA3_RelojDigital\TestRelojDigital\TestRelojDigital.csproj" (el destino "CollectPackageReferences" depende de él):
       Usando la tarea "CheckForImplicitPackageReferenceOverrides" del ensamblado "C:\Program Files\dotnet\sdk\9.0.305\Sdks\Microsoft.NET.Sdk\targets\..\tools\net9.0\Microsoft.NET.Build.Tasks.dll".
   3:5>Destino "IncludeTargetingPackReference" en el archivo "C:\Program Files\dotnet\sdk\9.0.305\Sdks\Microsoft.NET.Sdk\targets\Microsoft.NET.Sdk.FrameworkReferenceResolution.targets" del proyecto "D:\GitHub\Grado\DAM\2DAM\C Sharp\Creacion Componente\RA3_RelojDigital\MisComponentesLib\MisComponentesLib.csproj" (el destino "CheckForImplicitPackageReferenceOverrides" depende de él):
   3:5>Usando la tarea "GetReferenceAssemblyPaths" del ensamblado "Microsoft.Build.Tasks.Core, Version=15.1.0.0, Culture=neutral, PublicKeyToken=b03f5f7f11d50a3a".
       Tarea "GetReferenceAssemblyPaths"
   2:4>Tarea "CheckForImplicitPackageReferenceOverrides"
       Ejecución de la tarea "CheckForImplicitPackageReferenceOverrides" terminada.
   2:4>Compilación terminada del destino "CheckForImplicitPackageReferenceOverrides" en el proyecto "TestRelojDigital.csproj".
       Se omitió el destino "ProcessFrameworkReferences" debido a una condición falsa (False); ('@(FrameworkReference)' != '' Or '$(_RequiresILLinkPack)' == 'true') se evaluó como ('' != '' Or '' == 'true').
       Se omitió el destino "_NormalizeTargetPlatformVersion" debido a una condición falsa (False); ('$(TargetPlatformVersion)' != '' and '$(TargetFrameworkIdentifier)' == '.NETCoreApp' and $([MSBuild]::VersionGreaterThanOrEquals($(TargetFrameworkVersion), 5.0)) and ('$(Language)' != 'C++' or '$(_EnablePackageReferencesInVCProjects)' == 'true')) se evaluó como ('7.0' != '' and '.NETFramework' == '.NETCoreApp' and False and ('C#' != 'C++' or '' == 'true')).
   2:4>Destino "_CheckForLanguageAndFeatureCombinationSupport" en el archivo "C:\Program Files\dotnet\sdk\9.0.305\Sdks\Microsoft.NET.Sdk\targets\Microsoft.NET.RuntimeIdentifierInference.targets" del proyecto "D:\GitHub\Grado\DAM\2DAM\C Sharp\Creacion Componente\RA3_RelojDigital\TestRelojDigital\TestRelojDigital.csproj" (el destino "ProcessFrameworkReferences" depende de él):
       Se omitió la tarea "NETSdkError" debido a una condición falsa (False); (('$(Language)' == 'C++' and '$(_EnablePackageReferencesInVCProjects)' != 'true') and $(OutputType) != 'library' and '$(TargetFrameworkIdentifier)' == '.NETCoreApp') se evaluó como (('C#' == 'C++' and '' != 'true') and WinExe != 'library' and '.NETFramework' == '.NETCoreApp').
       Se omitió la tarea "NETSdkError" debido a una condición falsa (False); (('$(Language)' == 'C++' and '$(_EnablePackageReferencesInVCProjects)' != 'true') and $(EnableComHosting) == 'true') se evaluó como (('C#' == 'C++' and '' != 'true') and  == 'true').
       Se omitió la tarea "NETSdkError" debido a una condición falsa (False); (('$(Language)' == 'C++' and '$(_EnablePackageReferencesInVCProjects)' != 'true') and $(SelfContained) == 'true') se evaluó como (('C#' == 'C++' and '' != 'true') and  == 'true').
   2:4>Compilación terminada del destino "_CheckForLanguageAndFeatureCombinationSupport" en el proyecto "TestRelojDigital.csproj".
       Se omitió el destino "ApplyImplicitVersions" debido a una condición falsa (False); ('@(PackageReference)' != '') se evaluó como ('' != '').
   2:4>Destino "_ComputeToolPackInputsToProcessFrameworkReferences" en el archivo "C:\Program Files\dotnet\sdk\9.0.305\Sdks\Microsoft.NET.Sdk\targets\Microsoft.NET.Publish.targets" del proyecto "D:\GitHub\Grado\DAM\2DAM\C Sharp\Creacion Componente\RA3_RelojDigital\TestRelojDigital\TestRelojDigital.csproj" (el destino "ProcessFrameworkReferences" depende de él):
   2:4>Compilación terminada del destino "_ComputeToolPackInputsToProcessFrameworkReferences" en el proyecto "TestRelojDigital.csproj".
       Se omitió el destino "IncludeTargetingPackReference". Compilado previamente de forma correcta.
   3:5>Ejecución de la tarea "GetReferenceAssemblyPaths" terminada.
   2:4>Se omitió el destino "_CheckMicrosoftNetCompilersToolsetFrameworkPackageReference" debido a una condición falsa (False); ('$(MSBuildRuntimeType)' == 'Full') se evaluó como ('Core' == 'Full').
   2:4>Destino "_CheckForObsoleteDotNetCliToolReferences" en el archivo "C:\Program Files\dotnet\sdk\9.0.305\Sdks\Microsoft.NET.Sdk\targets\Microsoft.NET.ObsoleteReferences.targets" del proyecto "D:\GitHub\Grado\DAM\2DAM\C Sharp\Creacion Componente\RA3_RelojDigital\TestRelojDigital\TestRelojDigital.csproj" (el destino "CollectPackageReferences" depende de él):
       Se omitió la tarea "NETSdkWarning" debido a una condición falsa (False); ( '%(_ReferenceToObsoleteDotNetCliTool.Identity)' != '' ) se evaluó como ( '' != '' ).
   2:4>Compilación terminada del destino "_CheckForObsoleteDotNetCliToolReferences" en el proyecto "TestRelojDigital.csproj".
   3:5>Compilación terminada del destino "IncludeTargetingPackReference" en el proyecto "MisComponentesLib.csproj".
   2:4>Destino "CollectPackageReferences" en el archivo "C:\Program Files\dotnet\sdk\9.0.305\NuGet.targets" del proyecto "D:\GitHub\Grado\DAM\2DAM\C Sharp\Creacion Componente\RA3_RelojDigital\TestRelojDigital\TestRelojDigital.csproj" (el destino "_GetRestoreProjectStyle" depende de él):
   2:4>Usando la tarea "CheckForDuplicateNuGetItemsTask" del ensamblado "C:\Program Files\dotnet\sdk\9.0.305\NuGet.Build.Tasks.dll".
       Tarea "CheckForDuplicateNuGetItemsTask"
       Ejecución de la tarea "CheckForDuplicateNuGetItemsTask" terminada.
   2:4>Compilación terminada del destino "CollectPackageReferences" en el proyecto "TestRelojDigital.csproj".
   2:4>Destino "_GetRestoreProjectStyle" en el archivo "C:\Program Files\dotnet\sdk\9.0.305\NuGet.targets" del proyecto "D:\GitHub\Grado\DAM\2DAM\C Sharp\Creacion Componente\RA3_RelojDigital\TestRelojDigital\TestRelojDigital.csproj" (el destino "_GenerateRestoreSpecs" depende de él):
       Usando la tarea "GetRestoreProjectStyleTask" del ensamblado "C:\Program Files\dotnet\sdk\9.0.305\NuGet.Build.Tasks.dll".
       Tarea "GetRestoreProjectStyleTask"
       Ejecución de la tarea "GetRestoreProjectStyleTask" terminada.
   2:4>Compilación terminada del destino "_GetRestoreProjectStyle" en el proyecto "TestRelojDigital.csproj".
   2:4>Destino "_GenerateRestoreSpecs" en el archivo "C:\Program Files\dotnet\sdk\9.0.305\NuGet.targets" del proyecto "D:\GitHub\Grado\DAM\2DAM\C Sharp\Creacion Componente\RA3_RelojDigital\TestRelojDigital\TestRelojDigital.csproj" (el destino "_GenerateRestoreGraphProjectEntry" depende de él):
       Usando la tarea "Message" del ensamblado "Microsoft.Build.Tasks.Core, Version=15.1.0.0, Culture=neutral, PublicKeyToken=b03f5f7f11d50a3a".
       Tarea "Message"
         Restore entry point D:\GitHub\Grado\DAM\2DAM\C Sharp\Creacion Componente\RA3_RelojDigital\TestRelojDigital\TestRelojDigital.csproj
       Ejecución de la tarea "Message" terminada.
   2:4>Compilación terminada del destino "_GenerateRestoreSpecs" en el proyecto "TestRelojDigital.csproj".
   2:4>Destino "_GetRestoreSettingsOverrides" en el archivo "C:\Program Files\dotnet\sdk\9.0.305\NuGet.targets" del proyecto "D:\GitHub\Grado\DAM\2DAM\C Sharp\Creacion Componente\RA3_RelojDigital\TestRelojDigital\TestRelojDigital.csproj" (el destino "_GetRestoreSettings" depende de él):
       Se omitió la tarea "MSBuild" debido a una condición falsa (False); ( '$(RestorePackagesPath)' != '' ) se evaluó como ( '' != '' ).
       Se omitió la tarea "MSBuild" debido a una condición falsa (False); ( '$(RestoreRepositoryPathOverride)' != '' ) se evaluó como ( '' != '' ).
       Se omitió la tarea "MSBuild" debido a una condición falsa (False); ( '$(RestoreSources)' != '' ) se evaluó como ( '' != '' ).
       Se omitió la tarea "MSBuild" debido a una condición falsa (False); ( '$(RestoreFallbackFolders)' != '' ) se evaluó como ( '' != '' ).
   2:4>Compilación terminada del destino "_GetRestoreSettingsOverrides" en el proyecto "TestRelojDigital.csproj".
   2:4>Destino "_GetRestoreSettingsPerFramework" en el archivo "C:\Program Files\dotnet\sdk\9.0.305\NuGet.targets" del proyecto "D:\GitHub\Grado\DAM\2DAM\C Sharp\Creacion Componente\RA3_RelojDigital\TestRelojDigital\TestRelojDigital.csproj" (el destino "_GetRestoreSettingsCurrentProject" depende de él):
   2:4>Compilación terminada del destino "_GetRestoreSettingsPerFramework" en el proyecto "TestRelojDigital.csproj".
   2:4>Destino "_GetRestoreSettingsCurrentProject" en el archivo "C:\Program Files\dotnet\sdk\9.0.305\NuGet.targets" del proyecto "D:\GitHub\Grado\DAM\2DAM\C Sharp\Creacion Componente\RA3_RelojDigital\TestRelojDigital\TestRelojDigital.csproj" (el destino "_GetRestoreSettings" depende de él):
   2:4>Compilación terminada del destino "_GetRestoreSettingsCurrentProject" en el proyecto "TestRelojDigital.csproj".
       Se omitió el destino "_GetRestoreSettingsAllFrameworks" debido a una condición falsa (False); ( '$(TargetFrameworks)' != '' AND '$(PackageReferenceCompatibleProjectStyle)' == 'true' ) se evaluó como ( '' != '' AND 'True' == 'true' ).
   2:4>Destino "_GetRestoreSettings" en el archivo "C:\Program Files\dotnet\sdk\9.0.305\NuGet.targets" del proyecto "D:\GitHub\Grado\DAM\2DAM\C Sharp\Creacion Componente\RA3_RelojDigital\TestRelojDigital\TestRelojDigital.csproj" (el destino "_GenerateDotnetCliToolReferenceSpecs" depende de él):
       Usando la tarea "GetRestoreSettingsTask" del ensamblado "C:\Program Files\dotnet\sdk\9.0.305\NuGet.Build.Tasks.dll".
       Tarea "GetRestoreSettingsTask"
   3:5>Destino "CheckForImplicitPackageReferenceOverrides" en el archivo "C:\Program Files\dotnet\sdk\9.0.305\Sdks\Microsoft.NET.Sdk\targets\Microsoft.NET.Sdk.DefaultItems.Shared.targets" del proyecto "D:\GitHub\Grado\DAM\2DAM\C Sharp\Creacion Componente\RA3_RelojDigital\MisComponentesLib\MisComponentesLib.csproj" (el destino "CollectPackageReferences" depende de él):
   3:5>Usando la tarea "CheckForImplicitPackageReferenceOverrides" del ensamblado "C:\Program Files\dotnet\sdk\9.0.305\Sdks\Microsoft.NET.Sdk\targets\..\tools\net9.0\Microsoft.NET.Build.Tasks.dll".
       Tarea "CheckForImplicitPackageReferenceOverrides"
   2:4>Ejecución de la tarea "GetRestoreSettingsTask" terminada.
   3:5>Ejecución de la tarea "CheckForImplicitPackageReferenceOverrides" terminada.
   2:4>Compilación terminada del destino "_GetRestoreSettings" en el proyecto "TestRelojDigital.csproj".
   3:5>Compilación terminada del destino "CheckForImplicitPackageReferenceOverrides" en el proyecto "MisComponentesLib.csproj".
       Se omitió el destino "ProcessFrameworkReferences" debido a una condición falsa (False); ('@(FrameworkReference)' != '' Or '$(_RequiresILLinkPack)' == 'true') se evaluó como ('' != '' Or '' == 'true').
       Se omitió el destino "_NormalizeTargetPlatformVersion" debido a una condición falsa (False); ('$(TargetPlatformVersion)' != '' and '$(TargetFrameworkIdentifier)' == '.NETCoreApp' and $([MSBuild]::VersionGreaterThanOrEquals($(TargetFrameworkVersion), 5.0)) and ('$(Language)' != 'C++' or '$(_EnablePackageReferencesInVCProjects)' == 'true')) se evaluó como ('7.0' != '' and '.NETFramework' == '.NETCoreApp' and False and ('C#' != 'C++' or '' == 'true')).
   2:4>Destino "_GenerateDotnetCliToolReferenceSpecs" en el archivo "C:\Program Files\dotnet\sdk\9.0.305\NuGet.targets" del proyecto "D:\GitHub\Grado\DAM\2DAM\C Sharp\Creacion Componente\RA3_RelojDigital\TestRelojDigital\TestRelojDigital.csproj" (el destino "_GenerateRestoreGraphProjectEntry" depende de él):
   2:4>Usando la tarea "GetRestoreDotnetCliToolsTask" del ensamblado "C:\Program Files\dotnet\sdk\9.0.305\NuGet.Build.Tasks.dll".
   3:5>Destino "_CheckForLanguageAndFeatureCombinationSupport" en el archivo "C:\Program Files\dotnet\sdk\9.0.305\Sdks\Microsoft.NET.Sdk\targets\Microsoft.NET.RuntimeIdentifierInference.targets" del proyecto "D:\GitHub\Grado\DAM\2DAM\C Sharp\Creacion Componente\RA3_RelojDigital\MisComponentesLib\MisComponentesLib.csproj" (el destino "ProcessFrameworkReferences" depende de él):
   3:5>Se omitió la tarea "NETSdkError" debido a una condición falsa (False); (('$(Language)' == 'C++' and '$(_EnablePackageReferencesInVCProjects)' != 'true') and $(OutputType) != 'library' and '$(TargetFrameworkIdentifier)' == '.NETCoreApp') se evaluó como (('C#' == 'C++' and '' != 'true') and Library != 'library' and '.NETFramework' == '.NETCoreApp').
       Se omitió la tarea "NETSdkError" debido a una condición falsa (False); (('$(Language)' == 'C++' and '$(_EnablePackageReferencesInVCProjects)' != 'true') and $(EnableComHosting) == 'true') se evaluó como (('C#' == 'C++' and '' != 'true') and  == 'true').
   2:4>Tarea "GetRestoreDotnetCliToolsTask"
   3:5>_CheckForLanguageAndFeatureCombinationSupport:
       Se omitió la tarea "NETSdkError" debido a una condición falsa (False); (('$(Language)' == 'C++' and '$(_EnablePackageReferencesInVCProjects)' != 'true') and $(SelfContained) == 'true') se evaluó como (('C#' == 'C++' and '' != 'true') and  == 'true').
   3:5>Compilación terminada del destino "_CheckForLanguageAndFeatureCombinationSupport" en el proyecto "MisComponentesLib.csproj".
       Se omitió el destino "ApplyImplicitVersions" debido a una condición falsa (False); ('@(PackageReference)' != '') se evaluó como ('' != '').
   2:4>Ejecución de la tarea "GetRestoreDotnetCliToolsTask" terminada.
   2:4>Compilación terminada del destino "_GenerateDotnetCliToolReferenceSpecs" en el proyecto "TestRelojDigital.csproj".
   2:4>Destino "_GenerateRestoreGraphProjectEntry" en el archivo "C:\Program Files\dotnet\sdk\9.0.305\NuGet.targets" del proyecto "D:\GitHub\Grado\DAM\2DAM\C Sharp\Creacion Componente\RA3_RelojDigital\TestRelojDigital\TestRelojDigital.csproj" (punto de entrada):
   2:4>Compilación terminada del destino "_GenerateRestoreGraphProjectEntry" en el proyecto "TestRelojDigital.csproj".
   2:4>Compilación del proyecto terminada "D:\GitHub\Grado\DAM\2DAM\C Sharp\Creacion Componente\RA3_RelojDigital\TestRelojDigital\TestRelojDigital.csproj" (_GenerateRestoreGraphProjectEntry destinos).
   3:5>Destino "_ComputeToolPackInputsToProcessFrameworkReferences" en el archivo "C:\Program Files\dotnet\sdk\9.0.305\Sdks\Microsoft.NET.Sdk\targets\Microsoft.NET.Publish.targets" del proyecto "D:\GitHub\Grado\DAM\2DAM\C Sharp\Creacion Componente\RA3_RelojDigital\MisComponentesLib\MisComponentesLib.csproj" (el destino "ProcessFrameworkReferences" depende de él):
   3:5>Compilación terminada del destino "_ComputeToolPackInputsToProcessFrameworkReferences" en el proyecto "MisComponentesLib.csproj".
       Se omitió el destino "IncludeTargetingPackReference". Compilado previamente de forma correcta.
       Se omitió el destino "_CheckMicrosoftNetCompilersToolsetFrameworkPackageReference" debido a una condición falsa (False); ('$(MSBuildRuntimeType)' == 'Full') se evaluó como ('Core' == 'Full').
   3:5>Destino "_CheckForObsoleteDotNetCliToolReferences" en el archivo "C:\Program Files\dotnet\sdk\9.0.305\Sdks\Microsoft.NET.Sdk\targets\Microsoft.NET.ObsoleteReferences.targets" del proyecto "D:\GitHub\Grado\DAM\2DAM\C Sharp\Creacion Componente\RA3_RelojDigital\MisComponentesLib\MisComponentesLib.csproj" (el destino "CollectPackageReferences" depende de él):
       Se omitió la tarea "NETSdkWarning" debido a una condición falsa (False); ( '%(_ReferenceToObsoleteDotNetCliTool.Identity)' != '' ) se evaluó como ( '' != '' ).
   3:5>Compilación terminada del destino "_CheckForObsoleteDotNetCliToolReferences" en el proyecto "MisComponentesLib.csproj".
   3:5>Destino "CollectPackageReferences" en el archivo "C:\Program Files\dotnet\sdk\9.0.305\NuGet.targets" del proyecto "D:\GitHub\Grado\DAM\2DAM\C Sharp\Creacion Componente\RA3_RelojDigital\MisComponentesLib\MisComponentesLib.csproj" (el destino "_GetRestoreProjectStyle" depende de él):
       Usando la tarea "CheckForDuplicateNuGetItemsTask" del ensamblado "C:\Program Files\dotnet\sdk\9.0.305\NuGet.Build.Tasks.dll".
       Tarea "CheckForDuplicateNuGetItemsTask"
       Ejecución de la tarea "CheckForDuplicateNuGetItemsTask" terminada.
   3:5>Compilación terminada del destino "CollectPackageReferences" en el proyecto "MisComponentesLib.csproj".
   3:5>Destino "_GetRestoreProjectStyle" en el archivo "C:\Program Files\dotnet\sdk\9.0.305\NuGet.targets" del proyecto "D:\GitHub\Grado\DAM\2DAM\C Sharp\Creacion Componente\RA3_RelojDigital\MisComponentesLib\MisComponentesLib.csproj" (el destino "_GenerateRestoreSpecs" depende de él):
       Usando la tarea "GetRestoreProjectStyleTask" del ensamblado "C:\Program Files\dotnet\sdk\9.0.305\NuGet.Build.Tasks.dll".
       Tarea "GetRestoreProjectStyleTask"
       Ejecución de la tarea "GetRestoreProjectStyleTask" terminada.
   3:5>Compilación terminada del destino "_GetRestoreProjectStyle" en el proyecto "MisComponentesLib.csproj".
   3:5>Destino "_GenerateRestoreSpecs" en el archivo "C:\Program Files\dotnet\sdk\9.0.305\NuGet.targets" del proyecto "D:\GitHub\Grado\DAM\2DAM\C Sharp\Creacion Componente\RA3_RelojDigital\MisComponentesLib\MisComponentesLib.csproj" (el destino "_GenerateRestoreGraphProjectEntry" depende de él):
       Usando la tarea "Message" del ensamblado "Microsoft.Build.Tasks.Core, Version=15.1.0.0, Culture=neutral, PublicKeyToken=b03f5f7f11d50a3a".
       Tarea "Message"
         Restore entry point D:\GitHub\Grado\DAM\2DAM\C Sharp\Creacion Componente\RA3_RelojDigital\MisComponentesLib\MisComponentesLib.csproj
       Ejecución de la tarea "Message" terminada.
   3:5>Compilación terminada del destino "_GenerateRestoreSpecs" en el proyecto "MisComponentesLib.csproj".
   3:5>Destino "_GetRestoreSettingsOverrides" en el archivo "C:\Program Files\dotnet\sdk\9.0.305\NuGet.targets" del proyecto "D:\GitHub\Grado\DAM\2DAM\C Sharp\Creacion Componente\RA3_RelojDigital\MisComponentesLib\MisComponentesLib.csproj" (el destino "_GetRestoreSettings" depende de él):
       Se omitió la tarea "MSBuild" debido a una condición falsa (False); ( '$(RestorePackagesPath)' != '' ) se evaluó como ( '' != '' ).
       Se omitió la tarea "MSBuild" debido a una condición falsa (False); ( '$(RestoreRepositoryPathOverride)' != '' ) se evaluó como ( '' != '' ).
       Se omitió la tarea "MSBuild" debido a una condición falsa (False); ( '$(RestoreSources)' != '' ) se evaluó como ( '' != '' ).
       Se omitió la tarea "MSBuild" debido a una condición falsa (False); ( '$(RestoreFallbackFolders)' != '' ) se evaluó como ( '' != '' ).
   3:5>Compilación terminada del destino "_GetRestoreSettingsOverrides" en el proyecto "MisComponentesLib.csproj".
   3:5>Destino "_GetRestoreSettingsPerFramework" en el archivo "C:\Program Files\dotnet\sdk\9.0.305\NuGet.targets" del proyecto "D:\GitHub\Grado\DAM\2DAM\C Sharp\Creacion Componente\RA3_RelojDigital\MisComponentesLib\MisComponentesLib.csproj" (el destino "_GetRestoreSettingsCurrentProject" depende de él):
   3:5>Compilación terminada del destino "_GetRestoreSettingsPerFramework" en el proyecto "MisComponentesLib.csproj".
   3:5>Destino "_GetRestoreSettingsCurrentProject" en el archivo "C:\Program Files\dotnet\sdk\9.0.305\NuGet.targets" del proyecto "D:\GitHub\Grado\DAM\2DAM\C Sharp\Creacion Componente\RA3_RelojDigital\MisComponentesLib\MisComponentesLib.csproj" (el destino "_GetRestoreSettings" depende de él):
   3:5>Compilación terminada del destino "_GetRestoreSettingsCurrentProject" en el proyecto "MisComponentesLib.csproj".
       Se omitió el destino "_GetRestoreSettingsAllFrameworks" debido a una condición falsa (False); ( '$(TargetFrameworks)' != '' AND '$(PackageReferenceCompatibleProjectStyle)' == 'true' ) se evaluó como ( '' != '' AND 'True' == 'true' ).
   3:5>Destino "_GetRestoreSettings" en el archivo "C:\Program Files\dotnet\sdk\9.0.305\NuGet.targets" del proyecto "D:\GitHub\Grado\DAM\2DAM\C Sharp\Creacion Componente\RA3_RelojDigital\MisComponentesLib\MisComponentesLib.csproj" (el destino "_GenerateDotnetCliToolReferenceSpecs" depende de él):
       Usando la tarea "GetRestoreSettingsTask" del ensamblado "C:\Program Files\dotnet\sdk\9.0.305\NuGet.Build.Tasks.dll".
       Tarea "GetRestoreSettingsTask"
         Ensamblado cargado durante TaskRun (NuGet.Build.Tasks.GetRestoreSettingsTask): NuGet.Configuration, Version=6.14.0.116, Culture=neutral, PublicKeyToken=31bf3856ad364e35(ubicación: C:\Program Files\dotnet\sdk\9.0.305\NuGet.Configuration.dll, MVID: b0f2e3cc-b478-45a0-a863-e83c6e00406f, AssemblyLoadContext: MSBuild plugin C:\Program Files\dotnet\sdk\9.0.305\NuGet.Build.Tasks.dll)
       Ejecución de la tarea "GetRestoreSettingsTask" terminada.
   3:5>Compilación terminada del destino "_GetRestoreSettings" en el proyecto "MisComponentesLib.csproj".
   3:5>Destino "_GenerateDotnetCliToolReferenceSpecs" en el archivo "C:\Program Files\dotnet\sdk\9.0.305\NuGet.targets" del proyecto "D:\GitHub\Grado\DAM\2DAM\C Sharp\Creacion Componente\RA3_RelojDigital\MisComponentesLib\MisComponentesLib.csproj" (el destino "_GenerateRestoreGraphProjectEntry" depende de él):
       Usando la tarea "GetRestoreDotnetCliToolsTask" del ensamblado "C:\Program Files\dotnet\sdk\9.0.305\NuGet.Build.Tasks.dll".
       Tarea "GetRestoreDotnetCliToolsTask"
       Ejecución de la tarea "GetRestoreDotnetCliToolsTask" terminada.
   3:5>Compilación terminada del destino "_GenerateDotnetCliToolReferenceSpecs" en el proyecto "MisComponentesLib.csproj".
   3:5>Destino "_GenerateRestoreGraphProjectEntry" en el archivo "C:\Program Files\dotnet\sdk\9.0.305\NuGet.targets" del proyecto "D:\GitHub\Grado\DAM\2DAM\C Sharp\Creacion Componente\RA3_RelojDigital\MisComponentesLib\MisComponentesLib.csproj" (punto de entrada):
   3:5>Compilación terminada del destino "_GenerateRestoreGraphProjectEntry" en el proyecto "MisComponentesLib.csproj".
   3:5>Compilación del proyecto terminada "D:\GitHub\Grado\DAM\2DAM\C Sharp\Creacion Componente\RA3_RelojDigital\MisComponentesLib\MisComponentesLib.csproj" (_GenerateRestoreGraphProjectEntry destinos).
     1>Ejecución de la tarea "MSBuild" terminada.
       Tarea "MSBuild"
         Propiedades globales:
           ExcludeRestorePackageImports=true
           _RestoreSolutionFileUsed=true
           SolutionDir=D:\GitHub\Grado\DAM\2DAM\C Sharp\Creacion Componente\RA3_RelojDigital\
           SolutionName=RA3_RelojDigital
           SolutionFileName=RA3_RelojDigital.sln
           SolutionPath=D:\GitHub\Grado\DAM\2DAM\C Sharp\Creacion Componente\RA3_RelojDigital\RA3_RelojDigital.sln
           SolutionExt=.sln
         Propiedades adicionales del proyecto "D:\GitHub\Grado\DAM\2DAM\C Sharp\Creacion Componente\RA3_RelojDigital\MisComponentesLib\MisComponentesLib.csproj":
           Configuration=Debug
           Platform=AnyCPU
         Propiedades adicionales del proyecto "D:\GitHub\Grado\DAM\2DAM\C Sharp\Creacion Componente\RA3_RelojDigital\TestRelojDigital\TestRelojDigital.csproj":
           Configuration=Debug
           Platform=AnyCPU
     1>El proyecto "D:\GitHub\Grado\DAM\2DAM\C Sharp\Creacion Componente\RA3_RelojDigital\RA3_RelojDigital.sln" (1) está compilando "D:\GitHub\Grado\DAM\2DAM\C Sharp\Creacion Componente\RA3_RelojDigital\MisComponentesLib\MisComponentesLib.csproj" (3:6) en el nodo 1 (_GenerateProjectRestoreGraph destinos).
   3:6>Se omitió el destino "_GetRestoreProjectStyle". Compilado previamente de forma correcta.
       Se omitió el destino "_GetRestoreProjectStyle". Compilado previamente de forma correcta.
       Se omitió el destino "_GetRestoreProjectStyle". Compilado previamente de forma correcta.
   3:6>Destino "_GetRestoreTargetFrameworkOverride" en el archivo "C:\Program Files\dotnet\sdk\9.0.305\NuGet.targets" del proyecto "D:\GitHub\Grado\DAM\2DAM\C Sharp\Creacion Componente\RA3_RelojDigital\MisComponentesLib\MisComponentesLib.csproj" (el destino "_GetRestoreTargetFrameworksOutput" depende de él):
       Se omitió la tarea "GetGlobalPropertyValueTask" debido a una condición falsa (False); ( '$(TargetFrameworks)' != '' ) se evaluó como ( '' != '' ).
   3:6>Compilación terminada del destino "_GetRestoreTargetFrameworkOverride" en el proyecto "MisComponentesLib.csproj".
     1>El proyecto "D:\GitHub\Grado\DAM\2DAM\C Sharp\Creacion Componente\RA3_RelojDigital\RA3_RelojDigital.sln" (1) está compilando "D:\GitHub\Grado\DAM\2DAM\C Sharp\Creacion Componente\RA3_RelojDigital\TestRelojDigital\TestRelojDigital.csproj" (2:5) en el nodo 2 (_GenerateProjectRestoreGraph destinos).
   2:5>Se omitió el destino "_GetRestoreProjectStyle". Compilado previamente de forma correcta.
       Se omitió el destino "_GetRestoreProjectStyle". Compilado previamente de forma correcta.
       Se omitió el destino "_GetRestoreProjectStyle". Compilado previamente de forma correcta.
   3:6>Destino "_GetRestoreTargetFrameworksOutput" en el archivo "C:\Program Files\dotnet\sdk\9.0.305\NuGet.targets" del proyecto "D:\GitHub\Grado\DAM\2DAM\C Sharp\Creacion Componente\RA3_RelojDigital\MisComponentesLib\MisComponentesLib.csproj" (el destino "_GenerateRestoreProjectSpec" depende de él):
   3:6>Usando la tarea "GetProjectTargetFrameworksTask" del ensamblado "C:\Program Files\dotnet\sdk\9.0.305\NuGet.Build.Tasks.dll".
       Tarea "GetProjectTargetFrameworksTask"
   2:5>Destino "_GetRestoreTargetFrameworkOverride" en el archivo "C:\Program Files\dotnet\sdk\9.0.305\NuGet.targets" del proyecto "D:\GitHub\Grado\DAM\2DAM\C Sharp\Creacion Componente\RA3_RelojDigital\TestRelojDigital\TestRelojDigital.csproj" (el destino "_GetRestoreTargetFrameworksOutput" depende de él):
   2:5>Se omitió la tarea "GetGlobalPropertyValueTask" debido a una condición falsa (False); ( '$(TargetFrameworks)' != '' ) se evaluó como ( '' != '' ).
   2:5>Compilación terminada del destino "_GetRestoreTargetFrameworkOverride" en el proyecto "TestRelojDigital.csproj".
   2:5>Destino "_GetRestoreTargetFrameworksOutput" en el archivo "C:\Program Files\dotnet\sdk\9.0.305\NuGet.targets" del proyecto "D:\GitHub\Grado\DAM\2DAM\C Sharp\Creacion Componente\RA3_RelojDigital\TestRelojDigital\TestRelojDigital.csproj" (el destino "_GenerateRestoreProjectSpec" depende de él):
       Usando la tarea "GetProjectTargetFrameworksTask" del ensamblado "C:\Program Files\dotnet\sdk\9.0.305\NuGet.Build.Tasks.dll".
       Tarea "GetProjectTargetFrameworksTask"
       Ejecución de la tarea "GetProjectTargetFrameworksTask" terminada.
   2:5>Compilación terminada del destino "_GetRestoreTargetFrameworksOutput" en el proyecto "TestRelojDigital.csproj".
       Se omitió el destino "_GetRestoreSettings". Compilado previamente de forma correcta.
   2:5>Destino "_GenerateRestoreProjectSpec" en el archivo "C:\Program Files\dotnet\sdk\9.0.305\NuGet.targets" del proyecto "D:\GitHub\Grado\DAM\2DAM\C Sharp\Creacion Componente\RA3_RelojDigital\TestRelojDigital\TestRelojDigital.csproj" (el destino "_GenerateProjectRestoreGraph" depende de él):
       Tarea "ConvertToAbsolutePath"
       Ejecución de la tarea "ConvertToAbsolutePath" terminada.
   2:5>Compilación terminada del destino "_GenerateRestoreProjectSpec" en el proyecto "TestRelojDigital.csproj".
       Se omitió el destino "_GenerateProjectRestoreGraphAllFrameworks" debido a una condición falsa (False); ( '$(TargetFrameworks)' != '' ) se evaluó como ( '' != '' ).
       Se omitió el destino "_GetRestoreProjectStyle". Compilado previamente de forma correcta.
       Se omitió el destino "CollectPackageReferences". Compilado previamente de forma correcta.
       Se omitió el destino "ProcessFrameworkReferences" debido a una condición falsa (False); ('@(FrameworkReference)' != '' Or '$(_RequiresILLinkPack)' == 'true') se evaluó como ('' != '' Or 'false' == 'true').
   3:6>Ejecución de la tarea "GetProjectTargetFrameworksTask" terminada.
   2:5>Se omitió el destino "_NormalizeTargetPlatformVersion" debido a una condición falsa (False); ('$(TargetPlatformVersion)' != '' and '$(TargetFrameworkIdentifier)' == '.NETCoreApp' and $([MSBuild]::VersionGreaterThanOrEquals($(TargetFrameworkVersion), 5.0)) and ('$(Language)' != 'C++' or '$(_EnablePackageReferencesInVCProjects)' == 'true')) se evaluó como ('7.0' != '' and '.NETFramework' == '.NETCoreApp' and False and ('C#' != 'C++' or '' == 'true')).
       Se omitió el destino "ApplyImplicitVersions" debido a una condición falsa (False); ('@(PackageReference)' != '') se evaluó como ('' != '').
   2:5>Destino "CollectPackageDownloads" en el archivo "C:\Program Files\dotnet\sdk\9.0.305\NuGet.targets" del proyecto "D:\GitHub\Grado\DAM\2DAM\C Sharp\Creacion Componente\RA3_RelojDigital\TestRelojDigital\TestRelojDigital.csproj" (el destino "_CollectRestoreInputs" depende de él):
       Tarea "CheckForDuplicateNuGetItemsTask"
       Ejecución de la tarea "CheckForDuplicateNuGetItemsTask" terminada.
   3:6>Compilación terminada del destino "_GetRestoreTargetFrameworksOutput" en el proyecto "MisComponentesLib.csproj".
       Se omitió el destino "_GetRestoreSettings". Compilado previamente de forma correcta.
   2:5>Compilación terminada del destino "CollectPackageDownloads" en el proyecto "TestRelojDigital.csproj".
   3:6>Destino "_GenerateRestoreProjectSpec" en el archivo "C:\Program Files\dotnet\sdk\9.0.305\NuGet.targets" del proyecto "D:\GitHub\Grado\DAM\2DAM\C Sharp\Creacion Componente\RA3_RelojDigital\MisComponentesLib\MisComponentesLib.csproj" (el destino "_GenerateProjectRestoreGraph" depende de él):
   3:6>Tarea "ConvertToAbsolutePath"
   2:5>Destino "CollectFrameworkReferences" en el archivo "C:\Program Files\dotnet\sdk\9.0.305\NuGet.targets" del proyecto "D:\GitHub\Grado\DAM\2DAM\C Sharp\Creacion Componente\RA3_RelojDigital\TestRelojDigital\TestRelojDigital.csproj" (el destino "_CollectRestoreInputs" depende de él):
   2:5>Compilación terminada del destino "CollectFrameworkReferences" en el proyecto "TestRelojDigital.csproj".
   2:5>Destino "CollectCentralPackageVersions" en el archivo "C:\Program Files\dotnet\sdk\9.0.305\NuGet.targets" del proyecto "D:\GitHub\Grado\DAM\2DAM\C Sharp\Creacion Componente\RA3_RelojDigital\TestRelojDigital\TestRelojDigital.csproj" (el destino "_CollectRestoreInputs" depende de él):
       Tarea "CheckForDuplicateNuGetItemsTask"
       Ejecución de la tarea "CheckForDuplicateNuGetItemsTask" terminada.
   2:5>Compilación terminada del destino "CollectCentralPackageVersions" en el proyecto "TestRelojDigital.csproj".
   2:5>Destino "CollectNuGetAuditSuppressions" en el archivo "C:\Program Files\dotnet\sdk\9.0.305\NuGet.targets" del proyecto "D:\GitHub\Grado\DAM\2DAM\C Sharp\Creacion Componente\RA3_RelojDigital\TestRelojDigital\TestRelojDigital.csproj" (el destino "_CollectRestoreInputs" depende de él):
       Tarea "CheckForDuplicateNuGetItemsTask"
       Ejecución de la tarea "CheckForDuplicateNuGetItemsTask" terminada.
   3:6>Ejecución de la tarea "ConvertToAbsolutePath" terminada.
   2:5>Compilación terminada del destino "CollectNuGetAuditSuppressions" en el proyecto "TestRelojDigital.csproj".
       Se omitió el destino "AddPrunePackageReferences" debido a una condición falsa (False); ('$(RestoreEnablePackagePruning)' == 'true') se evaluó como ('false' == 'true').
   2:5>Destino "CollectPrunePackageReferences" en el archivo "C:\Program Files\dotnet\sdk\9.0.305\NuGet.targets" del proyecto "D:\GitHub\Grado\DAM\2DAM\C Sharp\Creacion Componente\RA3_RelojDigital\TestRelojDigital\TestRelojDigital.csproj" (el destino "_CollectRestoreInputs" depende de él):
       Tarea "CheckForDuplicateNuGetItemsTask"
       Ejecución de la tarea "CheckForDuplicateNuGetItemsTask" terminada.
   2:5>Compilación terminada del destino "CollectPrunePackageReferences" en el proyecto "TestRelojDigital.csproj".
   3:6>Compilación terminada del destino "_GenerateRestoreProjectSpec" en el proyecto "MisComponentesLib.csproj".
       Se omitió el destino "_GenerateProjectRestoreGraphAllFrameworks" debido a una condición falsa (False); ( '$(TargetFrameworks)' != '' ) se evaluó como ( '' != '' ).
   2:5>Destino "_CollectRestoreInputs" en el archivo "C:\Program Files\dotnet\sdk\9.0.305\NuGet.targets" del proyecto "D:\GitHub\Grado\DAM\2DAM\C Sharp\Creacion Componente\RA3_RelojDigital\TestRelojDigital\TestRelojDigital.csproj" (el destino "_GenerateProjectRestoreGraphPerFramework" depende de él):
   2:5>Compilación terminada del destino "_CollectRestoreInputs" en el proyecto "TestRelojDigital.csproj".
   3:6>Se omitió el destino "_GetRestoreProjectStyle". Compilado previamente de forma correcta.
       Se omitió el destino "CollectPackageReferences". Compilado previamente de forma correcta.
       Se omitió el destino "ProcessFrameworkReferences" debido a una condición falsa (False); ('@(FrameworkReference)' != '' Or '$(_RequiresILLinkPack)' == 'true') se evaluó como ('' != '' Or 'false' == 'true').
   2:5>Se omitió el destino "PrepRestoreForStoreProjects" debido a una condición falsa (False); ('$(StorePackageName)' != '') se evaluó como ('' != '').
   3:6>Se omitió el destino "_NormalizeTargetPlatformVersion" debido a una condición falsa (False); ('$(TargetPlatformVersion)' != '' and '$(TargetFrameworkIdentifier)' == '.NETCoreApp' and $([MSBuild]::VersionGreaterThanOrEquals($(TargetFrameworkVersion), 5.0)) and ('$(Language)' != 'C++' or '$(_EnablePackageReferencesInVCProjects)' == 'true')) se evaluó como ('7.0' != '' and '.NETFramework' == '.NETCoreApp' and False and ('C#' != 'C++' or '' == 'true')).
       Se omitió el destino "ApplyImplicitVersions" debido a una condición falsa (False); ('@(PackageReference)' != '') se evaluó como ('' != '').
   3:6>Destino "CollectPackageDownloads" en el archivo "C:\Program Files\dotnet\sdk\9.0.305\NuGet.targets" del proyecto "D:\GitHub\Grado\DAM\2DAM\C Sharp\Creacion Componente\RA3_RelojDigital\MisComponentesLib\MisComponentesLib.csproj" (el destino "_CollectRestoreInputs" depende de él):
       Tarea "CheckForDuplicateNuGetItemsTask"
   2:5>Destino "_GenerateProjectRestoreGraphPerFramework" en el archivo "C:\Program Files\dotnet\sdk\9.0.305\NuGet.targets" del proyecto "D:\GitHub\Grado\DAM\2DAM\C Sharp\Creacion Componente\RA3_RelojDigital\TestRelojDigital\TestRelojDigital.csproj" (el destino "_GenerateProjectRestoreGraphCurrentProject" depende de él):
   2:5>Usando la tarea "GetRestoreProjectReferencesTask" del ensamblado "C:\Program Files\dotnet\sdk\9.0.305\NuGet.Build.Tasks.dll".
       Tarea "GetRestoreProjectReferencesTask"
       Ejecución de la tarea "GetRestoreProjectReferencesTask" terminada.
       Usando la tarea "GetRestorePackageReferencesTask" del ensamblado "C:\Program Files\dotnet\sdk\9.0.305\NuGet.Build.Tasks.dll".
       Tarea "GetRestorePackageReferencesTask"
       Ejecución de la tarea "GetRestorePackageReferencesTask" terminada.
       Se omitió la tarea "GetCentralPackageVersionsTask" debido a una condición falsa (False); ( '$(PackageReferenceCompatibleProjectStyle)' == 'true' AND '$(_CentralPackageVersionsEnabled)' == 'true' ) se evaluó como ( 'True' == 'true' AND '' == 'true' ).
       Usando la tarea "GetRestorePackageDownloadsTask" del ensamblado "C:\Program Files\dotnet\sdk\9.0.305\NuGet.Build.Tasks.dll".
       Tarea "GetRestorePackageDownloadsTask"
       Ejecución de la tarea "GetRestorePackageDownloadsTask" terminada.
       Usando la tarea "GetRestoreFrameworkReferencesTask" del ensamblado "C:\Program Files\dotnet\sdk\9.0.305\NuGet.Build.Tasks.dll".
       Tarea "GetRestoreFrameworkReferencesTask"
       Ejecución de la tarea "GetRestoreFrameworkReferencesTask" terminada.
       Usando la tarea "GetRestoreNuGetAuditSuppressionsTask" del ensamblado "C:\Program Files\dotnet\sdk\9.0.305\NuGet.Build.Tasks.dll".
   3:6>Ejecución de la tarea "CheckForDuplicateNuGetItemsTask" terminada.
   2:5>Tarea "GetRestoreNuGetAuditSuppressionsTask"
   3:6>Compilación terminada del destino "CollectPackageDownloads" en el proyecto "MisComponentesLib.csproj".
   3:6>Destino "CollectFrameworkReferences" en el archivo "C:\Program Files\dotnet\sdk\9.0.305\NuGet.targets" del proyecto "D:\GitHub\Grado\DAM\2DAM\C Sharp\Creacion Componente\RA3_RelojDigital\MisComponentesLib\MisComponentesLib.csproj" (el destino "_CollectRestoreInputs" depende de él):
   3:6>Compilación terminada del destino "CollectFrameworkReferences" en el proyecto "MisComponentesLib.csproj".
   3:6>Destino "CollectCentralPackageVersions" en el archivo "C:\Program Files\dotnet\sdk\9.0.305\NuGet.targets" del proyecto "D:\GitHub\Grado\DAM\2DAM\C Sharp\Creacion Componente\RA3_RelojDigital\MisComponentesLib\MisComponentesLib.csproj" (el destino "_CollectRestoreInputs" depende de él):
       Tarea "CheckForDuplicateNuGetItemsTask"
   2:5>Ejecución de la tarea "GetRestoreNuGetAuditSuppressionsTask" terminada.
       Usando la tarea "GetRestorePrunePackageReferencesTask" del ensamblado "C:\Program Files\dotnet\sdk\9.0.305\NuGet.Build.Tasks.dll".
       Tarea "GetRestorePrunePackageReferencesTask"
       Ejecución de la tarea "GetRestorePrunePackageReferencesTask" terminada.
   2:5>Compilación terminada del destino "_GenerateProjectRestoreGraphPerFramework" en el proyecto "TestRelojDigital.csproj".
   2:5>Destino "_GenerateProjectRestoreGraphCurrentProject" en el archivo "C:\Program Files\dotnet\sdk\9.0.305\NuGet.targets" del proyecto "D:\GitHub\Grado\DAM\2DAM\C Sharp\Creacion Componente\RA3_RelojDigital\TestRelojDigital\TestRelojDigital.csproj" (el destino "_GenerateRestoreDependencies" depende de él):
   2:5>Compilación terminada del destino "_GenerateProjectRestoreGraphCurrentProject" en el proyecto "TestRelojDigital.csproj".
   2:5>Destino "_GenerateRestoreDependencies" en el archivo "C:\Program Files\dotnet\sdk\9.0.305\NuGet.targets" del proyecto "D:\GitHub\Grado\DAM\2DAM\C Sharp\Creacion Componente\RA3_RelojDigital\TestRelojDigital\TestRelojDigital.csproj" (el destino "_GenerateProjectRestoreGraph" depende de él):
   2:5>Compilación terminada del destino "_GenerateRestoreDependencies" en el proyecto "TestRelojDigital.csproj".
   2:5>Destino "_GenerateProjectRestoreGraph" en el archivo "C:\Program Files\dotnet\sdk\9.0.305\NuGet.targets" del proyecto "D:\GitHub\Grado\DAM\2DAM\C Sharp\Creacion Componente\RA3_RelojDigital\TestRelojDigital\TestRelojDigital.csproj" (punto de entrada):
   2:5>Compilación terminada del destino "_GenerateProjectRestoreGraph" en el proyecto "TestRelojDigital.csproj".
   3:6>Ejecución de la tarea "CheckForDuplicateNuGetItemsTask" terminada.
   2:5>Compilación del proyecto terminada "D:\GitHub\Grado\DAM\2DAM\C Sharp\Creacion Componente\RA3_RelojDigital\TestRelojDigital\TestRelojDigital.csproj" (_GenerateProjectRestoreGraph destinos).
   3:6>Compilación terminada del destino "CollectCentralPackageVersions" en el proyecto "MisComponentesLib.csproj".
   3:6>Destino "CollectNuGetAuditSuppressions" en el archivo "C:\Program Files\dotnet\sdk\9.0.305\NuGet.targets" del proyecto "D:\GitHub\Grado\DAM\2DAM\C Sharp\Creacion Componente\RA3_RelojDigital\MisComponentesLib\MisComponentesLib.csproj" (el destino "_CollectRestoreInputs" depende de él):
       Tarea "CheckForDuplicateNuGetItemsTask"
       Ejecución de la tarea "CheckForDuplicateNuGetItemsTask" terminada.
   3:6>Compilación terminada del destino "CollectNuGetAuditSuppressions" en el proyecto "MisComponentesLib.csproj".
       Se omitió el destino "AddPrunePackageReferences" debido a una condición falsa (False); ('$(RestoreEnablePackagePruning)' == 'true') se evaluó como ('false' == 'true').
   3:6>Destino "CollectPrunePackageReferences" en el archivo "C:\Program Files\dotnet\sdk\9.0.305\NuGet.targets" del proyecto "D:\GitHub\Grado\DAM\2DAM\C Sharp\Creacion Componente\RA3_RelojDigital\MisComponentesLib\MisComponentesLib.csproj" (el destino "_CollectRestoreInputs" depende de él):
       Tarea "CheckForDuplicateNuGetItemsTask"
       Ejecución de la tarea "CheckForDuplicateNuGetItemsTask" terminada.
   3:6>Compilación terminada del destino "CollectPrunePackageReferences" en el proyecto "MisComponentesLib.csproj".
   3:6>Destino "_CollectRestoreInputs" en el archivo "C:\Program Files\dotnet\sdk\9.0.305\NuGet.targets" del proyecto "D:\GitHub\Grado\DAM\2DAM\C Sharp\Creacion Componente\RA3_RelojDigital\MisComponentesLib\MisComponentesLib.csproj" (el destino "_GenerateProjectRestoreGraphPerFramework" depende de él):
   3:6>Compilación terminada del destino "_CollectRestoreInputs" en el proyecto "MisComponentesLib.csproj".
       Se omitió el destino "PrepRestoreForStoreProjects" debido a una condición falsa (False); ('$(StorePackageName)' != '') se evaluó como ('' != '').
   3:6>Destino "_GenerateProjectRestoreGraphPerFramework" en el archivo "C:\Program Files\dotnet\sdk\9.0.305\NuGet.targets" del proyecto "D:\GitHub\Grado\DAM\2DAM\C Sharp\Creacion Componente\RA3_RelojDigital\MisComponentesLib\MisComponentesLib.csproj" (el destino "_GenerateProjectRestoreGraphCurrentProject" depende de él):
       Usando la tarea "GetRestoreProjectReferencesTask" del ensamblado "C:\Program Files\dotnet\sdk\9.0.305\NuGet.Build.Tasks.dll".
       Tarea "GetRestoreProjectReferencesTask"
       Ejecución de la tarea "GetRestoreProjectReferencesTask" terminada.
       Usando la tarea "GetRestorePackageReferencesTask" del ensamblado "C:\Program Files\dotnet\sdk\9.0.305\NuGet.Build.Tasks.dll".
       Tarea "GetRestorePackageReferencesTask"
       Ejecución de la tarea "GetRestorePackageReferencesTask" terminada.
       Se omitió la tarea "GetCentralPackageVersionsTask" debido a una condición falsa (False); ( '$(PackageReferenceCompatibleProjectStyle)' == 'true' AND '$(_CentralPackageVersionsEnabled)' == 'true' ) se evaluó como ( 'True' == 'true' AND '' == 'true' ).
       Usando la tarea "GetRestorePackageDownloadsTask" del ensamblado "C:\Program Files\dotnet\sdk\9.0.305\NuGet.Build.Tasks.dll".
       Tarea "GetRestorePackageDownloadsTask"
       Ejecución de la tarea "GetRestorePackageDownloadsTask" terminada.
       Usando la tarea "GetRestoreFrameworkReferencesTask" del ensamblado "C:\Program Files\dotnet\sdk\9.0.305\NuGet.Build.Tasks.dll".
       Tarea "GetRestoreFrameworkReferencesTask"
       Ejecución de la tarea "GetRestoreFrameworkReferencesTask" terminada.
       Usando la tarea "GetRestoreNuGetAuditSuppressionsTask" del ensamblado "C:\Program Files\dotnet\sdk\9.0.305\NuGet.Build.Tasks.dll".
       Tarea "GetRestoreNuGetAuditSuppressionsTask"
       Ejecución de la tarea "GetRestoreNuGetAuditSuppressionsTask" terminada.
       Usando la tarea "GetRestorePrunePackageReferencesTask" del ensamblado "C:\Program Files\dotnet\sdk\9.0.305\NuGet.Build.Tasks.dll".
       Tarea "GetRestorePrunePackageReferencesTask"
       Ejecución de la tarea "GetRestorePrunePackageReferencesTask" terminada.
   3:6>Compilación terminada del destino "_GenerateProjectRestoreGraphPerFramework" en el proyecto "MisComponentesLib.csproj".
   3:6>Destino "_GenerateProjectRestoreGraphCurrentProject" en el archivo "C:\Program Files\dotnet\sdk\9.0.305\NuGet.targets" del proyecto "D:\GitHub\Grado\DAM\2DAM\C Sharp\Creacion Componente\RA3_RelojDigital\MisComponentesLib\MisComponentesLib.csproj" (el destino "_GenerateRestoreDependencies" depende de él):
   3:6>Compilación terminada del destino "_GenerateProjectRestoreGraphCurrentProject" en el proyecto "MisComponentesLib.csproj".
   3:6>Destino "_GenerateRestoreDependencies" en el archivo "C:\Program Files\dotnet\sdk\9.0.305\NuGet.targets" del proyecto "D:\GitHub\Grado\DAM\2DAM\C Sharp\Creacion Componente\RA3_RelojDigital\MisComponentesLib\MisComponentesLib.csproj" (el destino "_GenerateProjectRestoreGraph" depende de él):
   3:6>Compilación terminada del destino "_GenerateRestoreDependencies" en el proyecto "MisComponentesLib.csproj".
   3:6>Destino "_GenerateProjectRestoreGraph" en el archivo "C:\Program Files\dotnet\sdk\9.0.305\NuGet.targets" del proyecto "D:\GitHub\Grado\DAM\2DAM\C Sharp\Creacion Componente\RA3_RelojDigital\MisComponentesLib\MisComponentesLib.csproj" (punto de entrada):
   3:6>Compilación terminada del destino "_GenerateProjectRestoreGraph" en el proyecto "MisComponentesLib.csproj".
   3:6>Compilación del proyecto terminada "D:\GitHub\Grado\DAM\2DAM\C Sharp\Creacion Componente\RA3_RelojDigital\MisComponentesLib\MisComponentesLib.csproj" (_GenerateProjectRestoreGraph destinos).
     1>Ejecución de la tarea "MSBuild" terminada.
     1>Compilación terminada del destino "_GenerateRestoreGraph" en el proyecto "RA3_RelojDigital.sln".
     1>Destino "Restore" en el archivo "C:\Program Files\dotnet\sdk\9.0.305\NuGet.targets" del proyecto "D:\GitHub\Grado\DAM\2DAM\C Sharp\Creacion Componente\RA3_RelojDigital\RA3_RelojDigital.sln" (punto de entrada):
       Tarea "RemoveDuplicates"
       Ejecución de la tarea "RemoveDuplicates" terminada.
       Usando la tarea "RestoreTask" del ensamblado "C:\Program Files\dotnet\sdk\9.0.305\NuGet.Build.Tasks.dll".
       Tarea "RestoreTask"
         Ensamblado cargado durante TaskRun (NuGet.Build.Tasks.RestoreTask): NuGet.Packaging, Version=6.14.0.116, Culture=neutral, PublicKeyToken=31bf3856ad364e35(ubicación: C:\Program Files\dotnet\sdk\9.0.305\NuGet.Packaging.dll, MVID: cdc50a13-9777-4bbf-997e-763beae18a61, AssemblyLoadContext: MSBuild plugin C:\Program Files\dotnet\sdk\9.0.305\NuGet.Build.Tasks.dll)
         Ensamblado cargado durante TaskRun (NuGet.Build.Tasks.RestoreTask): NuGet.LibraryModel, Version=6.14.0.116, Culture=neutral, PublicKeyToken=31bf3856ad364e35(ubicación: C:\Program Files\dotnet\sdk\9.0.305\NuGet.LibraryModel.dll, MVID: e00b38b3-9e45-44a2-8023-8c8ae09208b7, AssemblyLoadContext: MSBuild plugin C:\Program Files\dotnet\sdk\9.0.305\NuGet.Build.Tasks.dll)
         Ensamblado cargado durante TaskRun (NuGet.Build.Tasks.RestoreTask): NuGet.Versioning, Version=6.14.0.116, Culture=neutral, PublicKeyToken=31bf3856ad364e35(ubicación: C:\Program Files\dotnet\sdk\9.0.305\NuGet.Versioning.dll, MVID: ecae64d3-0ef8-4164-9110-1e65ba08bca4, AssemblyLoadContext: MSBuild plugin C:\Program Files\dotnet\sdk\9.0.305\NuGet.Build.Tasks.dll)
         Ensamblado cargado durante TaskRun (NuGet.Build.Tasks.RestoreTask): NuGet.Frameworks, Version=6.14.0.116, Culture=neutral, PublicKeyToken=31bf3856ad364e35(ubicación: C:\Program Files\dotnet\sdk\9.0.305\NuGet.Frameworks.dll, MVID: 6b5909cd-5145-46c4-9595-25461e82c126, AssemblyLoadContext: MSBuild plugin C:\Program Files\dotnet\sdk\9.0.305\NuGet.Build.Tasks.dll)
         Ensamblado cargado durante TaskRun (NuGet.Build.Tasks.RestoreTask): System.Buffers, Version=9.0.0.0, Culture=neutral, PublicKeyToken=cc7b13ffcd2ddd51(ubicación: C:\Program Files\dotnet\shared\Microsoft.NETCore.App\9.0.9\System.Buffers.dll, MVID: 99215c3f-6f61-4372-a2bd-510b422ec4c4, AssemblyLoadContext: Default)
         Ensamblado cargado durante TaskRun (NuGet.Build.Tasks.RestoreTask): NuGet.Protocol, Version=6.14.0.116, Culture=neutral, PublicKeyToken=31bf3856ad364e35(ubicación: C:\Program Files\dotnet\sdk\9.0.305\NuGet.Protocol.dll, MVID: f8777b05-1686-441b-9cec-a9710c5aa900, AssemblyLoadContext: MSBuild plugin C:\Program Files\dotnet\sdk\9.0.305\NuGet.Build.Tasks.dll)
         Ensamblado cargado durante TaskRun (NuGet.Build.Tasks.RestoreTask): NuGet.Credentials, Version=6.14.0.116, Culture=neutral, PublicKeyToken=31bf3856ad364e35(ubicación: C:\Program Files\dotnet\sdk\9.0.305\NuGet.Credentials.dll, MVID: bd6612c0-8432-48ef-9aa9-96a29d2c500a, AssemblyLoadContext: MSBuild plugin C:\Program Files\dotnet\sdk\9.0.305\NuGet.Build.Tasks.dll)
         Ensamblado cargado durante TaskRun (NuGet.Build.Tasks.RestoreTask): NuGet.Packaging.resources, Version=6.14.0.116, Culture=es, PublicKeyToken=31bf3856ad364e35, processorArchitecture=MSIL(ubicación: C:\Program Files\dotnet\sdk\9.0.305\es\NuGet.Packaging.resources.dll, MVID: 606cf9e9-1080-481e-a071-c7678407b92a, AssemblyLoadContext: MSBuild plugin C:\Program Files\dotnet\sdk\9.0.305\NuGet.Build.Tasks.dll)
         La validación de la cadena de certificados X.509 utilizará el almacén de confianza predeterminado seleccionado por .NET para la firma de código.
         La validación de la cadena de certificados X.509 utilizará el almacén de confianza predeterminado seleccionado por .NET para la marca de tiempo.
         Ensamblado cargado durante TaskRun (NuGet.Build.Tasks.RestoreTask): NuGet.DependencyResolver.Core, Version=6.14.0.116, Culture=neutral, PublicKeyToken=31bf3856ad364e35(ubicación: C:\Program Files\dotnet\sdk\9.0.305\NuGet.DependencyResolver.Core.dll, MVID: 6b197cc7-1c4a-4e48-895c-328987fdea28, AssemblyLoadContext: MSBuild plugin C:\Program Files\dotnet\sdk\9.0.305\NuGet.Build.Tasks.dll)
         Ensamblado cargado durante TaskRun (NuGet.Build.Tasks.RestoreTask): NuGet.Commands.resources, Version=6.14.0.116, Culture=es, PublicKeyToken=31bf3856ad364e35, processorArchitecture=MSIL(ubicación: C:\Program Files\dotnet\sdk\9.0.305\es\NuGet.Commands.resources.dll, MVID: 4d94b5fe-c13a-4fb3-bbb6-9cac69286b03, AssemblyLoadContext: MSBuild plugin C:\Program Files\dotnet\sdk\9.0.305\NuGet.Build.Tasks.dll)
         Ejecutando restauración con 8 trabajos simultáneos.
         Leyendo el archivo del proyecto D:\GitHub\Grado\DAM\2DAM\C Sharp\Creacion Componente\RA3_RelojDigital\MisComponentesLib\MisComponentesLib.csproj.
         Leyendo el archivo del proyecto D:\GitHub\Grado\DAM\2DAM\C Sharp\Creacion Componente\RA3_RelojDigital\TestRelojDigital\TestRelojDigital.csproj.
         Ensamblado cargado durante TaskRun (NuGet.Build.Tasks.RestoreTask): Newtonsoft.Json, Version=13.0.0.0, Culture=neutral, PublicKeyToken=30ad4fe6b2a6aeed(ubicación: C:\Program Files\dotnet\sdk\9.0.305\Newtonsoft.Json.dll, MVID: 7e62198b-eab2-4380-bbac-29171862d1d8, AssemblyLoadContext: MSBuild plugin C:\Program Files\dotnet\sdk\9.0.305\NuGet.Build.Tasks.dll)
         Ensamblado cargado durante TaskRun (NuGet.Build.Tasks.RestoreTask): System.Runtime.Serialization.Primitives, Version=9.0.0.0, Culture=neutral, PublicKeyToken=b03f5f7f11d50a3a(ubicación: C:\Program Files\dotnet\shared\Microsoft.NETCore.App\9.0.9\System.Runtime.Serialization.Primitives.dll, MVID: d2ec433c-1d34-4675-b741-b6d2c867229a, AssemblyLoadContext: Default)
         Ensamblado cargado durante TaskRun (NuGet.Build.Tasks.RestoreTask): System.Runtime.Numerics, Version=9.0.0.0, Culture=neutral, PublicKeyToken=b03f5f7f11d50a3a(ubicación: C:\Program Files\dotnet\shared\Microsoft.NETCore.App\9.0.9\System.Runtime.Numerics.dll, MVID: d725ce23-76c3-4f9e-8a83-d26c7d5534fd, AssemblyLoadContext: Default)
         Ensamblado cargado durante TaskRun (NuGet.Build.Tasks.RestoreTask): System.Text.Encodings.Web, Version=9.0.0.0, Culture=neutral, PublicKeyToken=cc7b13ffcd2ddd51(ubicación: C:\Program Files\dotnet\shared\Microsoft.NETCore.App\9.0.9\System.Text.Encodings.Web.dll, MVID: f9ac777b-ff8b-4818-a204-29a1b529d056, AssemblyLoadContext: Default)
         Las entradas de restauración de "TestRelojDigital" no han cambiado. No se necesitan más acciones para finalizar la restauración.
         Las entradas de restauración de "MisComponentesLib" no han cambiado. No se necesitan más acciones para finalizar la restauración.
         Ejecutando restauración...
         Ejecutando restauración...
         El archivo de recursos no ha cambiado, así que se omitirá su escritura. Ruta de acceso: D:\GitHub\Grado\DAM\2DAM\C Sharp\Creacion Componente\RA3_RelojDigital\MisComponentesLib\obj\project.assets.json
         El archivo de recursos no ha cambiado, así que se omitirá su escritura. Ruta de acceso: D:\GitHub\Grado\DAM\2DAM\C Sharp\Creacion Componente\RA3_RelojDigital\TestRelojDigital\obj\project.assets.json
         No hay ninguna operación de restauración. La caché no se actualizará. Ruta de acceso: D:\GitHub\Grado\DAM\2DAM\C Sharp\Creacion Componente\RA3_RelojDigital\MisComponentesLib\obj\project.nuget.cache
         No hay ninguna operación de restauración. La caché no se actualizará. Ruta de acceso: D:\GitHub\Grado\DAM\2DAM\C Sharp\Creacion Componente\RA3_RelojDigital\TestRelojDigital\obj\project.nuget.cache
         Ensamblado cargado durante TaskRun (NuGet.Build.Tasks.RestoreTask): NuGet.Common.resources, Version=6.14.0.116, Culture=es, PublicKeyToken=31bf3856ad364e35, processorArchitecture=MSIL(ubicación: C:\Program Files\dotnet\sdk\9.0.305\es\NuGet.Common.resources.dll, MVID: 0784842e-bb9b-41ff-b4c2-399971a8e8f9, AssemblyLoadContext: MSBuild plugin C:\Program Files\dotnet\sdk\9.0.305\NuGet.Build.Tasks.dll)
         Se ha restaurado D:\GitHub\Grado\DAM\2DAM\C Sharp\Creacion Componente\RA3_RelojDigital\TestRelojDigital\TestRelojDigital.csproj (en 67 ms).
         Se ha restaurado D:\GitHub\Grado\DAM\2DAM\C Sharp\Creacion Componente\RA3_RelojDigital\MisComponentesLib\MisComponentesLib.csproj (en 67 ms).
         
         Archivos de NuGet Config usados:
             C:\Users\danielgarbru\AppData\Roaming\NuGet\NuGet.Config
             C:\Program Files (x86)\NuGet\Config\Microsoft.VisualStudio.Offline.config
         
         Fuentes usadas:
             https://api.nuget.org/v3/index.json
             C:\Program Files (x86)\Microsoft SDKs\NuGetPackages\
         Todos los proyectos están actualizados para la restauración.
       Ejecución de la tarea "RestoreTask" terminada.
     1>Compilación terminada del destino "Restore" en el proyecto "RA3_RelojDigital.sln".
     1>Compilación del proyecto terminada "D:\GitHub\Grado\DAM\2DAM\C Sharp\Creacion Componente\RA3_RelojDigital\RA3_RelojDigital.sln" (Restore destinos).
     0>D:\GitHub\Grado\DAM\2DAM\C Sharp\Creacion Componente\RA3_RelojDigital\RA3_RelojDigital.sln.metaproj : message : Propiedad "MSBuildExtensionsPath" con el valor "C:\Program Files\dotnet\sdk\9.0.305\" expandido desde el entorno.
       C:\Program Files\dotnet\sdk\9.0.305\NuGet.targets(112,5): message : Reasignación de propiedad: $(_GenerateRestoreGraphProjectEntryInputProperties)="
       C:\Program Files\dotnet\sdk\9.0.305\NuGet.targets(112,5): message :       ExcludeRestorePackageImports=true;
       C:\Program Files\dotnet\sdk\9.0.305\NuGet.targets(112,5): message :       _RestoreSolutionFileUsed=true;
       C:\Program Files\dotnet\sdk\9.0.305\NuGet.targets(112,5): message :       SolutionDir=D:\GitHub\Grado\DAM\2DAM\C Sharp\Creacion Componente\RA3_RelojDigital\;
       C:\Program Files\dotnet\sdk\9.0.305\NuGet.targets(112,5): message :       SolutionName=RA3_RelojDigital;
       C:\Program Files\dotnet\sdk\9.0.305\NuGet.targets(112,5): message :       SolutionFileName=RA3_RelojDigital.sln;
       C:\Program Files\dotnet\sdk\9.0.305\NuGet.targets(112,5): message :       SolutionPath=D:\GitHub\Grado\DAM\2DAM\C Sharp\Creacion Componente\RA3_RelojDigital\RA3_RelojDigital.sln;
       C:\Program Files\dotnet\sdk\9.0.305\NuGet.targets(112,5): message :       SolutionExt=.sln;
       C:\Program Files\dotnet\sdk\9.0.305\NuGet.targets(112,5): message :     " (valor anterior: "ExcludeRestorePackageImports=true") en C:\Program Files\dotnet\sdk\9.0.305\NuGet.targets (112,5)
       El destino "Store" que aparece en un atributo BeforeTargets en "C:\Program Files\dotnet\sdk\9.0.305\Current\SolutionFile\ImportAfter\Microsoft.NET.Sdk.Solution.targets (33,11)" no existe en el proyecto y se omitirá.
       El destino "VSTest" que aparece en un atributo BeforeTargets en "C:\Program Files\dotnet\sdk\9.0.305\Current\SolutionFile\ImportAfter\Microsoft.NET.Sdk.Solution.targets (33,11)" no existe en el proyecto y se omitirá.
       El destino "_CheckForInvalidConfigurationAndPlatform" que aparece en un atributo BeforeTargets en "C:\Program Files\dotnet\sdk\9.0.305\NuGet.targets (711,11)" no existe en el proyecto y se omitirá.
   1:2>Proyecto "D:\GitHub\Grado\DAM\2DAM\C Sharp\Creacion Componente\RA3_RelojDigital\RA3_RelojDigital.sln" en nodo 1 (destinos predeterminados).
   1:2>Destino "ValidateSolutionConfiguration" en el archivo "D:\GitHub\Grado\DAM\2DAM\C Sharp\Creacion Componente\RA3_RelojDigital\RA3_RelojDigital.sln.metaproj" del proyecto "D:\GitHub\Grado\DAM\2DAM\C Sharp\Creacion Componente\RA3_RelojDigital\RA3_RelojDigital.sln" (punto de entrada):
   1:2>Se omitió la tarea "Error" debido a una condición falsa (False); (('$(CurrentSolutionConfigurationContents)' == '') and ('$(SkipInvalidConfigurations)' != 'true')) se evaluó como (('<SolutionConfiguration>
  <ProjectConfiguration Project="{F83AA431-FEBC-45F9-9453-1ECECD192E91}" AbsolutePath="D:\GitHub\Grado\DAM\2DAM\C Sharp\Creacion Componente\RA3_RelojDigital\MisComponentesLib\MisComponentesLib.csproj" BuildProjectInSolution="True">Debug|AnyCPU</ProjectConfiguration>
  <ProjectConfiguration Project="{739FDF75-DD1D-402E-B25E-4A0606327D00}" AbsolutePath="D:\GitHub\Grado\DAM\2DAM\C Sharp\Creacion Componente\RA3_RelojDigital\TestRelojDigital\TestRelojDigital.csproj" BuildProjectInSolution="True">Debug|AnyCPU</ProjectConfiguration>
</SolutionConfiguration>' == '') and ('' != 'true')).
       Se omitió la tarea "Warning" debido a una condición falsa (False); (('$(CurrentSolutionConfigurationContents)' == '') and ('$(SkipInvalidConfigurations)' == 'true')) se evaluó como (('<SolutionConfiguration>
         <ProjectConfiguration Project="{F83AA431-FEBC-45F9-9453-1ECECD192E91}" AbsolutePath="D:\GitHub\Grado\DAM\2DAM\C Sharp\Creacion Componente\RA3_RelojDigital\MisComponentesLib\MisComponentesLib.csproj" BuildProjectInSolution="True">Debug|AnyCPU</ProjectConfiguration>
         <ProjectConfiguration Project="{739FDF75-DD1D-402E-B25E-4A0606327D00}" AbsolutePath="D:\GitHub\Grado\DAM\2DAM\C Sharp\Creacion Componente\RA3_RelojDigital\TestRelojDigital\TestRelojDigital.csproj" BuildProjectInSolution="True">Debug|AnyCPU</ProjectConfiguration>
       </SolutionConfiguration>' == '') and ('' == 'true')).
       Usando la tarea "Message" del ensamblado "Microsoft.Build.Tasks.Core, Version=15.1.0.0, Culture=neutral, PublicKeyToken=b03f5f7f11d50a3a".
       Tarea "Message"
         Compilando la configuración de soluciones "Debug|Any CPU".
       Ejecución de la tarea "Message" terminada.
   1:2>Compilación terminada del destino "ValidateSolutionConfiguration" en el proyecto "RA3_RelojDigital.sln".
   1:2>Destino "ValidateToolsVersions" en el archivo "D:\GitHub\Grado\DAM\2DAM\C Sharp\Creacion Componente\RA3_RelojDigital\RA3_RelojDigital.sln.metaproj" del proyecto "D:\GitHub\Grado\DAM\2DAM\C Sharp\Creacion Componente\RA3_RelojDigital\RA3_RelojDigital.sln" (punto de entrada):
       Se omitió la tarea "Error" debido a una condición falsa (False); ('$(MSBuildToolsVersion)' == '2.0' and ('$(ProjectToolsVersion)' != '2.0' and '$(ProjectToolsVersion)' != '')) se evaluó como ('Current' == '2.0' and ('' != '2.0' and '' != '')).
   1:2>Compilación terminada del destino "ValidateToolsVersions" en el proyecto "RA3_RelojDigital.sln".
   1:2>Destino "ValidateProjects" en el archivo "D:\GitHub\Grado\DAM\2DAM\C Sharp\Creacion Componente\RA3_RelojDigital\RA3_RelojDigital.sln.metaproj" del proyecto "D:\GitHub\Grado\DAM\2DAM\C Sharp\Creacion Componente\RA3_RelojDigital\RA3_RelojDigital.sln" (punto de entrada):
   1:2>Compilación terminada del destino "ValidateProjects" en el proyecto "RA3_RelojDigital.sln".
       Se omitió el destino "_CheckForSolutionLevelRuntimeIdentifier" debido a una condición falsa (False); ('$(RuntimeIdentifier)' != '') se evaluó como ('' != '').
       Se omitió el destino "_CheckForSolutionLevelOutputPath" debido a una condición falsa (False); ('$(_CommandLineDefinedOutputPath)' == 'true') se evaluó como ('' == 'true').
   1:2>Destino "Build" en el archivo "D:\GitHub\Grado\DAM\2DAM\C Sharp\Creacion Componente\RA3_RelojDigital\RA3_RelojDigital.sln.metaproj" del proyecto "D:\GitHub\Grado\DAM\2DAM\C Sharp\Creacion Componente\RA3_RelojDigital\RA3_RelojDigital.sln" (punto de entrada):
       Usando la tarea "MSBuild" del ensamblado "Microsoft.Build.Tasks.Core, Version=15.1.0.0, Culture=neutral, PublicKeyToken=b03f5f7f11d50a3a".
       Tarea "MSBuild"
         Propiedades globales:
           BuildingSolutionFile=true
           CurrentSolutionConfigurationContents=<SolutionConfiguration>
           <ProjectConfiguration Project="{F83AA431-FEBC-45F9-9453-1ECECD192E91}" AbsolutePath="D:\GitHub\Grado\DAM\2DAM\C Sharp\Creacion Componente\RA3_RelojDigital\MisComponentesLib\MisComponentesLib.csproj" BuildProjectInSolution="True">Debug|AnyCPU</ProjectConfiguration>
           <ProjectConfiguration Project="{739FDF75-DD1D-402E-B25E-4A0606327D00}" AbsolutePath="D:\GitHub\Grado\DAM\2DAM\C Sharp\Creacion Componente\RA3_RelojDigital\TestRelojDigital\TestRelojDigital.csproj" BuildProjectInSolution="True">Debug|AnyCPU</ProjectConfiguration>
         </SolutionConfiguration>
           SolutionDir=D:\GitHub\Grado\DAM\2DAM\C Sharp\Creacion Componente\RA3_RelojDigital\
           SolutionExt=.sln
           SolutionFileName=RA3_RelojDigital.sln
           SolutionName=RA3_RelojDigital
           SolutionPath=D:\GitHub\Grado\DAM\2DAM\C Sharp\Creacion Componente\RA3_RelojDigital\RA3_RelojDigital.sln
         Propiedades adicionales del proyecto "D:\GitHub\Grado\DAM\2DAM\C Sharp\Creacion Componente\RA3_RelojDigital\MisComponentesLib\MisComponentesLib.csproj":
           Configuration=Debug
           Platform=AnyCPU
         Propiedades adicionales del proyecto "D:\GitHub\Grado\DAM\2DAM\C Sharp\Creacion Componente\RA3_RelojDigital\TestRelojDigital\TestRelojDigital.csproj":
           Configuration=Debug
           Platform=AnyCPU
     0>El SDK "Microsoft.NET.Sdk" se resolvió correctamente mediante el resolvedor "DefaultSdkResolver" a la ubicación "C:\Program Files\dotnet\sdk\9.0.305\Sdks\Microsoft.NET.Sdk\Sdk" y la versión "".
       C:\Program Files\dotnet\sdk\9.0.305\Sdks\Microsoft.NET.Sdk\Sdk\Sdk.props(49,11): message : Propiedad "MSBuildExtensionsPath" con el valor "C:\Program Files\dotnet\sdk\9.0.305\" expandido desde el entorno.
       C:\Program Files\dotnet\sdk\9.0.305\Sdks\Microsoft.NET.Sdk\Sdk\Sdk.props(49,11): message : Propiedad "MSBuildExtensionsPath" con el valor "C:\Program Files\dotnet\sdk\9.0.305\" expandido desde el entorno.
       C:\Program Files\dotnet\sdk\9.0.305\Current\Microsoft.Common.props(60,5): message : Reasignación de propiedad: $(MSBuildProjectExtensionsPath)="D:\GitHub\Grado\DAM\2DAM\C Sharp\Creacion Componente\RA3_RelojDigital\TestRelojDigital\obj\" (valor anterior: "obj\") en C:\Program Files\dotnet\sdk\9.0.305\Current\Microsoft.Common.props (60,5)
       D:\GitHub\Grado\DAM\2DAM\C Sharp\Creacion Componente\RA3_RelojDigital\TestRelojDigital\obj\TestRelojDigital.csproj.nuget.g.props(7,5): message : Propiedad "USERPROFILE" con el valor "C:\Users\danielgarbru" expandido desde el entorno.
       C:\Program Files\dotnet\sdk\9.0.305\Current\Microsoft.Common.props(84,119): message : Propiedad "MSBuildUserExtensionsPath" con el valor "C:\Users\danielgarbru\AppData\Local\Microsoft\MSBuild" expandido desde el entorno.
       La propiedad "Configuration" es global y no se puede modificar.
       La propiedad "Platform" es global y no se puede modificar.
       La propiedad "Configuration" es global y no se puede modificar.
       La propiedad "Platform" es global y no se puede modificar.
       C:\Program Files\dotnet\sdk\9.0.305\Sdks\Microsoft.NET.Sdk\targets\Microsoft.NET.Sdk.props(90,5): message : Reasignación de propiedad: $(AssemblySearchPaths)="{CandidateAssemblyFiles};{HintPathFromItem}" (valor anterior: "{CandidateAssemblyFiles}") en C:\Program Files\dotnet\sdk\9.0.305\Sdks\Microsoft.NET.Sdk\targets\Microsoft.NET.Sdk.props (90,5)
       C:\Program Files\dotnet\sdk\9.0.305\Sdks\Microsoft.NET.Sdk\targets\Microsoft.NET.Sdk.props(91,5): message : Reasignación de propiedad: $(AssemblySearchPaths)="{CandidateAssemblyFiles};{HintPathFromItem};{TargetFrameworkDirectory}" (valor anterior: "{CandidateAssemblyFiles};{HintPathFromItem}") en C:\Program Files\dotnet\sdk\9.0.305\Sdks\Microsoft.NET.Sdk\targets\Microsoft.NET.Sdk.props (91,5)
       C:\Program Files\dotnet\sdk\9.0.305\Sdks\Microsoft.NET.Sdk\targets\Microsoft.NET.Sdk.props(92,5): message : Reasignación de propiedad: $(AssemblySearchPaths)="{CandidateAssemblyFiles};{HintPathFromItem};{TargetFrameworkDirectory};{RawFileName}" (valor anterior: "{CandidateAssemblyFiles};{HintPathFromItem};{TargetFrameworkDirectory}") en C:\Program Files\dotnet\sdk\9.0.305\Sdks\Microsoft.NET.Sdk\targets\Microsoft.NET.Sdk.props (92,5)
       C:\Program Files\dotnet\sdk\9.0.305\Current\Microsoft.Common.props(60,5): message : Reasignación de propiedad: $(MSBuildProjectExtensionsPath)="D:\GitHub\Grado\DAM\2DAM\C Sharp\Creacion Componente\RA3_RelojDigital\MisComponentesLib\obj\" (valor anterior: "obj\") en C:\Program Files\dotnet\sdk\9.0.305\Current\Microsoft.Common.props (60,5)
       C:\Program Files\dotnet\sdk\9.0.305\Sdks\Microsoft.NET.Sdk\targets\Microsoft.NET.PackProjectTool.props(15,5): message : Reasignación de propiedad: $(TargetsForTfmSpecificContentInPackage)=";PackTool;_PackProjectToolValidation" (valor anterior: ";PackTool") en C:\Program Files\dotnet\sdk\9.0.305\Sdks\Microsoft.NET.Sdk\targets\Microsoft.NET.PackProjectTool.props (15,5)
       D:\GitHub\Grado\DAM\2DAM\C Sharp\Creacion Componente\RA3_RelojDigital\TestRelojDigital\TestRelojDigital.csproj(8,5): message : Reasignación de propiedad: $(OutputType)="WinExe" (valor anterior: "Library") en D:\GitHub\Grado\DAM\2DAM\C Sharp\Creacion Componente\RA3_RelojDigital\TestRelojDigital\TestRelojDigital.csproj (8,5)
       La propiedad "Configuration" es global y no se puede modificar.
       La propiedad "Platform" es global y no se puede modificar.
       C:\Program Files\dotnet\sdk\9.0.305\Sdks\Microsoft.NET.Sdk\targets\Microsoft.NET.Sdk.ImportPublishProfile.targets(28,5): message : Reasignación de propiedad: $(PublishProfileImported)="false" (valor anterior: "true") en C:\Program Files\dotnet\sdk\9.0.305\Sdks\Microsoft.NET.Sdk\targets\Microsoft.NET.Sdk.ImportPublishProfile.targets (28,5)
       C:\Program Files\dotnet\sdk\9.0.305\Sdks\Microsoft.NET.Sdk\targets\Microsoft.NET.TargetFrameworkInference.targets(69,5): message : Reasignación de propiedad: $(TargetPlatformVersion)="" (valor anterior: "0.0") en C:\Program Files\dotnet\sdk\9.0.305\Sdks\Microsoft.NET.Sdk\targets\Microsoft.NET.TargetFrameworkInference.targets (69,5)
       C:\Program Files\dotnet\sdk\9.0.305\Sdks\Microsoft.NET.Sdk\targets\Microsoft.NET.DefaultOutputPaths.targets(122,5): message : Reasignación de propiedad: $(DefaultItemExcludes)=";bin\Debug\/**;obj\Debug\/**" (valor anterior: ";bin\Debug\/**") en C:\Program Files\dotnet\sdk\9.0.305\Sdks\Microsoft.NET.Sdk\targets\Microsoft.NET.DefaultOutputPaths.targets (122,5)
       C:\Program Files\dotnet\sdk\9.0.305\Sdks\Microsoft.NET.Sdk\targets\Microsoft.NET.DefaultOutputPaths.targets(137,5): message : Reasignación de propiedad: $(OutputPath)="bin\Debug\net472\" (valor anterior: "bin\Debug\") en C:\Program Files\dotnet\sdk\9.0.305\Sdks\Microsoft.NET.Sdk\targets\Microsoft.NET.DefaultOutputPaths.targets (137,5)
       C:\Program Files\dotnet\sdk\9.0.305\Sdks\Microsoft.NET.Sdk\targets\Microsoft.NET.DefaultOutputPaths.targets(142,5): message : Reasignación de propiedad: $(IntermediateOutputPath)="obj\Debug\net472\" (valor anterior: "obj\Debug\") en C:\Program Files\dotnet\sdk\9.0.305\Sdks\Microsoft.NET.Sdk\targets\Microsoft.NET.DefaultOutputPaths.targets (142,5)
       D:\GitHub\Grado\DAM\2DAM\C Sharp\Creacion Componente\RA3_RelojDigital\MisComponentesLib\obj\MisComponentesLib.csproj.nuget.g.props(7,5): message : Propiedad "USERPROFILE" con el valor "C:\Users\danielgarbru" expandido desde el entorno.
       C:\Program Files\dotnet\sdk\9.0.305\Current\Microsoft.Common.props(84,119): message : Propiedad "MSBuildUserExtensionsPath" con el valor "C:\Users\danielgarbru\AppData\Local\Microsoft\MSBuild" expandido desde el entorno.
       C:\Program Files\dotnet\sdk\9.0.305\Sdks\Microsoft.NET.Sdk\targets\Microsoft.NET.RuntimeIdentifierInference.targets(63,5): message : Reasignación de propiedad: $(RuntimeIdentifier)="win-x86" (valor anterior: "win7-x86") en C:\Program Files\dotnet\sdk\9.0.305\Sdks\Microsoft.NET.Sdk\targets\Microsoft.NET.RuntimeIdentifierInference.targets (63,5)
       La propiedad "Configuration" es global y no se puede modificar.
       La propiedad "Platform" es global y no se puede modificar.
       C:\Program Files\dotnet\sdk\9.0.305\Sdks\Microsoft.NET.Sdk\targets\Microsoft.NET.Sdk.BeforeCommon.targets(189,5): message : Reasignación de propiedad: $(_FrameworkIdentifierForImplicitDefine)="NET" (valor anterior: "NETFRAMEWORK") en C:\Program Files\dotnet\sdk\9.0.305\Sdks\Microsoft.NET.Sdk\targets\Microsoft.NET.Sdk.BeforeCommon.targets (189,5)
       C:\Program Files\dotnet\sdk\9.0.305\Sdks\Microsoft.NET.Sdk\targets\Microsoft.NET.Sdk.BeforeCommon.targets(192,5): message : Reasignación de propiedad: $(_FrameworkVersionForImplicitDefine)="4_7_2" (valor anterior: "4.7.2") en C:\Program Files\dotnet\sdk\9.0.305\Sdks\Microsoft.NET.Sdk\targets\Microsoft.NET.Sdk.BeforeCommon.targets (192,5)
       C:\Program Files\dotnet\sdk\9.0.305\Sdks\Microsoft.NET.Sdk\targets\Microsoft.NET.Sdk.BeforeCommon.targets(193,5): message : Reasignación de propiedad: $(_FrameworkVersionForImplicitDefine)="472" (valor anterior: "4_7_2") en C:\Program Files\dotnet\sdk\9.0.305\Sdks\Microsoft.NET.Sdk\targets\Microsoft.NET.Sdk.BeforeCommon.targets (193,5)
       C:\Program Files\dotnet\sdk\9.0.305\Roslyn\Microsoft.CSharp.Core.targets(200,5): message : Reasignación de propiedad: $(CommandLineArgsForDesignTimeEvaluation)="-langversion:7.3 -define:TRACE" (valor anterior: "-langversion:7.3") en C:\Program Files\dotnet\sdk\9.0.305\Roslyn\Microsoft.CSharp.Core.targets (200,5)
       C:\Program Files\dotnet\sdk\9.0.305\Microsoft.NETFramework.CurrentVersion.props(117,5): message : Reasignación de propiedad: $(AvailablePlatforms)="Any CPU,x86,x64,ARM64" (valor anterior: "Any CPU,x86,x64") en C:\Program Files\dotnet\sdk\9.0.305\Microsoft.NETFramework.CurrentVersion.props (117,5)
       La propiedad "Configuration" es global y no se puede modificar.
       La propiedad "Platform" es global y no se puede modificar.
       C:\Program Files\dotnet\sdk\9.0.305\Sdks\Microsoft.NET.Sdk\targets\Microsoft.NET.Sdk.props(90,5): message : Reasignación de propiedad: $(AssemblySearchPaths)="{CandidateAssemblyFiles};{HintPathFromItem}" (valor anterior: "{CandidateAssemblyFiles}") en C:\Program Files\dotnet\sdk\9.0.305\Sdks\Microsoft.NET.Sdk\targets\Microsoft.NET.Sdk.props (90,5)
       C:\Program Files\dotnet\sdk\9.0.305\Sdks\Microsoft.NET.Sdk\targets\Microsoft.NET.Sdk.props(91,5): message : Reasignación de propiedad: $(AssemblySearchPaths)="{CandidateAssemblyFiles};{HintPathFromItem};{TargetFrameworkDirectory}" (valor anterior: "{CandidateAssemblyFiles};{HintPathFromItem}") en C:\Program Files\dotnet\sdk\9.0.305\Sdks\Microsoft.NET.Sdk\targets\Microsoft.NET.Sdk.props (91,5)
       C:\Program Files\dotnet\sdk\9.0.305\Sdks\Microsoft.NET.Sdk\targets\Microsoft.NET.Sdk.props(92,5): message : Reasignación de propiedad: $(AssemblySearchPaths)="{CandidateAssemblyFiles};{HintPathFromItem};{TargetFrameworkDirectory};{RawFileName}" (valor anterior: "{CandidateAssemblyFiles};{HintPathFromItem};{TargetFrameworkDirectory}") en C:\Program Files\dotnet\sdk\9.0.305\Sdks\Microsoft.NET.Sdk\targets\Microsoft.NET.Sdk.props (92,5)
       C:\Program Files\dotnet\sdk\9.0.305\Microsoft.Common.CurrentVersion.targets(89,5): message : Reasignación de propiedad: $(TargetPlatformIdentifier)="Windows" (valor anterior: "") en C:\Program Files\dotnet\sdk\9.0.305\Microsoft.Common.CurrentVersion.targets (89,5)
       C:\Program Files\dotnet\sdk\9.0.305\Microsoft.Common.CurrentVersion.targets(90,5): message : Reasignación de propiedad: $(TargetPlatformVersion)="7.0" (valor anterior: "") en C:\Program Files\dotnet\sdk\9.0.305\Microsoft.Common.CurrentVersion.targets (90,5)
       La propiedad "Platform" es global y no se puede modificar.
       La propiedad "Configuration" es global y no se puede modificar.
       C:\Program Files\dotnet\sdk\9.0.305\Microsoft.Common.CurrentVersion.targets(175,5): message : Reasignación de propiedad: $(_DebugSymbolsProduced)="true" (valor anterior: "false") en C:\Program Files\dotnet\sdk\9.0.305\Microsoft.Common.CurrentVersion.targets (175,5)
       C:\Program Files\dotnet\sdk\9.0.305\Microsoft.Common.CurrentVersion.targets(185,5): message : Reasignación de propiedad: $(_DocumentationFileProduced)="false" (valor anterior: "true") en C:\Program Files\dotnet\sdk\9.0.305\Microsoft.Common.CurrentVersion.targets (185,5)
       La propiedad "SolutionName" es global y no se puede modificar.
       La propiedad "SolutionFileName" es global y no se puede modificar.
       La propiedad "SolutionPath" es global y no se puede modificar.
       La propiedad "SolutionDir" es global y no se puede modificar.
       La propiedad "SolutionExt" es global y no se puede modificar.
       C:\Program Files\dotnet\sdk\9.0.305\Microsoft.Common.CurrentVersion.targets(392,5): message : Reasignación de propiedad: $(MSBuildCopyMarkerName)="TestRelo.EB67DC1F" (valor anterior: "TestRelojDigital.csproj") en C:\Program Files\dotnet\sdk\9.0.305\Microsoft.Common.CurrentVersion.targets (392,5)
       C:\Program Files\dotnet\sdk\9.0.305\Microsoft.Common.CurrentVersion.targets(393,5): message : Reasignación de propiedad: $(MSBuildCopyMarkerName)="TestRelo.EB67DC1F.Up2Date" (valor anterior: "TestRelo.EB67DC1F") en C:\Program Files\dotnet\sdk\9.0.305\Microsoft.Common.CurrentVersion.targets (393,5)
       C:\Program Files\dotnet\sdk\9.0.305\Microsoft.Common.CurrentVersion.targets(580,5): message : Reasignación de propiedad: $(DelaySign)="" (valor anterior: "false") en C:\Program Files\dotnet\sdk\9.0.305\Microsoft.Common.CurrentVersion.targets (580,5)
       C:\Program Files\dotnet\sdk\9.0.305\Microsoft.Common.CurrentVersion.targets(2619,5): message : Propiedad "LOCALAPPDATA" con el valor "C:\Users\danielgarbru\AppData\Local" expandido desde el entorno.
       C:\Program Files\dotnet\sdk\9.0.305\Microsoft.Common.CurrentVersion.targets(3947,5): message : Reasignación de propiedad: $(_SGenGenerateSerializationAssembliesConfig)="Auto" (valor anterior: "") en C:\Program Files\dotnet\sdk\9.0.305\Microsoft.Common.CurrentVersion.targets (3947,5)
       C:\Program Files\dotnet\sdk\9.0.305\Microsoft.Common.CurrentVersion.targets(3948,5): message : Reasignación de propiedad: $(_SGenGenerateSerializationAssembliesConfig)="Off" (valor anterior: "Auto") en C:\Program Files\dotnet\sdk\9.0.305\Microsoft.Common.CurrentVersion.targets (3948,5)
       C:\Program Files\dotnet\sdk\9.0.305\Microsoft.Common.CurrentVersion.targets(5159,5): message : Reasignación de propiedad: $(_TargetsThatPrepareProjectReferences)="
       C:\Program Files\dotnet\sdk\9.0.305\Microsoft.Common.CurrentVersion.targets(5159,5): message :       AssignProjectConfiguration;
       C:\Program Files\dotnet\sdk\9.0.305\Microsoft.Common.CurrentVersion.targets(5159,5): message :       _SplitProjectReferencesByFileExistence
       C:\Program Files\dotnet\sdk\9.0.305\Microsoft.Common.CurrentVersion.targets(5159,5): message :     " (valor anterior: "_SplitProjectReferencesByFileExistence") en C:\Program Files\dotnet\sdk\9.0.305\Microsoft.Common.CurrentVersion.targets (5159,5)
       C:\Program Files\dotnet\sdk\9.0.305\Microsoft.Common.CurrentVersion.targets(6954,5): message : Propiedad "MSBuildExtensionsPath32" con el valor "C:\Program Files\dotnet\sdk\9.0.305" expandido desde el entorno.
       C:\Program Files\dotnet\sdk\9.0.305\Microsoft.NETFramework.CurrentVersion.targets(74,5): message : Reasignación de propiedad: $(ResolveReferencesDependsOn)="
       C:\Program Files\dotnet\sdk\9.0.305\Microsoft.NETFramework.CurrentVersion.targets(74,5): message :       
       C:\Program Files\dotnet\sdk\9.0.305\Microsoft.NETFramework.CurrentVersion.targets(74,5): message :       BeforeResolveReferences;
       C:\Program Files\dotnet\sdk\9.0.305\Microsoft.NETFramework.CurrentVersion.targets(74,5): message :       AssignProjectConfiguration;
       C:\Program Files\dotnet\sdk\9.0.305\Microsoft.NETFramework.CurrentVersion.targets(74,5): message :       ResolveProjectReferences;
       C:\Program Files\dotnet\sdk\9.0.305\Microsoft.NETFramework.CurrentVersion.targets(74,5): message :       FindInvalidProjectReferences;
       C:\Program Files\dotnet\sdk\9.0.305\Microsoft.NETFramework.CurrentVersion.targets(74,5): message :       ResolveNativeReferences;
       C:\Program Files\dotnet\sdk\9.0.305\Microsoft.NETFramework.CurrentVersion.targets(74,5): message :       ResolveAssemblyReferences;
       C:\Program Files\dotnet\sdk\9.0.305\Microsoft.NETFramework.CurrentVersion.targets(74,5): message :       GenerateBindingRedirects;
       C:\Program Files\dotnet\sdk\9.0.305\Microsoft.NETFramework.CurrentVersion.targets(74,5): message :       GenerateBindingRedirectsUpdateAppConfig;
       C:\Program Files\dotnet\sdk\9.0.305\Microsoft.NETFramework.CurrentVersion.targets(74,5): message :       ResolveComReferences;
       C:\Program Files\dotnet\sdk\9.0.305\Microsoft.NETFramework.CurrentVersion.targets(74,5): message :       AfterResolveReferences
       C:\Program Files\dotnet\sdk\9.0.305\Microsoft.NETFramework.CurrentVersion.targets(74,5): message :     ;
       C:\Program Files\dotnet\sdk\9.0.305\Microsoft.NETFramework.CurrentVersion.targets(74,5): message :       ImplicitlyExpandDesignTimeFacades
       C:\Program Files\dotnet\sdk\9.0.305\Microsoft.NETFramework.CurrentVersion.targets(74,5): message :     " (valor anterior: "
       C:\Program Files\dotnet\sdk\9.0.305\Microsoft.NETFramework.CurrentVersion.targets(74,5): message :       BeforeResolveReferences;
       C:\Program Files\dotnet\sdk\9.0.305\Microsoft.NETFramework.CurrentVersion.targets(74,5): message :       AssignProjectConfiguration;
       C:\Program Files\dotnet\sdk\9.0.305\Microsoft.NETFramework.CurrentVersion.targets(74,5): message :       ResolveProjectReferences;
       C:\Program Files\dotnet\sdk\9.0.305\Microsoft.NETFramework.CurrentVersion.targets(74,5): message :       FindInvalidProjectReferences;
       C:\Program Files\dotnet\sdk\9.0.305\Microsoft.NETFramework.CurrentVersion.targets(74,5): message :       ResolveNativeReferences;
       C:\Program Files\dotnet\sdk\9.0.305\Microsoft.NETFramework.CurrentVersion.targets(74,5): message :       ResolveAssemblyReferences;
       C:\Program Files\dotnet\sdk\9.0.305\Microsoft.NETFramework.CurrentVersion.targets(74,5): message :       GenerateBindingRedirects;
       C:\Program Files\dotnet\sdk\9.0.305\Microsoft.NETFramework.CurrentVersion.targets(74,5): message :       GenerateBindingRedirectsUpdateAppConfig;
       C:\Program Files\dotnet\sdk\9.0.305\Microsoft.NETFramework.CurrentVersion.targets(74,5): message :       ResolveComReferences;
       C:\Program Files\dotnet\sdk\9.0.305\Microsoft.NETFramework.CurrentVersion.targets(74,5): message :       AfterResolveReferences
       C:\Program Files\dotnet\sdk\9.0.305\Microsoft.NETFramework.CurrentVersion.targets(74,5): message :     ") en C:\Program Files\dotnet\sdk\9.0.305\Microsoft.NETFramework.CurrentVersion.targets (74,5)
       C:\Program Files\dotnet\sdk\9.0.305\Sdks\Microsoft.NET.Sdk\targets\Microsoft.PackageDependencyResolution.targets(29,5): message : Reasignación de propiedad: $(ProjectAssetsCacheFile)="D:\GitHub\Grado\DAM\2DAM\C Sharp\Creacion Componente\RA3_RelojDigital\TestRelojDigital\obj\Debug\net472\TestRelojDigital.assets.cache" (valor anterior: "obj\Debug\net472\TestRelojDigital.assets.cache") en C:\Program Files\dotnet\sdk\9.0.305\Sdks\Microsoft.NET.Sdk\targets\Microsoft.PackageDependencyResolution.targets (29,5)
       C:\Program Files\dotnet\sdk\9.0.305\Sdks\Microsoft.NET.Sdk\targets\Microsoft.PackageDependencyResolution.targets(80,5): message : Reasignación de propiedad: $(ResolveAssemblyReferencesDependsOn)="
       C:\Program Files\dotnet\sdk\9.0.305\Sdks\Microsoft.NET.Sdk\targets\Microsoft.PackageDependencyResolution.targets(80,5): message :       
       C:\Program Files\dotnet\sdk\9.0.305\Sdks\Microsoft.NET.Sdk\targets\Microsoft.PackageDependencyResolution.targets(80,5): message :       ResolveProjectReferences;
       C:\Program Files\dotnet\sdk\9.0.305\Sdks\Microsoft.NET.Sdk\targets\Microsoft.PackageDependencyResolution.targets(80,5): message :       FindInvalidProjectReferences;
       C:\Program Files\dotnet\sdk\9.0.305\Sdks\Microsoft.NET.Sdk\targets\Microsoft.PackageDependencyResolution.targets(80,5): message :       GetFrameworkPaths;
       C:\Program Files\dotnet\sdk\9.0.305\Sdks\Microsoft.NET.Sdk\targets\Microsoft.PackageDependencyResolution.targets(80,5): message :       GetReferenceAssemblyPaths;
       C:\Program Files\dotnet\sdk\9.0.305\Sdks\Microsoft.NET.Sdk\targets\Microsoft.PackageDependencyResolution.targets(80,5): message :       PrepareForBuild;
       C:\Program Files\dotnet\sdk\9.0.305\Sdks\Microsoft.NET.Sdk\targets\Microsoft.PackageDependencyResolution.targets(80,5): message :       ResolveSDKReferences;
       C:\Program Files\dotnet\sdk\9.0.305\Sdks\Microsoft.NET.Sdk\targets\Microsoft.PackageDependencyResolution.targets(80,5): message :       ExpandSDKReferences;
       C:\Program Files\dotnet\sdk\9.0.305\Sdks\Microsoft.NET.Sdk\targets\Microsoft.PackageDependencyResolution.targets(80,5): message :     ;
       C:\Program Files\dotnet\sdk\9.0.305\Sdks\Microsoft.NET.Sdk\targets\Microsoft.PackageDependencyResolution.targets(80,5): message :       ResolvePackageDependenciesForBuild;
       C:\Program Files\dotnet\sdk\9.0.305\Sdks\Microsoft.NET.Sdk\targets\Microsoft.PackageDependencyResolution.targets(80,5): message :       _HandlePackageFileConflicts;
       C:\Program Files\dotnet\sdk\9.0.305\Sdks\Microsoft.NET.Sdk\targets\Microsoft.PackageDependencyResolution.targets(80,5): message :     " (valor anterior: "
       C:\Program Files\dotnet\sdk\9.0.305\Sdks\Microsoft.NET.Sdk\targets\Microsoft.PackageDependencyResolution.targets(80,5): message :       ResolveProjectReferences;
       C:\Program Files\dotnet\sdk\9.0.305\Sdks\Microsoft.NET.Sdk\targets\Microsoft.PackageDependencyResolution.targets(80,5): message :       FindInvalidProjectReferences;
       C:\Program Files\dotnet\sdk\9.0.305\Sdks\Microsoft.NET.Sdk\targets\Microsoft.PackageDependencyResolution.targets(80,5): message :       GetFrameworkPaths;
       C:\Program Files\dotnet\sdk\9.0.305\Sdks\Microsoft.NET.Sdk\targets\Microsoft.PackageDependencyResolution.targets(80,5): message :       GetReferenceAssemblyPaths;
       C:\Program Files\dotnet\sdk\9.0.305\Sdks\Microsoft.NET.Sdk\targets\Microsoft.PackageDependencyResolution.targets(80,5): message :       PrepareForBuild;
       C:\Program Files\dotnet\sdk\9.0.305\Sdks\Microsoft.NET.Sdk\targets\Microsoft.PackageDependencyResolution.targets(80,5): message :       ResolveSDKReferences;
       C:\Program Files\dotnet\sdk\9.0.305\Sdks\Microsoft.NET.Sdk\targets\Microsoft.PackageDependencyResolution.targets(80,5): message :       ExpandSDKReferences;
       C:\Program Files\dotnet\sdk\9.0.305\Sdks\Microsoft.NET.Sdk\targets\Microsoft.PackageDependencyResolution.targets(80,5): message :     ") en C:\Program Files\dotnet\sdk\9.0.305\Sdks\Microsoft.NET.Sdk\targets\Microsoft.PackageDependencyResolution.targets (80,5)
       C:\Program Files\dotnet\sdk\9.0.305\Sdks\Microsoft.NET.Sdk\targets\Microsoft.PackageDependencyResolution.targets(86,5): message : Reasignación de propiedad: $(PrepareResourcesDependsOn)="
       C:\Program Files\dotnet\sdk\9.0.305\Sdks\Microsoft.NET.Sdk\targets\Microsoft.PackageDependencyResolution.targets(86,5): message :       ResolvePackageDependenciesForBuild;
       C:\Program Files\dotnet\sdk\9.0.305\Sdks\Microsoft.NET.Sdk\targets\Microsoft.PackageDependencyResolution.targets(86,5): message :       _HandlePackageFileConflicts;
       C:\Program Files\dotnet\sdk\9.0.305\Sdks\Microsoft.NET.Sdk\targets\Microsoft.PackageDependencyResolution.targets(86,5): message :       
       C:\Program Files\dotnet\sdk\9.0.305\Sdks\Microsoft.NET.Sdk\targets\Microsoft.PackageDependencyResolution.targets(86,5): message :       ;
       C:\Program Files\dotnet\sdk\9.0.305\Sdks\Microsoft.NET.Sdk\targets\Microsoft.PackageDependencyResolution.targets(86,5): message :       PrepareResourceNames;
       C:\Program Files\dotnet\sdk\9.0.305\Sdks\Microsoft.NET.Sdk\targets\Microsoft.PackageDependencyResolution.targets(86,5): message :       ResGen;
       C:\Program Files\dotnet\sdk\9.0.305\Sdks\Microsoft.NET.Sdk\targets\Microsoft.PackageDependencyResolution.targets(86,5): message :       CompileLicxFiles
       C:\Program Files\dotnet\sdk\9.0.305\Sdks\Microsoft.NET.Sdk\targets\Microsoft.PackageDependencyResolution.targets(86,5): message :     
       C:\Program Files\dotnet\sdk\9.0.305\Sdks\Microsoft.NET.Sdk\targets\Microsoft.PackageDependencyResolution.targets(86,5): message :     " (valor anterior: "
       C:\Program Files\dotnet\sdk\9.0.305\Sdks\Microsoft.NET.Sdk\targets\Microsoft.PackageDependencyResolution.targets(86,5): message :       ;
       C:\Program Files\dotnet\sdk\9.0.305\Sdks\Microsoft.NET.Sdk\targets\Microsoft.PackageDependencyResolution.targets(86,5): message :       PrepareResourceNames;
       C:\Program Files\dotnet\sdk\9.0.305\Sdks\Microsoft.NET.Sdk\targets\Microsoft.PackageDependencyResolution.targets(86,5): message :       ResGen;
       C:\Program Files\dotnet\sdk\9.0.305\Sdks\Microsoft.NET.Sdk\targets\Microsoft.PackageDependencyResolution.targets(86,5): message :       CompileLicxFiles
       C:\Program Files\dotnet\sdk\9.0.305\Sdks\Microsoft.NET.Sdk\targets\Microsoft.PackageDependencyResolution.targets(86,5): message :     ") en C:\Program Files\dotnet\sdk\9.0.305\Sdks\Microsoft.NET.Sdk\targets\Microsoft.PackageDependencyResolution.targets (86,5)
       C:\Program Files\dotnet\sdk\9.0.305\Sdks\Microsoft.NET.Sdk\targets\Microsoft.NET.Sdk.DefaultItems.targets(27,5): message : Reasignación de propiedad: $(DefaultItemExcludes)=";bin\Debug\/**;obj\Debug\/**;bin\/**" (valor anterior: ";bin\Debug\/**;obj\Debug\/**") en C:\Program Files\dotnet\sdk\9.0.305\Sdks\Microsoft.NET.Sdk\targets\Microsoft.NET.Sdk.DefaultItems.targets (27,5)
       C:\Program Files\dotnet\sdk\9.0.305\Sdks\Microsoft.NET.Sdk\targets\Microsoft.NET.Sdk.DefaultItems.targets(29,5): message : Reasignación de propiedad: $(DefaultItemExcludes)=";bin\Debug\/**;obj\Debug\/**;bin\/**;obj\/**" (valor anterior: ";bin\Debug\/**;obj\Debug\/**;bin\/**") en C:\Program Files\dotnet\sdk\9.0.305\Sdks\Microsoft.NET.Sdk\targets\Microsoft.NET.Sdk.DefaultItems.targets (29,5)
       C:\Program Files\dotnet\sdk\9.0.305\Sdks\Microsoft.NET.Sdk\targets\Microsoft.NET.Sdk.DefaultItems.targets(32,5): message : Reasignación de propiedad: $(DefaultItemExcludes)=";bin\Debug\/**;obj\Debug\/**;bin\/**;obj\/**;**/*.user" (valor anterior: ";bin\Debug\/**;obj\Debug\/**;bin\/**;obj\/**") en C:\Program Files\dotnet\sdk\9.0.305\Sdks\Microsoft.NET.Sdk\targets\Microsoft.NET.Sdk.DefaultItems.targets (32,5)
       C:\Program Files\dotnet\sdk\9.0.305\Sdks\Microsoft.NET.Sdk\targets\Microsoft.NET.Sdk.DefaultItems.targets(33,5): message : Reasignación de propiedad: $(DefaultItemExcludes)=";bin\Debug\/**;obj\Debug\/**;bin\/**;obj\/**;**/*.user;**/*.*proj" (valor anterior: ";bin\Debug\/**;obj\Debug\/**;bin\/**;obj\/**;**/*.user") en C:\Program Files\dotnet\sdk\9.0.305\Sdks\Microsoft.NET.Sdk\targets\Microsoft.NET.Sdk.DefaultItems.targets (33,5)
       C:\Program Files\dotnet\sdk\9.0.305\Sdks\Microsoft.NET.Sdk\targets\Microsoft.NET.Sdk.DefaultItems.targets(34,5): message : Reasignación de propiedad: $(DefaultItemExcludes)=";bin\Debug\/**;obj\Debug\/**;bin\/**;obj\/**;**/*.user;**/*.*proj;**/*.sln" (valor anterior: ";bin\Debug\/**;obj\Debug\/**;bin\/**;obj\/**;**/*.user;**/*.*proj") en C:\Program Files\dotnet\sdk\9.0.305\Sdks\Microsoft.NET.Sdk\targets\Microsoft.NET.Sdk.DefaultItems.targets (34,5)
       C:\Program Files\dotnet\sdk\9.0.305\Sdks\Microsoft.NET.Sdk\targets\Microsoft.NET.Sdk.DefaultItems.targets(35,5): message : Reasignación de propiedad: $(DefaultItemExcludes)=";bin\Debug\/**;obj\Debug\/**;bin\/**;obj\/**;**/*.user;**/*.*proj;**/*.sln;**/*.slnx" (valor anterior: ";bin\Debug\/**;obj\Debug\/**;bin\/**;obj\/**;**/*.user;**/*.*proj;**/*.sln") en C:\Program Files\dotnet\sdk\9.0.305\Sdks\Microsoft.NET.Sdk\targets\Microsoft.NET.Sdk.DefaultItems.targets (35,5)
       C:\Program Files\dotnet\sdk\9.0.305\Sdks\Microsoft.NET.Sdk\targets\Microsoft.NET.Sdk.DefaultItems.targets(36,5): message : Reasignación de propiedad: $(DefaultItemExcludes)=";bin\Debug\/**;obj\Debug\/**;bin\/**;obj\/**;**/*.user;**/*.*proj;**/*.sln;**/*.slnx;**/*.vssscc" (valor anterior: ";bin\Debug\/**;obj\Debug\/**;bin\/**;obj\/**;**/*.user;**/*.*proj;**/*.sln;**/*.slnx") en C:\Program Files\dotnet\sdk\9.0.305\Sdks\Microsoft.NET.Sdk\targets\Microsoft.NET.Sdk.DefaultItems.targets (36,5)
       C:\Program Files\dotnet\sdk\9.0.305\Sdks\Microsoft.NET.Sdk\targets\Microsoft.NET.Sdk.DefaultItems.targets(37,5): message : Reasignación de propiedad: $(DefaultItemExcludes)=";bin\Debug\/**;obj\Debug\/**;bin\/**;obj\/**;**/*.user;**/*.*proj;**/*.sln;**/*.slnx;**/*.vssscc;**/.DS_Store" (valor anterior: ";bin\Debug\/**;obj\Debug\/**;bin\/**;obj\/**;**/*.user;**/*.*proj;**/*.sln;**/*.slnx;**/*.vssscc") en C:\Program Files\dotnet\sdk\9.0.305\Sdks\Microsoft.NET.Sdk\targets\Microsoft.NET.Sdk.DefaultItems.targets (37,5)
       C:\Program Files\dotnet\sdk\9.0.305\Sdks\Microsoft.NET.Sdk\targets\Microsoft.NET.Sdk.FrameworkReferenceResolution.targets(14,5): message : Reasignación de propiedad: $(ResolveAssemblyReferencesDependsOn)="
       C:\Program Files\dotnet\sdk\9.0.305\Sdks\Microsoft.NET.Sdk\targets\Microsoft.NET.Sdk.FrameworkReferenceResolution.targets(14,5): message :       
       C:\Program Files\dotnet\sdk\9.0.305\Sdks\Microsoft.NET.Sdk\targets\Microsoft.NET.Sdk.FrameworkReferenceResolution.targets(14,5): message :       
       C:\Program Files\dotnet\sdk\9.0.305\Sdks\Microsoft.NET.Sdk\targets\Microsoft.NET.Sdk.FrameworkReferenceResolution.targets(14,5): message :       ResolveProjectReferences;
       C:\Program Files\dotnet\sdk\9.0.305\Sdks\Microsoft.NET.Sdk\targets\Microsoft.NET.Sdk.FrameworkReferenceResolution.targets(14,5): message :       FindInvalidProjectReferences;
       C:\Program Files\dotnet\sdk\9.0.305\Sdks\Microsoft.NET.Sdk\targets\Microsoft.NET.Sdk.FrameworkReferenceResolution.targets(14,5): message :       GetFrameworkPaths;
       C:\Program Files\dotnet\sdk\9.0.305\Sdks\Microsoft.NET.Sdk\targets\Microsoft.NET.Sdk.FrameworkReferenceResolution.targets(14,5): message :       GetReferenceAssemblyPaths;
       C:\Program Files\dotnet\sdk\9.0.305\Sdks\Microsoft.NET.Sdk\targets\Microsoft.NET.Sdk.FrameworkReferenceResolution.targets(14,5): message :       PrepareForBuild;
       C:\Program Files\dotnet\sdk\9.0.305\Sdks\Microsoft.NET.Sdk\targets\Microsoft.NET.Sdk.FrameworkReferenceResolution.targets(14,5): message :       ResolveSDKReferences;
       C:\Program Files\dotnet\sdk\9.0.305\Sdks\Microsoft.NET.Sdk\targets\Microsoft.NET.Sdk.FrameworkReferenceResolution.targets(14,5): message :       ExpandSDKReferences;
       C:\Program Files\dotnet\sdk\9.0.305\Sdks\Microsoft.NET.Sdk\targets\Microsoft.NET.Sdk.FrameworkReferenceResolution.targets(14,5): message :     ;
       C:\Program Files\dotnet\sdk\9.0.305\Sdks\Microsoft.NET.Sdk\targets\Microsoft.NET.Sdk.FrameworkReferenceResolution.targets(14,5): message :       ResolvePackageDependenciesForBuild;
       C:\Program Files\dotnet\sdk\9.0.305\Sdks\Microsoft.NET.Sdk\targets\Microsoft.NET.Sdk.FrameworkReferenceResolution.targets(14,5): message :       _HandlePackageFileConflicts;
       C:\Program Files\dotnet\sdk\9.0.305\Sdks\Microsoft.NET.Sdk\targets\Microsoft.NET.Sdk.FrameworkReferenceResolution.targets(14,5): message :     ;
       C:\Program Files\dotnet\sdk\9.0.305\Sdks\Microsoft.NET.Sdk\targets\Microsoft.NET.Sdk.FrameworkReferenceResolution.targets(14,5): message :       ResolveTargetingPackAssets;
       C:\Program Files\dotnet\sdk\9.0.305\Sdks\Microsoft.NET.Sdk\targets\Microsoft.NET.Sdk.FrameworkReferenceResolution.targets(14,5): message :     " (valor anterior: "
       C:\Program Files\dotnet\sdk\9.0.305\Sdks\Microsoft.NET.Sdk\targets\Microsoft.NET.Sdk.FrameworkReferenceResolution.targets(14,5): message :       
       C:\Program Files\dotnet\sdk\9.0.305\Sdks\Microsoft.NET.Sdk\targets\Microsoft.NET.Sdk.FrameworkReferenceResolution.targets(14,5): message :       ResolveProjectReferences;
       C:\Program Files\dotnet\sdk\9.0.305\Sdks\Microsoft.NET.Sdk\targets\Microsoft.NET.Sdk.FrameworkReferenceResolution.targets(14,5): message :       FindInvalidProjectReferences;
       C:\Program Files\dotnet\sdk\9.0.305\Sdks\Microsoft.NET.Sdk\targets\Microsoft.NET.Sdk.FrameworkReferenceResolution.targets(14,5): message :       GetFrameworkPaths;
       C:\Program Files\dotnet\sdk\9.0.305\Sdks\Microsoft.NET.Sdk\targets\Microsoft.NET.Sdk.FrameworkReferenceResolution.targets(14,5): message :       GetReferenceAssemblyPaths;
       C:\Program Files\dotnet\sdk\9.0.305\Sdks\Microsoft.NET.Sdk\targets\Microsoft.NET.Sdk.FrameworkReferenceResolution.targets(14,5): message :       PrepareForBuild;
       C:\Program Files\dotnet\sdk\9.0.305\Sdks\Microsoft.NET.Sdk\targets\Microsoft.NET.Sdk.FrameworkReferenceResolution.targets(14,5): message :       ResolveSDKReferences;
       C:\Program Files\dotnet\sdk\9.0.305\Sdks\Microsoft.NET.Sdk\targets\Microsoft.NET.Sdk.FrameworkReferenceResolution.targets(14,5): message :       ExpandSDKReferences;
       C:\Program Files\dotnet\sdk\9.0.305\Sdks\Microsoft.NET.Sdk\targets\Microsoft.NET.Sdk.FrameworkReferenceResolution.targets(14,5): message :     ;
       C:\Program Files\dotnet\sdk\9.0.305\Sdks\Microsoft.NET.Sdk\targets\Microsoft.NET.Sdk.FrameworkReferenceResolution.targets(14,5): message :       ResolvePackageDependenciesForBuild;
       C:\Program Files\dotnet\sdk\9.0.305\Sdks\Microsoft.NET.Sdk\targets\Microsoft.NET.Sdk.FrameworkReferenceResolution.targets(14,5): message :       _HandlePackageFileConflicts;
       C:\Program Files\dotnet\sdk\9.0.305\Sdks\Microsoft.NET.Sdk\targets\Microsoft.NET.Sdk.FrameworkReferenceResolution.targets(14,5): message :     ") en C:\Program Files\dotnet\sdk\9.0.305\Sdks\Microsoft.NET.Sdk\targets\Microsoft.NET.Sdk.FrameworkReferenceResolution.targets (14,5)
       C:\Program Files\dotnet\sdk\9.0.305\Sdks\Microsoft.NET.Sdk\targets\Microsoft.NET.Sdk.targets(44,5): message : Reasignación de propiedad: $(_GenerateRuntimeConfigurationPropertyInputsCache)="D:\GitHub\Grado\DAM\2DAM\C Sharp\Creacion Componente\RA3_RelojDigital\TestRelojDigital\obj\Debug\net472\TestRelojDigital.genruntimeconfig.cache" (valor anterior: "obj\Debug\net472\TestRelojDigital.genruntimeconfig.cache") en C:\Program Files\dotnet\sdk\9.0.305\Sdks\Microsoft.NET.Sdk\targets\Microsoft.NET.Sdk.targets (44,5)
       C:\Program Files\dotnet\sdk\9.0.305\Sdks\Microsoft.NET.Sdk\targets\Microsoft.NET.Sdk.targets(46,5): message : Reasignación de propiedad: $(_GeneratePublishDependencyFilePropertyInputsCache)="D:\GitHub\Grado\DAM\2DAM\C Sharp\Creacion Componente\RA3_RelojDigital\TestRelojDigital\obj\Debug\net472\TestRelojDigital.genpublishdeps.cache" (valor anterior: "obj\Debug\net472\TestRelojDigital.genpublishdeps.cache") en C:\Program Files\dotnet\sdk\9.0.305\Sdks\Microsoft.NET.Sdk\targets\Microsoft.NET.Sdk.targets (46,5)
       C:\Program Files\dotnet\sdk\9.0.305\Sdks\Microsoft.NET.Sdk\targets\Microsoft.NET.Sdk.targets(48,5): message : Reasignación de propiedad: $(_GenerateSingleFileBundlePropertyInputsCache)="D:\GitHub\Grado\DAM\2DAM\C Sharp\Creacion Componente\RA3_RelojDigital\TestRelojDigital\obj\Debug\net472\TestRelojDigital.genbundle.cache" (valor anterior: "obj\Debug\net472\TestRelojDigital.genbundle.cache") en C:\Program Files\dotnet\sdk\9.0.305\Sdks\Microsoft.NET.Sdk\targets\Microsoft.NET.Sdk.targets (48,5)
       C:\Program Files\dotnet\sdk\9.0.305\Sdks\Microsoft.NET.Sdk\targets\Microsoft.NET.Sdk.targets(97,5): message : Reasignación de propiedad: $(_DefaultUserProfileRuntimeStorePath)="C:\Users\danielgarbru" (valor anterior: "") en C:\Program Files\dotnet\sdk\9.0.305\Sdks\Microsoft.NET.Sdk\targets\Microsoft.NET.Sdk.targets (97,5)
       C:\Program Files\dotnet\sdk\9.0.305\Sdks\Microsoft.NET.Sdk\targets\Microsoft.NET.Sdk.targets(98,5): message : Reasignación de propiedad: $(_DefaultUserProfileRuntimeStorePath)="C:\Users\danielgarbru\.dotnet\store" (valor anterior: "C:\Users\danielgarbru") en C:\Program Files\dotnet\sdk\9.0.305\Sdks\Microsoft.NET.Sdk\targets\Microsoft.NET.Sdk.targets (98,5)
       C:\Program Files\dotnet\sdk\9.0.305\Sdks\Microsoft.NET.Sdk\targets\Microsoft.NET.Sdk.targets(201,5): message : Reasignación de propiedad: $(CoreBuildDependsOn)="
       C:\Program Files\dotnet\sdk\9.0.305\Sdks\Microsoft.NET.Sdk\targets\Microsoft.NET.Sdk.targets(201,5): message :       _CheckForBuildWithNoBuild;
       C:\Program Files\dotnet\sdk\9.0.305\Sdks\Microsoft.NET.Sdk\targets\Microsoft.NET.Sdk.targets(201,5): message :       
       C:\Program Files\dotnet\sdk\9.0.305\Sdks\Microsoft.NET.Sdk\targets\Microsoft.NET.Sdk.targets(201,5): message :       BuildOnlySettings;
       C:\Program Files\dotnet\sdk\9.0.305\Sdks\Microsoft.NET.Sdk\targets\Microsoft.NET.Sdk.targets(201,5): message :       PrepareForBuild;
       C:\Program Files\dotnet\sdk\9.0.305\Sdks\Microsoft.NET.Sdk\targets\Microsoft.NET.Sdk.targets(201,5): message :       PreBuildEvent;
       C:\Program Files\dotnet\sdk\9.0.305\Sdks\Microsoft.NET.Sdk\targets\Microsoft.NET.Sdk.targets(201,5): message :       ResolveReferences;
       C:\Program Files\dotnet\sdk\9.0.305\Sdks\Microsoft.NET.Sdk\targets\Microsoft.NET.Sdk.targets(201,5): message :       PrepareResources;
       C:\Program Files\dotnet\sdk\9.0.305\Sdks\Microsoft.NET.Sdk\targets\Microsoft.NET.Sdk.targets(201,5): message :       ResolveKeySource;
       C:\Program Files\dotnet\sdk\9.0.305\Sdks\Microsoft.NET.Sdk\targets\Microsoft.NET.Sdk.targets(201,5): message :       Compile;
       C:\Program Files\dotnet\sdk\9.0.305\Sdks\Microsoft.NET.Sdk\targets\Microsoft.NET.Sdk.targets(201,5): message :       ExportWindowsMDFile;
       C:\Program Files\dotnet\sdk\9.0.305\Sdks\Microsoft.NET.Sdk\targets\Microsoft.NET.Sdk.targets(201,5): message :       UnmanagedUnregistration;
       C:\Program Files\dotnet\sdk\9.0.305\Sdks\Microsoft.NET.Sdk\targets\Microsoft.NET.Sdk.targets(201,5): message :       GenerateSerializationAssemblies;
       C:\Program Files\dotnet\sdk\9.0.305\Sdks\Microsoft.NET.Sdk\targets\Microsoft.NET.Sdk.targets(201,5): message :       CreateSatelliteAssemblies;
       C:\Program Files\dotnet\sdk\9.0.305\Sdks\Microsoft.NET.Sdk\targets\Microsoft.NET.Sdk.targets(201,5): message :       GenerateManifests;
       C:\Program Files\dotnet\sdk\9.0.305\Sdks\Microsoft.NET.Sdk\targets\Microsoft.NET.Sdk.targets(201,5): message :       GetTargetPath;
       C:\Program Files\dotnet\sdk\9.0.305\Sdks\Microsoft.NET.Sdk\targets\Microsoft.NET.Sdk.targets(201,5): message :       PrepareForRun;
       C:\Program Files\dotnet\sdk\9.0.305\Sdks\Microsoft.NET.Sdk\targets\Microsoft.NET.Sdk.targets(201,5): message :       UnmanagedRegistration;
       C:\Program Files\dotnet\sdk\9.0.305\Sdks\Microsoft.NET.Sdk\targets\Microsoft.NET.Sdk.targets(201,5): message :       IncrementalClean;
       C:\Program Files\dotnet\sdk\9.0.305\Sdks\Microsoft.NET.Sdk\targets\Microsoft.NET.Sdk.targets(201,5): message :       PostBuildEvent
       C:\Program Files\dotnet\sdk\9.0.305\Sdks\Microsoft.NET.Sdk\targets\Microsoft.NET.Sdk.targets(201,5): message :     ;
       C:\Program Files\dotnet\sdk\9.0.305\Sdks\Microsoft.NET.Sdk\targets\Microsoft.NET.Sdk.targets(201,5): message :       GenerateBuildDependencyFile;
       C:\Program Files\dotnet\sdk\9.0.305\Sdks\Microsoft.NET.Sdk\targets\Microsoft.NET.Sdk.targets(201,5): message :       GenerateBuildRuntimeConfigurationFiles
       C:\Program Files\dotnet\sdk\9.0.305\Sdks\Microsoft.NET.Sdk\targets\Microsoft.NET.Sdk.targets(201,5): message :     " (valor anterior: "
       C:\Program Files\dotnet\sdk\9.0.305\Sdks\Microsoft.NET.Sdk\targets\Microsoft.NET.Sdk.targets(201,5): message :       BuildOnlySettings;
       C:\Program Files\dotnet\sdk\9.0.305\Sdks\Microsoft.NET.Sdk\targets\Microsoft.NET.Sdk.targets(201,5): message :       PrepareForBuild;
       C:\Program Files\dotnet\sdk\9.0.305\Sdks\Microsoft.NET.Sdk\targets\Microsoft.NET.Sdk.targets(201,5): message :       PreBuildEvent;
       C:\Program Files\dotnet\sdk\9.0.305\Sdks\Microsoft.NET.Sdk\targets\Microsoft.NET.Sdk.targets(201,5): message :       ResolveReferences;
       C:\Program Files\dotnet\sdk\9.0.305\Sdks\Microsoft.NET.Sdk\targets\Microsoft.NET.Sdk.targets(201,5): message :       PrepareResources;
       C:\Program Files\dotnet\sdk\9.0.305\Sdks\Microsoft.NET.Sdk\targets\Microsoft.NET.Sdk.targets(201,5): message :       ResolveKeySource;
       C:\Program Files\dotnet\sdk\9.0.305\Sdks\Microsoft.NET.Sdk\targets\Microsoft.NET.Sdk.targets(201,5): message :       Compile;
       C:\Program Files\dotnet\sdk\9.0.305\Sdks\Microsoft.NET.Sdk\targets\Microsoft.NET.Sdk.targets(201,5): message :       ExportWindowsMDFile;
       C:\Program Files\dotnet\sdk\9.0.305\Sdks\Microsoft.NET.Sdk\targets\Microsoft.NET.Sdk.targets(201,5): message :       UnmanagedUnregistration;
       C:\Program Files\dotnet\sdk\9.0.305\Sdks\Microsoft.NET.Sdk\targets\Microsoft.NET.Sdk.targets(201,5): message :       GenerateSerializationAssemblies;
       C:\Program Files\dotnet\sdk\9.0.305\Sdks\Microsoft.NET.Sdk\targets\Microsoft.NET.Sdk.targets(201,5): message :       CreateSatelliteAssemblies;
       C:\Program Files\dotnet\sdk\9.0.305\Sdks\Microsoft.NET.Sdk\targets\Microsoft.NET.Sdk.targets(201,5): message :       GenerateManifests;
       C:\Program Files\dotnet\sdk\9.0.305\Sdks\Microsoft.NET.Sdk\targets\Microsoft.NET.Sdk.targets(201,5): message :       GetTargetPath;
       C:\Program Files\dotnet\sdk\9.0.305\Sdks\Microsoft.NET.Sdk\targets\Microsoft.NET.Sdk.targets(201,5): message :       PrepareForRun;
       C:\Program Files\dotnet\sdk\9.0.305\Sdks\Microsoft.NET.Sdk\targets\Microsoft.NET.Sdk.targets(201,5): message :       UnmanagedRegistration;
       C:\Program Files\dotnet\sdk\9.0.305\Sdks\Microsoft.NET.Sdk\targets\Microsoft.NET.Sdk.targets(201,5): message :       IncrementalClean;
       C:\Program Files\dotnet\sdk\9.0.305\Sdks\Microsoft.NET.Sdk\targets\Microsoft.NET.Sdk.targets(201,5): message :       PostBuildEvent
       C:\Program Files\dotnet\sdk\9.0.305\Sdks\Microsoft.NET.Sdk\targets\Microsoft.NET.Sdk.targets(201,5): message :     ") en C:\Program Files\dotnet\sdk\9.0.305\Sdks\Microsoft.NET.Sdk\targets\Microsoft.NET.Sdk.targets (201,5)
       El solucionador "DefaultSdkResolver" intentó resolver el SDK "Microsoft.NET.SDK.WorkloadAutoImportPropsLocator".
       Advertencias: null
       Errores: MSB4276: La resolución predeterminada del SDK no pudo resolver el SDK "Microsoft.NET.SDK.WorkloadAutoImportPropsLocator" porque el directorio "C:\Program Files\dotnet\sdk\9.0.305\Sdks\Microsoft.NET.SDK.WorkloadAutoImportPropsLocator\Sdk" no existía.
       C:\Program Files\dotnet\sdk\9.0.305\Sdks\Microsoft.NET.Sdk\targets\Microsoft.NET.Sdk.targets(210,5): message : Reasignación de propiedad: $(CoreCleanDependsOn)="
       C:\Program Files\dotnet\sdk\9.0.305\Sdks\Microsoft.NET.Sdk\targets\Microsoft.NET.Sdk.targets(210,5): message :       _SdkBeforeClean;
       C:\Program Files\dotnet\sdk\9.0.305\Sdks\Microsoft.NET.Sdk\targets\Microsoft.NET.Sdk.targets(210,5): message :       
       C:\Program Files\dotnet\sdk\9.0.305\Sdks\Microsoft.NET.Sdk\targets\Microsoft.NET.Sdk.targets(210,5): message :     " (valor anterior: "") en C:\Program Files\dotnet\sdk\9.0.305\Sdks\Microsoft.NET.Sdk\targets\Microsoft.NET.Sdk.targets (210,5)
       C:\Program Files\dotnet\sdk\9.0.305\Sdks\Microsoft.NET.Sdk\targets\Microsoft.NET.Sdk.targets(217,5): message : Reasignación de propiedad: $(RebuildDependsOn)="
       C:\Program Files\dotnet\sdk\9.0.305\Sdks\Microsoft.NET.Sdk\targets\Microsoft.NET.Sdk.targets(217,5): message :       _SdkBeforeRebuild;
       C:\Program Files\dotnet\sdk\9.0.305\Sdks\Microsoft.NET.Sdk\targets\Microsoft.NET.Sdk.targets(217,5): message :       
       C:\Program Files\dotnet\sdk\9.0.305\Sdks\Microsoft.NET.Sdk\targets\Microsoft.NET.Sdk.targets(217,5): message :       BeforeRebuild;
       C:\Program Files\dotnet\sdk\9.0.305\Sdks\Microsoft.NET.Sdk\targets\Microsoft.NET.Sdk.targets(217,5): message :       Clean;
       C:\Program Files\dotnet\sdk\9.0.305\Sdks\Microsoft.NET.Sdk\targets\Microsoft.NET.Sdk.targets(217,5): message :       Build;
       C:\Program Files\dotnet\sdk\9.0.305\Sdks\Microsoft.NET.Sdk\targets\Microsoft.NET.Sdk.targets(217,5): message :       AfterRebuild;
       C:\Program Files\dotnet\sdk\9.0.305\Sdks\Microsoft.NET.Sdk\targets\Microsoft.NET.Sdk.targets(217,5): message :     
       C:\Program Files\dotnet\sdk\9.0.305\Sdks\Microsoft.NET.Sdk\targets\Microsoft.NET.Sdk.targets(217,5): message :     " (valor anterior: "
       C:\Program Files\dotnet\sdk\9.0.305\Sdks\Microsoft.NET.Sdk\targets\Microsoft.NET.Sdk.targets(217,5): message :       BeforeRebuild;
       C:\Program Files\dotnet\sdk\9.0.305\Sdks\Microsoft.NET.Sdk\targets\Microsoft.NET.Sdk.targets(217,5): message :       Clean;
       C:\Program Files\dotnet\sdk\9.0.305\Sdks\Microsoft.NET.Sdk\targets\Microsoft.NET.Sdk.targets(217,5): message :       Build;
       C:\Program Files\dotnet\sdk\9.0.305\Sdks\Microsoft.NET.Sdk\targets\Microsoft.NET.Sdk.targets(217,5): message :       AfterRebuild;
       C:\Program Files\dotnet\sdk\9.0.305\Sdks\Microsoft.NET.Sdk\targets\Microsoft.NET.Sdk.targets(217,5): message :     ") en C:\Program Files\dotnet\sdk\9.0.305\Sdks\Microsoft.NET.Sdk\targets\Microsoft.NET.Sdk.targets (217,5)
       C:\Program Files\dotnet\sdk\9.0.305\Sdks\Microsoft.NET.Sdk\targets\Microsoft.NET.Sdk.targets(784,5): message : Reasignación de propiedad: $(CompileDependsOn)="
       C:\Program Files\dotnet\sdk\9.0.305\Sdks\Microsoft.NET.Sdk\targets\Microsoft.NET.Sdk.targets(784,5): message :       
       C:\Program Files\dotnet\sdk\9.0.305\Sdks\Microsoft.NET.Sdk\targets\Microsoft.NET.Sdk.targets(784,5): message :       ResolveReferences;
       C:\Program Files\dotnet\sdk\9.0.305\Sdks\Microsoft.NET.Sdk\targets\Microsoft.NET.Sdk.targets(784,5): message :       ResolveKeySource;
       C:\Program Files\dotnet\sdk\9.0.305\Sdks\Microsoft.NET.Sdk\targets\Microsoft.NET.Sdk.targets(784,5): message :       SetWin32ManifestProperties;
       C:\Program Files\dotnet\sdk\9.0.305\Sdks\Microsoft.NET.Sdk\targets\Microsoft.NET.Sdk.targets(784,5): message :       _SetPreferNativeArm64Win32ManifestProperties;
       C:\Program Files\dotnet\sdk\9.0.305\Sdks\Microsoft.NET.Sdk\targets\Microsoft.NET.Sdk.targets(784,5): message :       FindReferenceAssembliesForReferences;
       C:\Program Files\dotnet\sdk\9.0.305\Sdks\Microsoft.NET.Sdk\targets\Microsoft.NET.Sdk.targets(784,5): message :       _GenerateCompileInputs;
       C:\Program Files\dotnet\sdk\9.0.305\Sdks\Microsoft.NET.Sdk\targets\Microsoft.NET.Sdk.targets(784,5): message :       BeforeCompile;
       C:\Program Files\dotnet\sdk\9.0.305\Sdks\Microsoft.NET.Sdk\targets\Microsoft.NET.Sdk.targets(784,5): message :       _TimeStampBeforeCompile;
       C:\Program Files\dotnet\sdk\9.0.305\Sdks\Microsoft.NET.Sdk\targets\Microsoft.NET.Sdk.targets(784,5): message :       _GenerateCompileDependencyCache;
       C:\Program Files\dotnet\sdk\9.0.305\Sdks\Microsoft.NET.Sdk\targets\Microsoft.NET.Sdk.targets(784,5): message :       CoreCompile;
       C:\Program Files\dotnet\sdk\9.0.305\Sdks\Microsoft.NET.Sdk\targets\Microsoft.NET.Sdk.targets(784,5): message :       _TimeStampAfterCompile;
       C:\Program Files\dotnet\sdk\9.0.305\Sdks\Microsoft.NET.Sdk\targets\Microsoft.NET.Sdk.targets(784,5): message :       AfterCompile;
       C:\Program Files\dotnet\sdk\9.0.305\Sdks\Microsoft.NET.Sdk\targets\Microsoft.NET.Sdk.targets(784,5): message :     ;
       C:\Program Files\dotnet\sdk\9.0.305\Sdks\Microsoft.NET.Sdk\targets\Microsoft.NET.Sdk.targets(784,5): message :       _CreateAppHost;
       C:\Program Files\dotnet\sdk\9.0.305\Sdks\Microsoft.NET.Sdk\targets\Microsoft.NET.Sdk.targets(784,5): message :       _CreateComHost;
       C:\Program Files\dotnet\sdk\9.0.305\Sdks\Microsoft.NET.Sdk\targets\Microsoft.NET.Sdk.targets(784,5): message :       _GetIjwHostPaths;
       C:\Program Files\dotnet\sdk\9.0.305\Sdks\Microsoft.NET.Sdk\targets\Microsoft.NET.Sdk.targets(784,5): message :     " (valor anterior: "
       C:\Program Files\dotnet\sdk\9.0.305\Sdks\Microsoft.NET.Sdk\targets\Microsoft.NET.Sdk.targets(784,5): message :       ResolveReferences;
       C:\Program Files\dotnet\sdk\9.0.305\Sdks\Microsoft.NET.Sdk\targets\Microsoft.NET.Sdk.targets(784,5): message :       ResolveKeySource;
       C:\Program Files\dotnet\sdk\9.0.305\Sdks\Microsoft.NET.Sdk\targets\Microsoft.NET.Sdk.targets(784,5): message :       SetWin32ManifestProperties;
       C:\Program Files\dotnet\sdk\9.0.305\Sdks\Microsoft.NET.Sdk\targets\Microsoft.NET.Sdk.targets(784,5): message :       _SetPreferNativeArm64Win32ManifestProperties;
       C:\Program Files\dotnet\sdk\9.0.305\Sdks\Microsoft.NET.Sdk\targets\Microsoft.NET.Sdk.targets(784,5): message :       FindReferenceAssembliesForReferences;
       C:\Program Files\dotnet\sdk\9.0.305\Sdks\Microsoft.NET.Sdk\targets\Microsoft.NET.Sdk.targets(784,5): message :       _GenerateCompileInputs;
       C:\Program Files\dotnet\sdk\9.0.305\Sdks\Microsoft.NET.Sdk\targets\Microsoft.NET.Sdk.targets(784,5): message :       BeforeCompile;
       C:\Program Files\dotnet\sdk\9.0.305\Sdks\Microsoft.NET.Sdk\targets\Microsoft.NET.Sdk.targets(784,5): message :       _TimeStampBeforeCompile;
       C:\Program Files\dotnet\sdk\9.0.305\Sdks\Microsoft.NET.Sdk\targets\Microsoft.NET.Sdk.targets(784,5): message :       _GenerateCompileDependencyCache;
       C:\Program Files\dotnet\sdk\9.0.305\Sdks\Microsoft.NET.Sdk\targets\Microsoft.NET.Sdk.targets(784,5): message :       CoreCompile;
       C:\Program Files\dotnet\sdk\9.0.305\Sdks\Microsoft.NET.Sdk\targets\Microsoft.NET.Sdk.targets(784,5): message :       _TimeStampAfterCompile;
       C:\Program Files\dotnet\sdk\9.0.305\Sdks\Microsoft.NET.Sdk\targets\Microsoft.NET.Sdk.targets(784,5): message :       AfterCompile;
       C:\Program Files\dotnet\sdk\9.0.305\Sdks\Microsoft.NET.Sdk\targets\Microsoft.NET.Sdk.targets(784,5): message :     ") en C:\Program Files\dotnet\sdk\9.0.305\Sdks\Microsoft.NET.Sdk\targets\Microsoft.NET.Sdk.targets (784,5)
       C:\Program Files\dotnet\sdk\9.0.305\Sdks\Microsoft.NET.Sdk\targets\Microsoft.NET.Sdk.targets(1184,5): message : Reasignación de propiedad: $(CreateSatelliteAssembliesDependsOn)="
       C:\Program Files\dotnet\sdk\9.0.305\Sdks\Microsoft.NET.Sdk\targets\Microsoft.NET.Sdk.targets(1184,5): message :       
       C:\Program Files\dotnet\sdk\9.0.305\Sdks\Microsoft.NET.Sdk\targets\Microsoft.NET.Sdk.targets(1184,5): message :       ;
       C:\Program Files\dotnet\sdk\9.0.305\Sdks\Microsoft.NET.Sdk\targets\Microsoft.NET.Sdk.targets(1184,5): message :       _GenerateSatelliteAssemblyInputs;
       C:\Program Files\dotnet\sdk\9.0.305\Sdks\Microsoft.NET.Sdk\targets\Microsoft.NET.Sdk.targets(1184,5): message :       ComputeIntermediateSatelliteAssemblies;
       C:\Program Files\dotnet\sdk\9.0.305\Sdks\Microsoft.NET.Sdk\targets\Microsoft.NET.Sdk.targets(1184,5): message :       GenerateSatelliteAssemblies
       C:\Program Files\dotnet\sdk\9.0.305\Sdks\Microsoft.NET.Sdk\targets\Microsoft.NET.Sdk.targets(1184,5): message :     ;
       C:\Program Files\dotnet\sdk\9.0.305\Sdks\Microsoft.NET.Sdk\targets\Microsoft.NET.Sdk.targets(1184,5): message :       CoreGenerateSatelliteAssemblies
       C:\Program Files\dotnet\sdk\9.0.305\Sdks\Microsoft.NET.Sdk\targets\Microsoft.NET.Sdk.targets(1184,5): message :     " (valor anterior: "
       C:\Program Files\dotnet\sdk\9.0.305\Sdks\Microsoft.NET.Sdk\targets\Microsoft.NET.Sdk.targets(1184,5): message :       ;
       C:\Program Files\dotnet\sdk\9.0.305\Sdks\Microsoft.NET.Sdk\targets\Microsoft.NET.Sdk.targets(1184,5): message :       _GenerateSatelliteAssemblyInputs;
       C:\Program Files\dotnet\sdk\9.0.305\Sdks\Microsoft.NET.Sdk\targets\Microsoft.NET.Sdk.targets(1184,5): message :       ComputeIntermediateSatelliteAssemblies;
       C:\Program Files\dotnet\sdk\9.0.305\Sdks\Microsoft.NET.Sdk\targets\Microsoft.NET.Sdk.targets(1184,5): message :       GenerateSatelliteAssemblies
       C:\Program Files\dotnet\sdk\9.0.305\Sdks\Microsoft.NET.Sdk\targets\Microsoft.NET.Sdk.targets(1184,5): message :     ") en C:\Program Files\dotnet\sdk\9.0.305\Sdks\Microsoft.NET.Sdk\targets\Microsoft.NET.Sdk.targets (1184,5)
       C:\Program Files\dotnet\sdk\9.0.305\Sdks\Microsoft.SourceLink.GitLab\build\Microsoft.SourceLink.GitLab.targets(12,5): message : Reasignación de propiedad: $(SourceLinkUrlInitializerTargets)=";_InitializeGitHubSourceLinkUrl;_InitializeGitLabSourceLinkUrl" (valor anterior: ";_InitializeGitHubSourceLinkUrl") en C:\Program Files\dotnet\sdk\9.0.305\Sdks\Microsoft.SourceLink.GitLab\build\Microsoft.SourceLink.GitLab.targets (12,5)
       C:\Program Files\dotnet\sdk\9.0.305\Sdks\Microsoft.SourceLink.GitLab\build\Microsoft.SourceLink.GitLab.targets(13,5): message : Reasignación de propiedad: $(SourceControlManagerUrlTranslationTargets)=";TranslateGitHubUrlsInSourceControlInformation;TranslateGitLabUrlsInSourceControlInformation" (valor anterior: ";TranslateGitHubUrlsInSourceControlInformation") en C:\Program Files\dotnet\sdk\9.0.305\Sdks\Microsoft.SourceLink.GitLab\build\Microsoft.SourceLink.GitLab.targets (13,5)
       C:\Program Files\dotnet\sdk\9.0.305\Sdks\Microsoft.SourceLink.AzureRepos.Git\build\Microsoft.SourceLink.AzureRepos.Git.targets(12,5): message : Reasignación de propiedad: $(SourceLinkUrlInitializerTargets)=";_InitializeGitHubSourceLinkUrl;_InitializeGitLabSourceLinkUrl;_InitializeAzureReposGitSourceLinkUrl" (valor anterior: ";_InitializeGitHubSourceLinkUrl;_InitializeGitLabSourceLinkUrl") en C:\Program Files\dotnet\sdk\9.0.305\Sdks\Microsoft.SourceLink.AzureRepos.Git\build\Microsoft.SourceLink.AzureRepos.Git.targets (12,5)
       C:\Program Files\dotnet\sdk\9.0.305\Sdks\Microsoft.SourceLink.AzureRepos.Git\build\Microsoft.SourceLink.AzureRepos.Git.targets(13,5): message : Reasignación de propiedad: $(SourceControlManagerUrlTranslationTargets)=";TranslateGitHubUrlsInSourceControlInformation;TranslateGitLabUrlsInSourceControlInformation;TranslateAzureReposGitUrlsInSourceControlInformation" (valor anterior: ";TranslateGitHubUrlsInSourceControlInformation;TranslateGitLabUrlsInSourceControlInformation") en C:\Program Files\dotnet\sdk\9.0.305\Sdks\Microsoft.SourceLink.AzureRepos.Git\build\Microsoft.SourceLink.AzureRepos.Git.targets (13,5)
       C:\Program Files\dotnet\sdk\9.0.305\Sdks\Microsoft.SourceLink.Bitbucket.Git\build\Microsoft.SourceLink.Bitbucket.Git.targets(12,5): message : Reasignación de propiedad: $(SourceLinkUrlInitializerTargets)=";_InitializeGitHubSourceLinkUrl;_InitializeGitLabSourceLinkUrl;_InitializeAzureReposGitSourceLinkUrl;_InitializeBitbucketGitSourceLinkUrl" (valor anterior: ";_InitializeGitHubSourceLinkUrl;_InitializeGitLabSourceLinkUrl;_InitializeAzureReposGitSourceLinkUrl") en C:\Program Files\dotnet\sdk\9.0.305\Sdks\Microsoft.SourceLink.Bitbucket.Git\build\Microsoft.SourceLink.Bitbucket.Git.targets (12,5)
       C:\Program Files\dotnet\sdk\9.0.305\Sdks\Microsoft.SourceLink.Bitbucket.Git\build\Microsoft.SourceLink.Bitbucket.Git.targets(13,5): message : Reasignación de propiedad: $(SourceControlManagerUrlTranslationTargets)=";TranslateGitHubUrlsInSourceControlInformation;TranslateGitLabUrlsInSourceControlInformation;TranslateAzureReposGitUrlsInSourceControlInformation;TranslateBitbucketGitUrlsInSourceControlInformation" (valor anterior: ";TranslateGitHubUrlsInSourceControlInformation;TranslateGitLabUrlsInSourceControlInformation;TranslateAzureReposGitUrlsInSourceControlInformation") en C:\Program Files\dotnet\sdk\9.0.305\Sdks\Microsoft.SourceLink.Bitbucket.Git\build\Microsoft.SourceLink.Bitbucket.Git.targets (13,5)
       C:\Program Files\dotnet\sdk\9.0.305\Sdks\Microsoft.NET.Sdk\targets\Microsoft.NET.DesignerSupport.targets(21,5): message : Reasignación de propiedad: $(DesignerRuntimeImplementationProjectOutputGroupDependsOn)="
       C:\Program Files\dotnet\sdk\9.0.305\Sdks\Microsoft.NET.Sdk\targets\Microsoft.NET.DesignerSupport.targets(21,5): message :       
       C:\Program Files\dotnet\sdk\9.0.305\Sdks\Microsoft.NET.Sdk\targets\Microsoft.NET.DesignerSupport.targets(21,5): message :       ;
       C:\Program Files\dotnet\sdk\9.0.305\Sdks\Microsoft.NET.Sdk\targets\Microsoft.NET.DesignerSupport.targets(21,5): message :       
       C:\Program Files\dotnet\sdk\9.0.305\Sdks\Microsoft.NET.Sdk\targets\Microsoft.NET.DesignerSupport.targets(21,5): message :       ;
       C:\Program Files\dotnet\sdk\9.0.305\Sdks\Microsoft.NET.Sdk\targets\Microsoft.NET.DesignerSupport.targets(21,5): message :       BuildOnlySettings;
       C:\Program Files\dotnet\sdk\9.0.305\Sdks\Microsoft.NET.Sdk\targets\Microsoft.NET.DesignerSupport.targets(21,5): message :       PrepareForBuild;
       C:\Program Files\dotnet\sdk\9.0.305\Sdks\Microsoft.NET.Sdk\targets\Microsoft.NET.DesignerSupport.targets(21,5): message :       AssignTargetPaths;
       C:\Program Files\dotnet\sdk\9.0.305\Sdks\Microsoft.NET.Sdk\targets\Microsoft.NET.DesignerSupport.targets(21,5): message :       ResolveReferences
       C:\Program Files\dotnet\sdk\9.0.305\Sdks\Microsoft.NET.Sdk\targets\Microsoft.NET.DesignerSupport.targets(21,5): message :     
       C:\Program Files\dotnet\sdk\9.0.305\Sdks\Microsoft.NET.Sdk\targets\Microsoft.NET.DesignerSupport.targets(21,5): message :     ;
       C:\Program Files\dotnet\sdk\9.0.305\Sdks\Microsoft.NET.Sdk\targets\Microsoft.NET.DesignerSupport.targets(21,5): message :       _GenerateDesignerDepsFile;
       C:\Program Files\dotnet\sdk\9.0.305\Sdks\Microsoft.NET.Sdk\targets\Microsoft.NET.DesignerSupport.targets(21,5): message :       _GenerateDesignerRuntimeConfigFile;
       C:\Program Files\dotnet\sdk\9.0.305\Sdks\Microsoft.NET.Sdk\targets\Microsoft.NET.DesignerSupport.targets(21,5): message :       GetCopyToOutputDirectoryItems;
       C:\Program Files\dotnet\sdk\9.0.305\Sdks\Microsoft.NET.Sdk\targets\Microsoft.NET.DesignerSupport.targets(21,5): message :       _GatherDesignerShadowCopyFiles;
       C:\Program Files\dotnet\sdk\9.0.305\Sdks\Microsoft.NET.Sdk\targets\Microsoft.NET.DesignerSupport.targets(21,5): message :     " (valor anterior: "
       C:\Program Files\dotnet\sdk\9.0.305\Sdks\Microsoft.NET.Sdk\targets\Microsoft.NET.DesignerSupport.targets(21,5): message :       ;
       C:\Program Files\dotnet\sdk\9.0.305\Sdks\Microsoft.NET.Sdk\targets\Microsoft.NET.DesignerSupport.targets(21,5): message :       
       C:\Program Files\dotnet\sdk\9.0.305\Sdks\Microsoft.NET.Sdk\targets\Microsoft.NET.DesignerSupport.targets(21,5): message :       ;
       C:\Program Files\dotnet\sdk\9.0.305\Sdks\Microsoft.NET.Sdk\targets\Microsoft.NET.DesignerSupport.targets(21,5): message :       BuildOnlySettings;
       C:\Program Files\dotnet\sdk\9.0.305\Sdks\Microsoft.NET.Sdk\targets\Microsoft.NET.DesignerSupport.targets(21,5): message :       PrepareForBuild;
       C:\Program Files\dotnet\sdk\9.0.305\Sdks\Microsoft.NET.Sdk\targets\Microsoft.NET.DesignerSupport.targets(21,5): message :       AssignTargetPaths;
       C:\Program Files\dotnet\sdk\9.0.305\Sdks\Microsoft.NET.Sdk\targets\Microsoft.NET.DesignerSupport.targets(21,5): message :       ResolveReferences
       C:\Program Files\dotnet\sdk\9.0.305\Sdks\Microsoft.NET.Sdk\targets\Microsoft.NET.DesignerSupport.targets(21,5): message :     
       C:\Program Files\dotnet\sdk\9.0.305\Sdks\Microsoft.NET.Sdk\targets\Microsoft.NET.DesignerSupport.targets(21,5): message :     ") en C:\Program Files\dotnet\sdk\9.0.305\Sdks\Microsoft.NET.Sdk\targets\Microsoft.NET.DesignerSupport.targets (21,5)
       C:\Program Files\dotnet\sdk\9.0.305\Sdks\Microsoft.NET.Sdk\targets\Microsoft.NET.PackTool.targets(68,5): message : Reasignación de propiedad: $(_GenerateToolsSettingsFileCacheFile)="D:\GitHub\Grado\DAM\2DAM\C Sharp\Creacion Componente\RA3_RelojDigital\TestRelojDigital\obj\Debug\net472\TestRelojDigital.toolssettingsinput.cache" (valor anterior: "obj\Debug\net472\TestRelojDigital.toolssettingsinput.cache") en C:\Program Files\dotnet\sdk\9.0.305\Sdks\Microsoft.NET.Sdk\targets\Microsoft.NET.PackTool.targets (68,5)
       C:\Program Files\dotnet\sdk\9.0.305\Sdks\Microsoft.NET.Sdk\targets\Microsoft.NET.PackTool.targets(137,5): message : Reasignación de propiedad: $(_ShimInputCacheFile)="D:\GitHub\Grado\DAM\2DAM\C Sharp\Creacion Componente\RA3_RelojDigital\TestRelojDigital\obj\Debug\net472\TestRelojDigital.shiminput.cache" (valor anterior: "obj\Debug\net472\TestRelojDigital.shiminput.cache") en C:\Program Files\dotnet\sdk\9.0.305\Sdks\Microsoft.NET.Sdk\targets\Microsoft.NET.PackTool.targets (137,5)
       C:\Program Files\dotnet\sdk\9.0.305\Sdks\Microsoft.NET.Sdk\targets\Microsoft.NET.PackTool.targets(139,5): message : Reasignación de propiedad: $(_ShimCreatedSentinelFile)="D:\GitHub\Grado\DAM\2DAM\C Sharp\Creacion Componente\RA3_RelojDigital\TestRelojDigital\obj\Debug\net472\TestRelojDigital.shimcreated.sentinel" (valor anterior: "obj\Debug\net472\TestRelojDigital.shimcreated.sentinel") en C:\Program Files\dotnet\sdk\9.0.305\Sdks\Microsoft.NET.Sdk\targets\Microsoft.NET.PackTool.targets (139,5)
       C:\Program Files\dotnet\sdk\9.0.305\Sdks\Microsoft.NET.Sdk\targets\Microsoft.NET.Sdk.CSharp.targets(31,5): message : Reasignación de propiedad: $(DefineConstants)="TRACE;DEBUG" (valor anterior: "TRACE") en C:\Program Files\dotnet\sdk\9.0.305\Sdks\Microsoft.NET.Sdk\targets\Microsoft.NET.Sdk.CSharp.targets (31,5)
       C:\Program Files\dotnet\sdk\9.0.305\Sdks\Microsoft.NET.Sdk\targets\Microsoft.NET.Sdk.CSharp.targets(34,5): message : Reasignación de propiedad: $(DefineConstants)="TRACE;DEBUG;NETFRAMEWORK;NET472;" (valor anterior: "TRACE;DEBUG") en C:\Program Files\dotnet\sdk\9.0.305\Sdks\Microsoft.NET.Sdk\targets\Microsoft.NET.Sdk.CSharp.targets (34,5)
       C:\Program Files\dotnet\sdk\9.0.305\Sdks\Microsoft.NET.Sdk\targets\Microsoft.NET.Windows.targets(44,5): message : Reasignación de propiedad: $(SupportedOSPlatformVersion)="7.0" (valor anterior: "") en C:\Program Files\dotnet\sdk\9.0.305\Sdks\Microsoft.NET.Sdk\targets\Microsoft.NET.Windows.targets (44,5)
       C:\Program Files\dotnet\sdk\9.0.305\Sdks\Microsoft.NET.Sdk\targets\Microsoft.NET.Windows.targets(45,5): message : Reasignación de propiedad: $(TargetPlatformMinVersion)="7.0" (valor anterior: "") en C:\Program Files\dotnet\sdk\9.0.305\Sdks\Microsoft.NET.Sdk\targets\Microsoft.NET.Windows.targets (45,5)
       C:\Program Files\dotnet\sdk\9.0.305\Sdks\Microsoft.NET.Sdk.WindowsDesktop\targets\Microsoft.NET.Sdk.WindowsDesktop.targets(51,5): message : Reasignación de propiedad: $(_TargetFrameworkVersionValue)="4.7.2" (valor anterior: "0.0") en C:\Program Files\dotnet\sdk\9.0.305\Sdks\Microsoft.NET.Sdk.WindowsDesktop\targets\Microsoft.NET.Sdk.WindowsDesktop.targets (51,5)
       C:\Program Files\dotnet\sdk\9.0.305\Sdks\NuGet.Build.Tasks.Pack\build\NuGet.Build.Tasks.Pack.targets(34,5): message : Reasignación de propiedad: $(PackageDescription)="Package Description" (valor anterior: "") en C:\Program Files\dotnet\sdk\9.0.305\Sdks\NuGet.Build.Tasks.Pack\build\NuGet.Build.Tasks.Pack.targets (34,5)
       C:\Program Files\dotnet\sdk\9.0.305\Sdks\NuGet.Build.Tasks.Pack\build\NuGet.Build.Tasks.Pack.targets(59,5): message : Reasignación de propiedad: $(GenerateNuspecDependsOn)="Build;_LoadPackInputItems; _GetTargetFrameworksOutput; _WalkEachTargetPerFramework; _GetPackageFiles; " (valor anterior: "_LoadPackInputItems; _GetTargetFrameworksOutput; _WalkEachTargetPerFramework; _GetPackageFiles; ") en C:\Program Files\dotnet\sdk\9.0.305\Sdks\NuGet.Build.Tasks.Pack\build\NuGet.Build.Tasks.Pack.targets (59,5)
       C:\Program Files\dotnet\sdk\9.0.305\Sdks\Microsoft.NET.Sdk\Sdk\Sdk.targets(60,5): message : Reasignación de propiedad: $(_IsNotSetContainersTargetsDir)="true" (valor anterior: "false") en C:\Program Files\dotnet\sdk\9.0.305\Sdks\Microsoft.NET.Sdk\Sdk\Sdk.targets (60,5)
       C:\Program Files\dotnet\sdk\9.0.305\Containers\build\Microsoft.NET.Build.Containers.targets(5,5): message : Reasignación de propiedad: $(_IsSDKContainerAllowedVersion)="true" (valor anterior: "false") en C:\Program Files\dotnet\sdk\9.0.305\Containers\build\Microsoft.NET.Build.Containers.targets (5,5)
       El SDK "Microsoft.NET.SDK.WorkloadAutoImportPropsLocator" se resolvió correctamente mediante el resolvedor "Microsoft.DotNet.MSBuildWorkloadSdkResolver" a la ubicación "null" y la versión "null".
       C:\Program Files\dotnet\sdk\9.0.305\Sdks\Microsoft.NET.Sdk\targets\Microsoft.NET.PackProjectTool.props(15,5): message : Reasignación de propiedad: $(TargetsForTfmSpecificContentInPackage)=";PackTool;_PackProjectToolValidation" (valor anterior: ";PackTool") en C:\Program Files\dotnet\sdk\9.0.305\Sdks\Microsoft.NET.Sdk\targets\Microsoft.NET.PackProjectTool.props (15,5)
       La propiedad "Configuration" es global y no se puede modificar.
       La propiedad "Platform" es global y no se puede modificar.
       C:\Program Files\dotnet\sdk\9.0.305\Sdks\Microsoft.NET.Sdk\targets\Microsoft.NET.Sdk.ImportPublishProfile.targets(28,5): message : Reasignación de propiedad: $(PublishProfileImported)="false" (valor anterior: "true") en C:\Program Files\dotnet\sdk\9.0.305\Sdks\Microsoft.NET.Sdk\targets\Microsoft.NET.Sdk.ImportPublishProfile.targets (28,5)
       Invalidando el destino "GetFrameworkPaths" del proyecto"C:\Program Files\dotnet\sdk\9.0.305\Microsoft.Common.CurrentVersion.targets" con el destino "GetFrameworkPaths" del proyecto "C:\Program Files\dotnet\sdk\9.0.305\Microsoft.NETFramework.CurrentVersion.targets".
       Invalidando el destino "ResolveFrameworkReferences" del proyecto"C:\Program Files\dotnet\sdk\9.0.305\Microsoft.Common.CurrentVersion.targets" con el destino "ResolveFrameworkReferences" del proyecto "C:\Program Files\dotnet\sdk\9.0.305\Sdks\Microsoft.NET.Sdk\targets\Microsoft.NET.Sdk.FrameworkReferenceResolution.targets".
       Invalidando el destino "Run" del proyecto"C:\Program Files\dotnet\sdk\9.0.305\Microsoft.Common.CurrentVersion.targets" con el destino "Run" del proyecto "C:\Program Files\dotnet\sdk\9.0.305\Sdks\Microsoft.NET.Sdk\targets\Microsoft.NET.Sdk.targets".
       Invalidando el destino "GenerateSupportedTargetFrameworkAlias" del proyecto"C:\Program Files\dotnet\sdk\9.0.305\Microsoft.Common.CurrentVersion.targets" con el destino "GenerateSupportedTargetFrameworkAlias" del proyecto "C:\Program Files\dotnet\sdk\9.0.305\Sdks\Microsoft.NET.Sdk\targets\Microsoft.NET.Sdk.targets".
       Invalidando el destino "DesignerRuntimeImplementationProjectOutputGroup" del proyecto"C:\Program Files\dotnet\sdk\9.0.305\Microsoft.Common.CurrentVersion.targets" con el destino "DesignerRuntimeImplementationProjectOutputGroup" del proyecto "C:\Program Files\dotnet\sdk\9.0.305\Sdks\Microsoft.NET.Sdk\targets\Microsoft.NET.DesignerSupport.targets".
       Invalidando el destino "Publish" del proyecto"C:\Program Files\dotnet\sdk\9.0.305\Microsoft.Common.CurrentVersion.targets" con el destino "Publish" del proyecto "C:\Program Files\dotnet\sdk\9.0.305\Sdks\Microsoft.NET.Sdk\targets\Microsoft.NET.Publish.targets".
       Invalidando el destino "ResolveReadyToRunCompilers" del proyecto"C:\Program Files\dotnet\sdk\9.0.305\Sdks\Microsoft.NET.Sdk\targets\Microsoft.NET.CrossGen.targets" con el destino "ResolveReadyToRunCompilers" del proyecto "C:\Program Files\dotnet\sdk\9.0.305\Sdks\Microsoft.NET.Sdk\targets\Microsoft.NET.Publish.targets".
       Invalidando el destino "GetCopyToPublishDirectoryItems" del proyecto"C:\Program Files\dotnet\sdk\9.0.305\Microsoft.Common.CurrentVersion.targets" con el destino "GetCopyToPublishDirectoryItems" del proyecto "C:\Program Files\dotnet\sdk\9.0.305\Sdks\Microsoft.NET.Sdk\targets\Microsoft.NET.Publish.targets".
       C:\Program Files\dotnet\sdk\9.0.305\Sdks\Microsoft.NET.Sdk\targets\Microsoft.NET.TargetFrameworkInference.targets(69,5): message : Reasignación de propiedad: $(TargetPlatformVersion)="" (valor anterior: "0.0") en C:\Program Files\dotnet\sdk\9.0.305\Sdks\Microsoft.NET.Sdk\targets\Microsoft.NET.TargetFrameworkInference.targets (69,5)
       C:\Program Files\dotnet\sdk\9.0.305\Sdks\Microsoft.NET.Sdk\targets\Microsoft.NET.DefaultOutputPaths.targets(122,5): message : Reasignación de propiedad: $(DefaultItemExcludes)=";bin\Debug\/**;obj\Debug\/**" (valor anterior: ";bin\Debug\/**") en C:\Program Files\dotnet\sdk\9.0.305\Sdks\Microsoft.NET.Sdk\targets\Microsoft.NET.DefaultOutputPaths.targets (122,5)
       C:\Program Files\dotnet\sdk\9.0.305\Sdks\Microsoft.NET.Sdk\targets\Microsoft.NET.DefaultOutputPaths.targets(137,5): message : Reasignación de propiedad: $(OutputPath)="bin\Debug\net472\" (valor anterior: "bin\Debug\") en C:\Program Files\dotnet\sdk\9.0.305\Sdks\Microsoft.NET.Sdk\targets\Microsoft.NET.DefaultOutputPaths.targets (137,5)
       C:\Program Files\dotnet\sdk\9.0.305\Sdks\Microsoft.NET.Sdk\targets\Microsoft.NET.DefaultOutputPaths.targets(142,5): message : Reasignación de propiedad: $(IntermediateOutputPath)="obj\Debug\net472\" (valor anterior: "obj\Debug\") en C:\Program Files\dotnet\sdk\9.0.305\Sdks\Microsoft.NET.Sdk\targets\Microsoft.NET.DefaultOutputPaths.targets (142,5)
       El solucionador "DefaultSdkResolver" intentó resolver el SDK "Microsoft.NET.SDK.WorkloadManifestTargetsLocator".
       Advertencias: null
       Errores: MSB4276: La resolución predeterminada del SDK no pudo resolver el SDK "Microsoft.NET.SDK.WorkloadManifestTargetsLocator" porque el directorio "C:\Program Files\dotnet\sdk\9.0.305\Sdks\Microsoft.NET.SDK.WorkloadManifestTargetsLocator\Sdk" no existía.
       El SDK "Microsoft.NET.SDK.WorkloadManifestTargetsLocator" se resolvió correctamente mediante el resolvedor "Microsoft.DotNet.MSBuildWorkloadSdkResolver" a la ubicación "C:\Program Files\dotnet\sdk-manifests\9.0.100\microsoft.net.sdk.android\35.0.78" y la versión "null".
   1:2>El proyecto "D:\GitHub\Grado\DAM\2DAM\C Sharp\Creacion Componente\RA3_RelojDigital\RA3_RelojDigital.sln" (1:2) está compilando "D:\GitHub\Grado\DAM\2DAM\C Sharp\Creacion Componente\RA3_RelojDigital\TestRelojDigital\TestRelojDigital.csproj" (2:6) en el nodo 2 (destinos predeterminados).
   2:6>Se omitió el destino "_CheckForUnsupportedTargetFramework" debido a una condición falsa (False); ('$(_UnsupportedTargetFrameworkError)' == 'true') se evaluó como ('' == 'true').
   2:6>Destino "_CollectTargetFrameworkForTelemetry" en el archivo "C:\Program Files\dotnet\sdk\9.0.305\Sdks\Microsoft.NET.Sdk\targets\Microsoft.NET.TargetFrameworkInference.targets" del proyecto "D:\GitHub\Grado\DAM\2DAM\C Sharp\Creacion Componente\RA3_RelojDigital\TestRelojDigital\TestRelojDigital.csproj" (el destino "_CheckForInvalidConfigurationAndPlatform" depende de él):
       Usando la tarea "AllowEmptyTelemetry" del ensamblado "C:\Program Files\dotnet\sdk\9.0.305\Sdks\Microsoft.NET.Sdk\targets\..\tools\net9.0\Microsoft.NET.Build.Tasks.dll".
       Tarea "AllowEmptyTelemetry"
       Ejecución de la tarea "AllowEmptyTelemetry" terminada.
   2:6>Compilación terminada del destino "_CollectTargetFrameworkForTelemetry" en el proyecto "TestRelojDigital.csproj".
       Se omitió el destino "_CheckForUnsupportedTargetPlatformIdentifier" debido a una condición falsa (False); ('$(TargetPlatformIdentifier)' != '' and '$(TargetFrameworkIdentifier)' == '.NETCoreApp' and $([MSBuild]::VersionGreaterThanOrEquals($(TargetFrameworkVersion), 5.0)) And ('$(DesignTimeBuild)' != 'true' Or '@(MissingWorkloadPack)' == '')) se evaluó como ('Windows' != '' and '.NETFramework' == '.NETCoreApp' and False And ('' != 'true' Or '' == '')).
       Se omitió el destino "_CheckForMissingWorkload" debido a una condición falsa (False); ('@(MissingWorkloadPack)' != '' And '$(DesignTimeBuild)' != 'true') se evaluó como ('' != '' And '' != 'true').
       Se omitió el destino "_CheckForUnsupportedNETCoreVersion" debido a una condición falsa (False); ('$(TargetFrameworkIdentifier)' == '.NETCoreApp' And '$(NETCoreAppMaximumVersion)' != '') se evaluó como ('.NETFramework' == '.NETCoreApp' And '9.0' != '').
       Se omitió el destino "_CheckForEolTargetFrameworks" debido a una condición falsa (False); ('@(_EolNetCoreTargetFrameworkVersions->AnyHaveMetadataValue('Identity', '$(_TargetFrameworkVersionWithoutV)'))' and '$(TargetFrameworkIdentifier)' == '.NETCoreApp' and '$(CheckEolTargetFramework)' == 'true') se evaluó como ('false' and '.NETFramework' == '.NETCoreApp' and 'true' == 'true').
       Se omitió el destino "_CheckForEolWorkloads" debido a una condición falsa (False); ('@(EolWorkload)' != '' and '$(CheckEolWorkloads)' == 'true') se evaluó como ('' != '' and 'true' == 'true').
       Se omitió el destino "_CheckForNotRecommendedNETStandardVersion" debido a una condición falsa (False); ('$(TargetFrameworkIdentifier)' == '.NETStandard' and $([MSBuild]::VersionLessThan($(TargetFrameworkVersion), '2.0'))) se evaluó como ('.NETFramework' == '.NETStandard' and False).
   2:6>Destino "_CheckForUnsupportedCppNETCoreVersion" en el archivo "C:\Program Files\dotnet\sdk\9.0.305\Sdks\Microsoft.NET.Sdk\targets\Microsoft.NET.TargetFrameworkInference.targets" del proyecto "D:\GitHub\Grado\DAM\2DAM\C Sharp\Creacion Componente\RA3_RelojDigital\TestRelojDigital\TestRelojDigital.csproj" (el destino "_CheckForInvalidConfigurationAndPlatform" depende de él):
       Se omitió la tarea "NETSdkError" debido a una condición falsa (False); ('$(TargetFrameworkIdentifier)' == '.NETCoreApp' and '$(_TargetFrameworkVersionWithoutV)' < '3.1' and ('$(Language)' == 'C++' and '$(_EnablePackageReferencesInVCProjects)' != 'true')) se evaluó como ('.NETFramework' == '.NETCoreApp' and '4.7.2' < '3.1' and ('C#' == 'C++' and '' != 'true')).
   2:6>Compilación terminada del destino "_CheckForUnsupportedCppNETCoreVersion" en el proyecto "TestRelojDigital.csproj".
       Se omitió el destino "_CheckForUnsupportedNETStandardVersion" debido a una condición falsa (False); ('$(TargetFrameworkIdentifier)' == '.NETStandard' And '$(NETStandardMaximumVersion)' != '') se evaluó como ('.NETFramework' == '.NETStandard' And '' != '').
   2:6>Destino "_CheckForUnsupportedTargetFrameworkAndFeatureCombination" en el archivo "C:\Program Files\dotnet\sdk\9.0.305\Sdks\Microsoft.NET.Sdk\targets\Microsoft.NET.TargetFrameworkInference.targets" del proyecto "D:\GitHub\Grado\DAM\2DAM\C Sharp\Creacion Componente\RA3_RelojDigital\TestRelojDigital\TestRelojDigital.csproj" (el destino "_CheckForInvalidConfigurationAndPlatform" depende de él):
       Se omitió la tarea "NETSdkError" debido a una condición falsa (False); ('$(UsingNETSdkDefaults)' != 'true') se evaluó como ('true' != 'true').
   2:6>Compilación terminada del destino "_CheckForUnsupportedTargetFrameworkAndFeatureCombination" en el proyecto "TestRelojDigital.csproj".
       Se omitió el destino "_CheckForSupportedOSPlatformVersionHigherThanTargetPlatformVersion" debido a una condición falsa (False); ('$(TargetPlatformVersion)' != '' and '$(TargetFrameworkIdentifier)' == '.NETCoreApp' and $([MSBuild]::VersionGreaterThanOrEquals($(TargetFrameworkVersion), 5.0))) se evaluó como ('7.0' != '' and '.NETFramework' == '.NETCoreApp' and False).
       Se omitió el destino "_CheckForInvalidTargetPlatformVersion" debido a una condición falsa (False); ('$(TargetPlatformVersion)' != '' and '$(TargetFrameworkIdentifier)' == '.NETCoreApp' and $([MSBuild]::VersionGreaterThanOrEquals($(TargetFrameworkVersion), 5.0)) and ('$(Language)' != 'C++' or '$(_EnablePackageReferencesInVCProjects)' == 'true')) se evaluó como ('7.0' != '' and '.NETFramework' == '.NETCoreApp' and False and ('C#' != 'C++' or '' == 'true')).
   2:6>Destino "_CheckForUnsupportedArtifactsPath" en el archivo "C:\Program Files\dotnet\sdk\9.0.305\Sdks\Microsoft.NET.Sdk\targets\Microsoft.NET.DefaultOutputPaths.targets" del proyecto "D:\GitHub\Grado\DAM\2DAM\C Sharp\Creacion Componente\RA3_RelojDigital\TestRelojDigital\TestRelojDigital.csproj" (el destino "_CheckForInvalidConfigurationAndPlatform" depende de él):
       Se omitió la tarea "NetSdkError" debido a una condición falsa (False); ('$(UseArtifactsOutput)' == 'true' and '$(_ArtifactsPathSetEarly)' != 'true') se evaluó como ('' == 'true' and '' != 'true').
       Se omitió la tarea "NetSdkError" debido a una condición falsa (False); ('$(_ArtifactsPathLocationType)' == 'ProjectFolder') se evaluó como ('' == 'ProjectFolder').
   2:6>Compilación terminada del destino "_CheckForUnsupportedArtifactsPath" en el proyecto "TestRelojDigital.csproj".
       Se omitió el destino "_CheckForMissingWorkload" debido a una condición falsa (False); ('@(MissingWorkloadPack)' != '' And '$(DesignTimeBuild)' != 'true') se evaluó como ('' != '' And '' != 'true').
       Se omitió el destino "_CheckForUnsupportedAppHostUsage" debido a una condición falsa (False); ('$(TargetFrameworkIdentifier)' == '.NETCoreApp' and '$(HasRuntimeOutput)' == 'true') se evaluó como ('.NETFramework' == '.NETCoreApp' and 'true' == 'true').
       Se omitió el destino "_CheckForUnsupportedHostingUsage" debido a una condición falsa (False); ('$(TargetFrameworkIdentifier)' == '.NETCoreApp') se evaluó como ('.NETFramework' == '.NETCoreApp').
       Se omitió el destino "_CheckAndUnsetUnsupportedPrefer32Bit" debido a una condición falsa (False); ('$(TargetFrameworkIdentifier)' == '.NETCoreApp' and '$(_TargetFrameworkVersionWithoutV)' >= '7.0') se evaluó como ('.NETFramework' == '.NETCoreApp' and '4.7.2' >= '7.0').
       Se omitió el destino "_CheckAndUnsetUnsupportedPreferNativeArm64" debido a una condición falsa (False); ('$(TargetFrameworkIdentifier)' == '.NETCoreApp' and '$(PreferNativeArm64)' == 'true') se evaluó como ('.NETFramework' == '.NETCoreApp' and 'false' == 'true').
   2:6>Destino "_CheckForMismatchingPlatform" en el archivo "C:\Program Files\dotnet\sdk\9.0.305\Sdks\Microsoft.NET.Sdk\targets\Microsoft.NET.RuntimeIdentifierInference.targets" del proyecto "D:\GitHub\Grado\DAM\2DAM\C Sharp\Creacion Componente\RA3_RelojDigital\TestRelojDigital\TestRelojDigital.csproj" (el destino "_CheckForInvalidConfigurationAndPlatform" depende de él):
       Se omitió la tarea "NETSdkError" debido a una condición falsa (False); ('$(PlatformTarget)' != 'AnyCPU' and !$(RuntimeIdentifier.ToUpperInvariant().Contains($(PlatformTarget.ToUpperInvariant())))) se evaluó como ('x86' != 'AnyCPU' and !True).
   2:6>Compilación terminada del destino "_CheckForMismatchingPlatform" en el proyecto "TestRelojDigital.csproj".
   2:6>Destino "_CheckForLanguageAndFeatureCombinationSupport" en el archivo "C:\Program Files\dotnet\sdk\9.0.305\Sdks\Microsoft.NET.Sdk\targets\Microsoft.NET.RuntimeIdentifierInference.targets" del proyecto "D:\GitHub\Grado\DAM\2DAM\C Sharp\Creacion Componente\RA3_RelojDigital\TestRelojDigital\TestRelojDigital.csproj" (el destino "_CheckForInvalidConfigurationAndPlatform" depende de él):
       Se omitió la tarea "NETSdkError" debido a una condición falsa (False); (('$(Language)' == 'C++' and '$(_EnablePackageReferencesInVCProjects)' != 'true') and $(OutputType) != 'library' and '$(TargetFrameworkIdentifier)' == '.NETCoreApp') se evaluó como (('C#' == 'C++' and '' != 'true') and WinExe != 'library' and '.NETFramework' == '.NETCoreApp').
       Se omitió la tarea "NETSdkError" debido a una condición falsa (False); (('$(Language)' == 'C++' and '$(_EnablePackageReferencesInVCProjects)' != 'true') and $(EnableComHosting) == 'true') se evaluó como (('C#' == 'C++' and '' != 'true') and  == 'true').
       Se omitió la tarea "NETSdkError" debido a una condición falsa (False); (('$(Language)' == 'C++' and '$(_EnablePackageReferencesInVCProjects)' != 'true') and $(SelfContained) == 'true') se evaluó como (('C#' == 'C++' and '' != 'true') and  == 'true').
   2:6>Compilación terminada del destino "_CheckForLanguageAndFeatureCombinationSupport" en el proyecto "TestRelojDigital.csproj".
       Se omitió el destino "_CheckForNETCoreSdkIsPreview" debido a una condición falsa (False); ( '$(_NETCoreSdkIsPreview)' == 'true' AND '$(SuppressNETCoreSdkPreviewMessage)' != 'true' ) se evaluó como ( 'false' == 'true' AND '' != 'true' ).
   2:6>Destino "_GetProjectJsonPath" en el archivo "C:\Program Files\dotnet\sdk\9.0.305\NuGet.targets" del proyecto "D:\GitHub\Grado\DAM\2DAM\C Sharp\Creacion Componente\RA3_RelojDigital\TestRelojDigital\TestRelojDigital.csproj" (el destino "_GetRestoreProjectStyle" depende de él):
       Se omitió la tarea "GetRestoreProjectJsonPathTask" debido a una condición falsa (False); ( '$(RestoreProjectStyle)' == 'ProjectJson' OR '$(RestoreProjectStyle)' == '' ) se evaluó como ( 'PackageReference' == 'ProjectJson' OR 'PackageReference' == '' ).
   2:6>Compilación terminada del destino "_GetProjectJsonPath" en el proyecto "TestRelojDigital.csproj".
       Se omitió el destino "_CheckForUnsupportedTargetPlatformIdentifier" debido a una condición falsa (False); ('$(TargetPlatformIdentifier)' != '' and '$(TargetFrameworkIdentifier)' == '.NETCoreApp' and $([MSBuild]::VersionGreaterThanOrEquals($(TargetFrameworkVersion), 5.0)) And ('$(DesignTimeBuild)' != 'true' Or '@(MissingWorkloadPack)' == '')) se evaluó como ('Windows' != '' and '.NETFramework' == '.NETCoreApp' and False And ('' != 'true' Or '' == '')).
       Se omitió el destino "_CheckForMissingWorkload" debido a una condición falsa (False); ('@(MissingWorkloadPack)' != '' And '$(DesignTimeBuild)' != 'true') se evaluó como ('' != '' And '' != 'true').
       Se omitió el destino "_CheckForUnsupportedNETCoreVersion" debido a una condición falsa (False); ('$(TargetFrameworkIdentifier)' == '.NETCoreApp' And '$(NETCoreAppMaximumVersion)' != '') se evaluó como ('.NETFramework' == '.NETCoreApp' And '9.0' != '').
       Se omitió el destino "_CheckForEolTargetFrameworks" debido a una condición falsa (False); ('@(_EolNetCoreTargetFrameworkVersions->AnyHaveMetadataValue('Identity', '$(_TargetFrameworkVersionWithoutV)'))' and '$(TargetFrameworkIdentifier)' == '.NETCoreApp' and '$(CheckEolTargetFramework)' == 'true') se evaluó como ('false' and '.NETFramework' == '.NETCoreApp' and 'true' == 'true').
       Se omitió el destino "_CheckForEolWorkloads" debido a una condición falsa (False); ('@(EolWorkload)' != '' and '$(CheckEolWorkloads)' == 'true') se evaluó como ('' != '' and 'true' == 'true').
       Se omitió el destino "_CheckForNotRecommendedNETStandardVersion" debido a una condición falsa (False); ('$(TargetFrameworkIdentifier)' == '.NETStandard' and $([MSBuild]::VersionLessThan($(TargetFrameworkVersion), '2.0'))) se evaluó como ('.NETFramework' == '.NETStandard' and False).
       Se omitió el destino "_CheckForUnsupportedNETStandardVersion" debido a una condición falsa (False); ('$(TargetFrameworkIdentifier)' == '.NETStandard' And '$(NETStandardMaximumVersion)' != '') se evaluó como ('.NETFramework' == '.NETStandard' And '' != '').
       Se omitió el destino "ApplyImplicitVersions" debido a una condición falsa (False); ('@(PackageReference)' != '') se evaluó como ('' != '').
   2:6>Destino "IncludeTargetingPackReference" en el archivo "C:\Program Files\dotnet\sdk\9.0.305\Sdks\Microsoft.NET.Sdk\targets\Microsoft.NET.Sdk.FrameworkReferenceResolution.targets" del proyecto "D:\GitHub\Grado\DAM\2DAM\C Sharp\Creacion Componente\RA3_RelojDigital\TestRelojDigital\TestRelojDigital.csproj" (el destino "CheckForImplicitPackageReferenceOverrides" depende de él):
       Tarea "GetReferenceAssemblyPaths"
       Ejecución de la tarea "GetReferenceAssemblyPaths" terminada.
   2:6>Compilación terminada del destino "IncludeTargetingPackReference" en el proyecto "TestRelojDigital.csproj".
   2:6>Destino "CheckForImplicitPackageReferenceOverrides" en el archivo "C:\Program Files\dotnet\sdk\9.0.305\Sdks\Microsoft.NET.Sdk\targets\Microsoft.NET.Sdk.DefaultItems.Shared.targets" del proyecto "D:\GitHub\Grado\DAM\2DAM\C Sharp\Creacion Componente\RA3_RelojDigital\TestRelojDigital\TestRelojDigital.csproj" (el destino "CollectPackageReferences" depende de él):
       Usando la tarea "CheckForImplicitPackageReferenceOverrides" del ensamblado "C:\Program Files\dotnet\sdk\9.0.305\Sdks\Microsoft.NET.Sdk\targets\..\tools\net9.0\Microsoft.NET.Build.Tasks.dll".
       Tarea "CheckForImplicitPackageReferenceOverrides"
       Ejecución de la tarea "CheckForImplicitPackageReferenceOverrides" terminada.
   2:6>Compilación terminada del destino "CheckForImplicitPackageReferenceOverrides" en el proyecto "TestRelojDigital.csproj".
       Se omitió el destino "ProcessFrameworkReferences" debido a una condición falsa (False); ('@(FrameworkReference)' != '' Or '$(_RequiresILLinkPack)' == 'true') se evaluó como ('' != '' Or '' == 'true').
       Se omitió el destino "_NormalizeTargetPlatformVersion" debido a una condición falsa (False); ('$(TargetPlatformVersion)' != '' and '$(TargetFrameworkIdentifier)' == '.NETCoreApp' and $([MSBuild]::VersionGreaterThanOrEquals($(TargetFrameworkVersion), 5.0)) and ('$(Language)' != 'C++' or '$(_EnablePackageReferencesInVCProjects)' == 'true')) se evaluó como ('7.0' != '' and '.NETFramework' == '.NETCoreApp' and False and ('C#' != 'C++' or '' == 'true')).
       Se omitió el destino "ApplyImplicitVersions" debido a una condición falsa (False); ('@(PackageReference)' != '') se evaluó como ('' != '').
   2:6>Destino "_ComputeToolPackInputsToProcessFrameworkReferences" en el archivo "C:\Program Files\dotnet\sdk\9.0.305\Sdks\Microsoft.NET.Sdk\targets\Microsoft.NET.Publish.targets" del proyecto "D:\GitHub\Grado\DAM\2DAM\C Sharp\Creacion Componente\RA3_RelojDigital\TestRelojDigital\TestRelojDigital.csproj" (el destino "ProcessFrameworkReferences" depende de él):
   2:6>Compilación terminada del destino "_ComputeToolPackInputsToProcessFrameworkReferences" en el proyecto "TestRelojDigital.csproj".
       Se omitió el destino "IncludeTargetingPackReference". Compilado previamente de forma correcta.
       Se omitió el destino "_CheckMicrosoftNetCompilersToolsetFrameworkPackageReference" debido a una condición falsa (False); ('$(MSBuildRuntimeType)' == 'Full') se evaluó como ('Core' == 'Full').
   2:6>Destino "_CheckForObsoleteDotNetCliToolReferences" en el archivo "C:\Program Files\dotnet\sdk\9.0.305\Sdks\Microsoft.NET.Sdk\targets\Microsoft.NET.ObsoleteReferences.targets" del proyecto "D:\GitHub\Grado\DAM\2DAM\C Sharp\Creacion Componente\RA3_RelojDigital\TestRelojDigital\TestRelojDigital.csproj" (el destino "CollectPackageReferences" depende de él):
       Se omitió la tarea "NETSdkWarning" debido a una condición falsa (False); ( '%(_ReferenceToObsoleteDotNetCliTool.Identity)' != '' ) se evaluó como ( '' != '' ).
   2:6>Compilación terminada del destino "_CheckForObsoleteDotNetCliToolReferences" en el proyecto "TestRelojDigital.csproj".
   2:6>Destino "CollectPackageReferences" en el archivo "C:\Program Files\dotnet\sdk\9.0.305\NuGet.targets" del proyecto "D:\GitHub\Grado\DAM\2DAM\C Sharp\Creacion Componente\RA3_RelojDigital\TestRelojDigital\TestRelojDigital.csproj" (el destino "_GetRestoreProjectStyle" depende de él):
       Usando la tarea "CheckForDuplicateNuGetItemsTask" del ensamblado "C:\Program Files\dotnet\sdk\9.0.305\NuGet.Build.Tasks.dll".
       Tarea "CheckForDuplicateNuGetItemsTask"
       Ejecución de la tarea "CheckForDuplicateNuGetItemsTask" terminada.
   2:6>Compilación terminada del destino "CollectPackageReferences" en el proyecto "TestRelojDigital.csproj".
   2:6>Destino "_GetRestoreProjectStyle" en el archivo "C:\Program Files\dotnet\sdk\9.0.305\NuGet.targets" del proyecto "D:\GitHub\Grado\DAM\2DAM\C Sharp\Creacion Componente\RA3_RelojDigital\TestRelojDigital\TestRelojDigital.csproj" (el destino "EnableIntermediateOutputPathMismatchWarning" depende de él):
       Usando la tarea "GetRestoreProjectStyleTask" del ensamblado "C:\Program Files\dotnet\sdk\9.0.305\NuGet.Build.Tasks.dll".
       Tarea "GetRestoreProjectStyleTask"
       Ejecución de la tarea "GetRestoreProjectStyleTask" terminada.
   2:6>Compilación terminada del destino "_GetRestoreProjectStyle" en el proyecto "TestRelojDigital.csproj".
   2:6>Destino "EnableIntermediateOutputPathMismatchWarning" en el archivo "C:\Program Files\dotnet\sdk\9.0.305\NuGet.targets" del proyecto "D:\GitHub\Grado\DAM\2DAM\C Sharp\Creacion Componente\RA3_RelojDigital\TestRelojDigital\TestRelojDigital.csproj" (el destino "_CheckForInvalidConfigurationAndPlatform" depende de él):
   2:6>Compilación terminada del destino "EnableIntermediateOutputPathMismatchWarning" en el proyecto "TestRelojDigital.csproj".
       Se omitió el destino "ApplyImplicitVersions" debido a una condición falsa (False); ('@(PackageReference)' != '') se evaluó como ('' != '').
       Se omitió el destino "CheckForImplicitPackageReferenceOverrides". Compilado previamente de forma correcta.
   2:6>Destino "CheckForDuplicateItems" en el archivo "C:\Program Files\dotnet\sdk\9.0.305\Sdks\Microsoft.NET.Sdk\targets\Microsoft.NET.Sdk.DefaultItems.Shared.targets" del proyecto "D:\GitHub\Grado\DAM\2DAM\C Sharp\Creacion Componente\RA3_RelojDigital\TestRelojDigital\TestRelojDigital.csproj" (el destino "_CheckForInvalidConfigurationAndPlatform" depende de él):
       Usando la tarea "CheckForDuplicateItems" del ensamblado "C:\Program Files\dotnet\sdk\9.0.305\Sdks\Microsoft.NET.Sdk\targets\..\tools\net9.0\Microsoft.NET.Build.Tasks.dll".
       Tarea "CheckForDuplicateItems"
       Ejecución de la tarea "CheckForDuplicateItems" terminada.
       Tarea "CheckForDuplicateItems"
       Ejecución de la tarea "CheckForDuplicateItems" terminada.
       Tarea "CheckForDuplicateItems"
       Ejecución de la tarea "CheckForDuplicateItems" terminada.
   2:6>Compilación terminada del destino "CheckForDuplicateItems" en el proyecto "TestRelojDigital.csproj".
       Se omitió el destino "WarnForExplicitVersions" debido a una condición falsa (False); ('@(SdkBuildWarning)' != '') se evaluó como ('' != '').
       Se omitió el destino "_CheckForFailedSDKResolution" debido a una condición falsa (False); ('$(SdkResolverHonoredGlobalJson)' == 'false') se evaluó como ('' == 'false').
       Se omitió el destino "_WarnWhenUsingNET9AndVSPriorTo1712" debido a una condición falsa (False); ($([MSBuild]::VersionLessThan($(MSBuildVersion), '17.12.0')) and '$(TargetFrameworkIdentifier)' == '.NETCoreApp' and $([MSBuild]::VersionGreaterThanOrEquals($(_TargetFrameworkVersionWithoutV), '9.0'))) se evaluó como (False and '.NETFramework' == '.NETCoreApp' and False).
       Se omitió el destino "_CheckForInvalidWindowsDesktopTargetingConfiguration" debido a una condición falsa (False); ('$(TargetFrameworkIdentifier)' == '.NETCoreApp' and $([MSBuild]::VersionGreaterThanOrEquals($(_TargetFrameworkVersionWithoutV), '5.0')) and ('$(UseWindowsForms)' == 'true' or '$(UseWPF)' == 'true')) se evaluó como ('.NETFramework' == '.NETCoreApp' and False and ('true' == 'true' or '' == 'true')).
       Se omitió el destino "_CheckForUnnecessaryWindowsDesktopSDK" debido a una condición falsa (False); ('$(TargetFrameworkIdentifier)' == '.NETCoreApp' and $([MSBuild]::VersionGreaterThanOrEquals($(_TargetFrameworkVersionWithoutV), '5.0')) and '$(_MicrosoftWindowsDesktopSdkImported)' == 'true' and '$(TargetFrameworks)' == '') se evaluó como ('.NETFramework' == '.NETCoreApp' and False and '' == 'true' and '' == '').
       Se omitió el destino "ProcessFrameworkReferences" debido a una condición falsa (False); ('@(FrameworkReference)' != '' Or '$(_RequiresILLinkPack)' == 'true') se evaluó como ('' != '' Or 'false' == 'true').
       Se omitió el destino "_NormalizeTargetPlatformVersion" debido a una condición falsa (False); ('$(TargetPlatformVersion)' != '' and '$(TargetFrameworkIdentifier)' == '.NETCoreApp' and $([MSBuild]::VersionGreaterThanOrEquals($(TargetFrameworkVersion), 5.0)) and ('$(Language)' != 'C++' or '$(_EnablePackageReferencesInVCProjects)' == 'true')) se evaluó como ('7.0' != '' and '.NETFramework' == '.NETCoreApp' and False and ('C#' != 'C++' or '' == 'true')).
       Se omitió el destino "ApplyImplicitVersions" debido a una condición falsa (False); ('@(PackageReference)' != '') se evaluó como ('' != '').
       Se omitió el destino "IncludeTargetingPackReference". Compilado previamente de forma correcta.
     0>C:\Program Files\dotnet\sdk\9.0.305\Sdks\Microsoft.NET.Sdk\targets\Microsoft.NET.Sdk.BeforeCommon.targets(189,5): message : Reasignación de propiedad: $(_FrameworkIdentifierForImplicitDefine)="NET" (valor anterior: "NETFRAMEWORK") en C:\Program Files\dotnet\sdk\9.0.305\Sdks\Microsoft.NET.Sdk\targets\Microsoft.NET.Sdk.BeforeCommon.targets (189,5)
   2:6>Se omitió el destino "CheckForDuplicatePageItems" debido a una condición falsa (False); (('$(UseWPF)' == 'true') And ('$(_TargetFrameworkVersionValue)' != '$(_UndefinedTargetFrameworkVersion)') And ('$(_TargetFrameworkVersionValue)' >= '$(_WindowsDesktopSdkTargetFrameworkVersionFloor)')) se evaluó como (('' == 'true') And ('4.7.2' != '0.0') And ('4.7.2' >= '3.0')).
     0>C:\Program Files\dotnet\sdk\9.0.305\Sdks\Microsoft.NET.Sdk\targets\Microsoft.NET.Sdk.BeforeCommon.targets(192,5): message : Reasignación de propiedad: $(_FrameworkVersionForImplicitDefine)="4_7_2" (valor anterior: "4.7.2") en C:\Program Files\dotnet\sdk\9.0.305\Sdks\Microsoft.NET.Sdk\targets\Microsoft.NET.Sdk.BeforeCommon.targets (192,5)
       C:\Program Files\dotnet\sdk\9.0.305\Sdks\Microsoft.NET.Sdk\targets\Microsoft.NET.Sdk.BeforeCommon.targets(193,5): message : Reasignación de propiedad: $(_FrameworkVersionForImplicitDefine)="472" (valor anterior: "4_7_2") en C:\Program Files\dotnet\sdk\9.0.305\Sdks\Microsoft.NET.Sdk\targets\Microsoft.NET.Sdk.BeforeCommon.targets (193,5)
   2:6>Destino "_WindowsDesktopFrameworkRequiresUseWpfOrUseWindowsForms" en el archivo "C:\Program Files\dotnet\sdk\9.0.305\Sdks\Microsoft.NET.Sdk.WindowsDesktop\targets\Microsoft.NET.Sdk.WindowsDesktop.targets" del proyecto "D:\GitHub\Grado\DAM\2DAM\C Sharp\Creacion Componente\RA3_RelojDigital\TestRelojDigital\TestRelojDigital.csproj" (el destino "_CheckForInvalidConfigurationAndPlatform" depende de él):
   2:6>Se omitió la tarea "NetSdkWarning" debido a una condición falsa (False); ('$(UseWpf)' != 'true' And '$(UseWindowsForms)' != 'true') se evaluó como ('' != 'true' And 'true' != 'true').
   2:6>Compilación terminada del destino "_WindowsDesktopFrameworkRequiresUseWpfOrUseWindowsForms" en el proyecto "TestRelojDigital.csproj".
       Se omitió el destino "_WindowsDesktopFrameworkRequiresVersion30" debido a una condición falsa (False); (('$(TargetFrameworkIdentifier)' == '.NETCoreApp') And
                         ('$(_TargetFrameworkVersionValue)' != '$(_UndefinedTargetFrameworkVersion)') And ('$(_TargetFrameworkVersionValue)' < '$(_WindowsDesktopSdkTargetFrameworkVersionFloor)')) se evaluó como (('.NETFramework' == '.NETCoreApp') And
                         ('4.7.2' != '0.0') And ('4.7.2' < '3.0')).
   2:6>Destino "_CheckForInvalidConfigurationAndPlatform" en el archivo "C:\Program Files\dotnet\sdk\9.0.305\Microsoft.Common.CurrentVersion.targets" del proyecto "D:\GitHub\Grado\DAM\2DAM\C Sharp\Creacion Componente\RA3_RelojDigital\TestRelojDigital\TestRelojDigital.csproj" (el destino "BeforeBuild" depende de él):
       Se omitió la tarea "MSBuildInternalMessage" debido a una condición falsa (False); ('$(_InvalidConfigurationMessageSeverity)' != '') se evaluó como ('' != '').
       Tarea "Message"
         Configuration=Debug
       Ejecución de la tarea "Message" terminada.
       Tarea "Message"
         Platform=AnyCPU
       Ejecución de la tarea "Message" terminada.
       Se omitió la tarea "MSBuildInternalMessage" debido a una condición falsa (False); ('$(OutDir)' != '' and !HasTrailingSlash('$(OutDir)')) se evaluó como ('bin\Debug\net472\' != '' and !HasTrailingSlash('bin\Debug\net472\')).
       Se omitió la tarea "MSBuildInternalMessage" debido a una condición falsa (False); ('$(IntermediateOutputPath)' != '' and !HasTrailingSlash('$(IntermediateOutputPath)')) se evaluó como ('obj\Debug\net472\' != '' and !HasTrailingSlash('obj\Debug\net472\')).
       Se omitió la tarea "MSBuildInternalMessage" debido a una condición falsa (False); ('$(BaseIntermediateOutputPath)' != '' and !HasTrailingSlash('$(BaseIntermediateOutputPath)')) se evaluó como ('obj\' != '' and !HasTrailingSlash('obj\')).
       Se omitió la tarea "MSBuildInternalMessage" debido a una condición falsa (False); ( '$(Prefer32Bit)' == 'true' and '$(PreferNativeArm64)' == 'true' ) se evaluó como ( 'false' == 'true' and 'false' == 'true' ).
       Se omitió la tarea "MSBuildInternalMessage" debido a una condición falsa (False); ( '$(NoWin32Manifest)' == 'true' and '$(PreferNativeArm64)' == 'true' ) se evaluó como ( '' == 'true' and 'false' == 'true' ).
       Se omitió la tarea "MSBuildInternalMessage" debido a una condición falsa (False); ( '$(PreferNativeArm64)' == 'true' and '$(Platform)' != 'AnyCPU' ) se evaluó como ( 'false' == 'true' and 'AnyCPU' != 'AnyCPU' ).
       Se omitió la tarea "MSBuildInternalMessage" debido a una condición falsa (False); ( '$(_InitialMSBuildProjectExtensionsPath)' != '' And '$(MSBuildProjectExtensionsPath)' != '$(_InitialMSBuildProjectExtensionsPath)' ) se evaluó como ( 'D:\GitHub\Grado\DAM\2DAM\C Sharp\Creacion Componente\RA3_RelojDigital\TestRelojDigital\obj\' != '' And 'D:\GitHub\Grado\DAM\2DAM\C Sharp\Creacion Componente\RA3_RelojDigital\TestRelojDigital\obj\' != 'D:\GitHub\Grado\DAM\2DAM\C Sharp\Creacion Componente\RA3_RelojDigital\TestRelojDigital\obj\' ).
       Se omitió la tarea "MSBuildInternalMessage" debido a una condición falsa (False); ( '$(EnableBaseIntermediateOutputPathMismatchWarning)' == 'true' And '$(_InitialBaseIntermediateOutputPath)' != '$(BaseIntermediateOutputPath)' And '$(BaseIntermediateOutputPath)' != '$(MSBuildProjectExtensionsPath)' ) se evaluó como ( 'true' == 'true' And 'obj\' != 'obj\' And 'obj\' != 'D:\GitHub\Grado\DAM\2DAM\C Sharp\Creacion Componente\RA3_RelojDigital\TestRelojDigital\obj\' ).
   2:6>Compilación terminada del destino "_CheckForInvalidConfigurationAndPlatform" en el proyecto "TestRelojDigital.csproj".
   2:6>Destino "ValidateCommandLineProperties" en el archivo "C:\Program Files\dotnet\sdk\9.0.305\Sdks\Microsoft.NET.Sdk\targets\Microsoft.NET.Sdk.targets" del proyecto "D:\GitHub\Grado\DAM\2DAM\C Sharp\Creacion Componente\RA3_RelojDigital\TestRelojDigital\TestRelojDigital.csproj" (el destino "BeforeBuild" depende de él):
   2:6>Compilación terminada del destino "ValidateCommandLineProperties" en el proyecto "TestRelojDigital.csproj".
   2:6>Destino "BeforeBuild" en el archivo "C:\Program Files\dotnet\sdk\9.0.305\Microsoft.Common.CurrentVersion.targets" del proyecto "D:\GitHub\Grado\DAM\2DAM\C Sharp\Creacion Componente\RA3_RelojDigital\TestRelojDigital\TestRelojDigital.csproj" (el destino "Build" depende de él):
   2:6>Compilación terminada del destino "BeforeBuild" en el proyecto "TestRelojDigital.csproj".
       Se omitió el destino "_CheckForBuildWithNoBuild" debido a una condición falsa (False); ('$(NoBuild)' == 'true' and '$(GeneratePackageOnBuild)' != 'true') se evaluó como ('' == 'true' and 'false' != 'true').
   2:6>Destino "BuildOnlySettings" en el archivo "C:\Program Files\dotnet\sdk\9.0.305\Microsoft.Common.CurrentVersion.targets" del proyecto "D:\GitHub\Grado\DAM\2DAM\C Sharp\Creacion Componente\RA3_RelojDigital\TestRelojDigital\TestRelojDigital.csproj" (el destino "CoreBuild" depende de él):
       C:\Program Files\dotnet\sdk\9.0.305\Microsoft.Common.CurrentVersion.targets(1168,7): message : Reasignación de propiedad: $(BuildingProject)="true" (valor anterior: "false") en C:\Program Files\dotnet\sdk\9.0.305\Microsoft.Common.CurrentVersion.targets (1168,7) [D:\GitHub\Grado\DAM\2DAM\C Sharp\Creacion Componente\RA3_RelojDigital\TestRelojDigital\TestRelojDigital.csproj]
   2:6>Compilación terminada del destino "BuildOnlySettings" en el proyecto "TestRelojDigital.csproj".
       Se omitió el destino "_CheckForUnsupportedTargetFramework" debido a una condición falsa (False); ('$(_UnsupportedTargetFrameworkError)' == 'true') se evaluó como ('' == 'true').
       Se omitió el destino "_CheckForUnsupportedTargetPlatformIdentifier" debido a una condición falsa (False); ('$(TargetPlatformIdentifier)' != '' and '$(TargetFrameworkIdentifier)' == '.NETCoreApp' and $([MSBuild]::VersionGreaterThanOrEquals($(TargetFrameworkVersion), 5.0)) And ('$(DesignTimeBuild)' != 'true' Or '@(MissingWorkloadPack)' == '')) se evaluó como ('Windows' != '' and '.NETFramework' == '.NETCoreApp' and False And ('' != 'true' Or '' == '')).
       Se omitió el destino "_CheckForMissingWorkload" debido a una condición falsa (False); ('@(MissingWorkloadPack)' != '' And '$(DesignTimeBuild)' != 'true') se evaluó como ('' != '' And '' != 'true').
   2:6>Destino "GetFrameworkPaths" en el archivo "C:\Program Files\dotnet\sdk\9.0.305\Microsoft.NETFramework.CurrentVersion.targets" del proyecto "D:\GitHub\Grado\DAM\2DAM\C Sharp\Creacion Componente\RA3_RelojDigital\TestRelojDigital\TestRelojDigital.csproj" (el destino "PrepareForBuild" depende de él):
   2:6>Compilación terminada del destino "GetFrameworkPaths" en el proyecto "TestRelojDigital.csproj".
       Se omitió el destino "GetFrameworkPaths". Compilado previamente de forma correcta.
       Se omitió el destino "_CheckForUnsupportedTargetFramework" debido a una condición falsa (False); ('$(_UnsupportedTargetFrameworkError)' == 'true') se evaluó como ('' == 'true').
       Se omitió el destino "_CheckForUnsupportedTargetPlatformIdentifier" debido a una condición falsa (False); ('$(TargetPlatformIdentifier)' != '' and '$(TargetFrameworkIdentifier)' == '.NETCoreApp' and $([MSBuild]::VersionGreaterThanOrEquals($(TargetFrameworkVersion), 5.0)) And ('$(DesignTimeBuild)' != 'true' Or '@(MissingWorkloadPack)' == '')) se evaluó como ('Windows' != '' and '.NETFramework' == '.NETCoreApp' and False And ('' != 'true' Or '' == '')).
       Se omitió el destino "_CheckForMissingWorkload" debido a una condición falsa (False); ('@(MissingWorkloadPack)' != '' And '$(DesignTimeBuild)' != 'true') se evaluó como ('' != '' And '' != 'true').
   2:6>Destino "GetReferenceAssemblyPaths" en el archivo "C:\Program Files\dotnet\sdk\9.0.305\Microsoft.Common.CurrentVersion.targets" del proyecto "D:\GitHub\Grado\DAM\2DAM\C Sharp\Creacion Componente\RA3_RelojDigital\TestRelojDigital\TestRelojDigital.csproj" (el destino "PrepareForBuild" depende de él):
       C:\Program Files\dotnet\sdk\9.0.305\Microsoft.Common.CurrentVersion.targets(1255,7): message : Reasignación de propiedad: $(TargetFrameworkDirectory)="" (valor anterior: "v4.0.30319") en C:\Program Files\dotnet\sdk\9.0.305\Microsoft.Common.CurrentVersion.targets (1255,7) [D:\GitHub\Grado\DAM\2DAM\C Sharp\Creacion Componente\RA3_RelojDigital\TestRelojDigital\TestRelojDigital.csproj]
       Tarea "GetReferenceAssemblyPaths"
       C:\Program Files\dotnet\sdk\9.0.305\Microsoft.Common.CurrentVersion.targets(1267,7): message : Reasignación de propiedad: $(_FullFrameworkReferenceAssemblyPaths)="C:\Program Files %28x86%29\Reference Assemblies\Microsoft\Framework\.NETFramework\v4.7.2\" (valor anterior: "C:\Program Files (x86)\Reference Assemblies\Microsoft\Framework\.NETFramework\v4.7.2\") en C:\Program Files\dotnet\sdk\9.0.305\Microsoft.Common.CurrentVersion.targets (1267,7) [D:\GitHub\Grado\DAM\2DAM\C Sharp\Creacion Componente\RA3_RelojDigital\TestRelojDigital\TestRelojDigital.csproj]
       Ejecución de la tarea "GetReferenceAssemblyPaths" terminada.
       C:\Program Files\dotnet\sdk\9.0.305\Microsoft.Common.CurrentVersion.targets(1272,7): message : Reasignación de propiedad: $(TargetFrameworkDirectory)="C:\Program Files %28x86%29\Reference Assemblies\Microsoft\Framework\.NETFramework\v4.7.2\;;" (valor anterior: "v4.0.30319") en C:\Program Files\dotnet\sdk\9.0.305\Microsoft.Common.CurrentVersion.targets (1272,7) [D:\GitHub\Grado\DAM\2DAM\C Sharp\Creacion Componente\RA3_RelojDigital\TestRelojDigital\TestRelojDigital.csproj]
       C:\Program Files\dotnet\sdk\9.0.305\Microsoft.Common.CurrentVersion.targets(1293,7): message : Reasignación de propiedad: $(TargetFrameworkDirectory)="C:\Program Files %28x86%29\Reference Assemblies\Microsoft\Framework\.NETFramework\v4.7.2\;;;C:\Program Files %28x86%29\Reference Assemblies\Microsoft\Framework\.NETFramework\v4.7.2\Facades\" (valor anterior: "v4.0.30319") en C:\Program Files\dotnet\sdk\9.0.305\Microsoft.Common.CurrentVersion.targets (1293,7) [D:\GitHub\Grado\DAM\2DAM\C Sharp\Creacion Componente\RA3_RelojDigital\TestRelojDigital\TestRelojDigital.csproj]
   2:6>Compilación terminada del destino "GetReferenceAssemblyPaths" en el proyecto "TestRelojDigital.csproj".
       Se omitió el destino "AssignLinkMetadata" debido a una condición falsa (False); ( '$(SynthesizeLinkMetadata)' == 'true' ) se evaluó como ( '' == 'true' ).
       Se omitió el destino "_VerifyPackReleaseConfigurations" debido a una condición falsa (False); ('$(_IsPacking)' == 'true' and '$(DOTNET_CLI_DISABLE_PUBLISH_AND_PACK_RELEASE)' != 'true' and '$(DOTNET_CLI_LAZY_PUBLISH_AND_PACK_RELEASE_FOR_SOLUTIONS)' == 'true') se evaluó como ('' == 'true' and '' != 'true' and '' == 'true').
   2:6>Destino "PrepareForBuild" en el archivo "C:\Program Files\dotnet\sdk\9.0.305\Microsoft.Common.CurrentVersion.targets" del proyecto "D:\GitHub\Grado\DAM\2DAM\C Sharp\Creacion Componente\RA3_RelojDigital\TestRelojDigital\TestRelojDigital.csproj" (el destino "CoreBuild" depende de él):
       Usando la tarea "FindAppConfigFile" del ensamblado "Microsoft.Build.Tasks.Core, Version=15.1.0.0, Culture=neutral, PublicKeyToken=b03f5f7f11d50a3a".
       Tarea "FindAppConfigFile"
       Ejecución de la tarea "FindAppConfigFile" terminada.
       Usando la tarea "MakeDir" del ensamblado "Microsoft.Build.Tasks.Core, Version=15.1.0.0, Culture=neutral, PublicKeyToken=b03f5f7f11d50a3a".
       Tarea "MakeDir"
       Ejecución de la tarea "MakeDir" terminada.
   2:6>Compilación terminada del destino "PrepareForBuild" en el proyecto "TestRelojDigital.csproj".
       Se omitió el destino "GenerateTargetPlatformDefineConstants" debido a una condición falsa (False); ( '$(DisableImplicitFrameworkDefines)' != 'true' and '$(TargetPlatformIdentifier)' != '' and '$(TargetFrameworkIdentifier)' == '.NETCoreApp' and $([MSBuild]::VersionGreaterThanOrEquals($(TargetFrameworkVersion), 5.0)) ) se evaluó como ( '' != 'true' and 'Windows' != '' and '.NETFramework' == '.NETCoreApp' and False ).
   2:6>Destino "GenerateNETCompatibleDefineConstants" en el archivo "C:\Program Files\dotnet\sdk\9.0.305\Sdks\Microsoft.NET.Sdk\targets\Microsoft.NET.Sdk.BeforeCommon.targets" del proyecto "D:\GitHub\Grado\DAM\2DAM\C Sharp\Creacion Componente\RA3_RelojDigital\TestRelojDigital\TestRelojDigital.csproj" (el destino "AddImplicitDefineConstants" depende de él):
   2:6>Compilación terminada del destino "GenerateNETCompatibleDefineConstants" en el proyecto "TestRelojDigital.csproj".
       Se omitió el destino "GeneratePlatformCompatibleDefineConstants" debido a una condición falsa (False); ( '$(DisableImplicitFrameworkDefines)' != 'true' and '$(TargetPlatformIdentifier)' != '' and '$(TargetFrameworkIdentifier)' == '.NETCoreApp' and $([MSBuild]::VersionGreaterThanOrEquals($(TargetFrameworkVersion), 5.0)) ) se evaluó como ( '' != 'true' and 'Windows' != '' and '.NETFramework' == '.NETCoreApp' and False ).
       Se omitió el destino "_DisableDiagnosticTracing" debido a una condición falsa (False); ('$(DisableDiagnosticTracing)' == 'true') se evaluó como ('' == 'true').
   2:6>Destino "AddImplicitDefineConstants" en el archivo "C:\Program Files\dotnet\sdk\9.0.305\Sdks\Microsoft.NET.Sdk\targets\Microsoft.NET.Sdk.BeforeCommon.targets" del proyecto "D:\GitHub\Grado\DAM\2DAM\C Sharp\Creacion Componente\RA3_RelojDigital\TestRelojDigital\TestRelojDigital.csproj" (el destino "CoreBuild" depende de él):
       C:\Program Files\dotnet\sdk\9.0.305\Sdks\Microsoft.NET.Sdk\targets\Microsoft.NET.Sdk.BeforeCommon.targets(267,7): message : Reasignación de propiedad: $(DefineConstants)="TRACE;DEBUG;NETFRAMEWORK;NET472;;NET30_OR_GREATER;NET35_OR_GREATER;NET40_OR_GREATER;NET45_OR_GREATER;NET451_OR_GREATER;NET452_OR_GREATER;NET46_OR_GREATER;NET461_OR_GREATER;NET462_OR_GREATER;NET47_OR_GREATER;NET471_OR_GREATER;NET472_OR_GREATER" (valor anterior: "TRACE;DEBUG;NETFRAMEWORK;NET472;") en C:\Program Files\dotnet\sdk\9.0.305\Sdks\Microsoft.NET.Sdk\targets\Microsoft.NET.Sdk.BeforeCommon.targets (267,7) [D:\GitHub\Grado\DAM\2DAM\C Sharp\Creacion Componente\RA3_RelojDigital\TestRelojDigital\TestRelojDigital.csproj]
   2:6>Compilación terminada del destino "AddImplicitDefineConstants" en el proyecto "TestRelojDigital.csproj".
       Se omitió el destino "GenerateGlobalUsings" debido a una condición falsa (False); (@(Using->Count()) != 0) se evaluó como (0 != 0).
       Se omitió el destino "PreBuildEvent" debido a una condición falsa (False); ('$(PreBuildEvent)'!='') se evaluó como (''!='').
       Se omitió el destino "_BlockWinMDsOnUnsupportedTFMs" debido a una condición falsa (False); ('$(TargetFrameworkIdentifier)' == '.NETCoreApp' and $([MSBuild]::VersionGreaterThanOrEquals($(TargetFrameworkVersion), '5.0'))) se evaluó como ('.NETFramework' == '.NETCoreApp' and False).
   2:6>Destino "BeforeResolveReferences" en el archivo "C:\Program Files\dotnet\sdk\9.0.305\Microsoft.Common.CurrentVersion.targets" del proyecto "D:\GitHub\Grado\DAM\2DAM\C Sharp\Creacion Componente\RA3_RelojDigital\TestRelojDigital\TestRelojDigital.csproj" (el destino "ResolveReferences" depende de él):
   2:6>Compilación terminada del destino "BeforeResolveReferences" en el proyecto "TestRelojDigital.csproj".
   2:6>Destino "IgnoreJavaScriptOutputAssembly" en el archivo "C:\Program Files\dotnet\sdk\9.0.305\Microsoft.Common.CurrentVersion.targets" del proyecto "D:\GitHub\Grado\DAM\2DAM\C Sharp\Creacion Componente\RA3_RelojDigital\TestRelojDigital\TestRelojDigital.csproj" (el destino "AssignProjectConfiguration" depende de él):
   2:6>Compilación terminada del destino "IgnoreJavaScriptOutputAssembly" en el proyecto "TestRelojDigital.csproj".
       Se omitió el destino "ProcessFrameworkReferences" debido a una condición falsa (False); ('@(FrameworkReference)' != '' Or '$(_RequiresILLinkPack)' == 'true') se evaluó como ('' != '' Or 'false' == 'true').
       Se omitió el destino "_NormalizeTargetPlatformVersion" debido a una condición falsa (False); ('$(TargetPlatformVersion)' != '' and '$(TargetFrameworkIdentifier)' == '.NETCoreApp' and $([MSBuild]::VersionGreaterThanOrEquals($(TargetFrameworkVersion), 5.0)) and ('$(Language)' != 'C++' or '$(_EnablePackageReferencesInVCProjects)' == 'true')) se evaluó como ('7.0' != '' and '.NETFramework' == '.NETCoreApp' and False and ('C#' != 'C++' or '' == 'true')).
       Se omitió el destino "ApplyImplicitVersions" debido a una condición falsa (False); ('@(PackageReference)' != '') se evaluó como ('' != '').
   2:6>Destino "_DefaultMicrosoftNETPlatformLibrary" en el archivo "C:\Program Files\dotnet\sdk\9.0.305\Sdks\Microsoft.NET.Sdk\targets\Microsoft.NET.Sdk.Shared.targets" del proyecto "D:\GitHub\Grado\DAM\2DAM\C Sharp\Creacion Componente\RA3_RelojDigital\TestRelojDigital\TestRelojDigital.csproj" (el destino "ResolvePackageAssets" depende de él):
   2:6>Compilación terminada del destino "_DefaultMicrosoftNETPlatformLibrary" en el proyecto "TestRelojDigital.csproj".
   2:6>Destino "_ComputePackageReferencePublish" en el archivo "C:\Program Files\dotnet\sdk\9.0.305\Sdks\Microsoft.NET.Sdk\targets\Microsoft.NET.Sdk.Shared.targets" del proyecto "D:\GitHub\Grado\DAM\2DAM\C Sharp\Creacion Componente\RA3_RelojDigital\TestRelojDigital\TestRelojDigital.csproj" (el destino "ResolvePackageAssets" depende de él):
   2:6>Compilación terminada del destino "_ComputePackageReferencePublish" en el proyecto "TestRelojDigital.csproj".
       Se omitió el destino "_ResolveCompilerVersion" debido a una condición falsa (False); ('$(CompilerApiVersion)' == '' And
                            ('$(Language)' == 'C#' Or '$(Language)' == 'VB') And
                            Exists('$(RoslynTargetsPath)\Microsoft.Build.Tasks.CodeAnalysis.dll')) se evaluó como ('roslyn4.14' == '' And
                            ('C#' == 'C#' Or 'C#' == 'VB') And
                            Exists('C:\Program Files\dotnet\sdk\9.0.305\Roslyn\Microsoft.Build.Tasks.CodeAnalysis.dll')).
   2:6>Destino "ResolvePackageAssets" en el archivo "C:\Program Files\dotnet\sdk\9.0.305\Sdks\Microsoft.NET.Sdk\targets\Microsoft.PackageDependencyResolution.targets" del proyecto "D:\GitHub\Grado\DAM\2DAM\C Sharp\Creacion Componente\RA3_RelojDigital\TestRelojDigital\TestRelojDigital.csproj" (el destino "ResolveLockFileReferences" depende de él):
       Usando la tarea "ResolvePackageAssets" del ensamblado "C:\Program Files\dotnet\sdk\9.0.305\Sdks\Microsoft.NET.Sdk\targets\..\tools\net9.0\Microsoft.NET.Build.Tasks.dll".
     0>C:\Program Files\dotnet\sdk\9.0.305\Roslyn\Microsoft.CSharp.Core.targets(200,5): message : Reasignación de propiedad: $(CommandLineArgsForDesignTimeEvaluation)="-langversion:7.3 -define:TRACE" (valor anterior: "-langversion:7.3") en C:\Program Files\dotnet\sdk\9.0.305\Roslyn\Microsoft.CSharp.Core.targets (200,5)
   2:6>Tarea "ResolvePackageAssets"
       Ejecución de la tarea "ResolvePackageAssets" terminada.
   2:6>Compilación terminada del destino "ResolvePackageAssets" en el proyecto "TestRelojDigital.csproj".
   2:6>Destino "AdjustDefaultPlatformTargetForNetFrameworkExeWithNoNativeCopyLocalItems" en el archivo "C:\Program Files\dotnet\sdk\9.0.305\Sdks\Microsoft.NET.Sdk\targets\Microsoft.NET.RuntimeIdentifierInference.targets" del proyecto "D:\GitHub\Grado\DAM\2DAM\C Sharp\Creacion Componente\RA3_RelojDigital\TestRelojDigital\TestRelojDigital.csproj" (el destino "ResolveLockFileReferences" depende de él):
       Usando la tarea "GetDefaultPlatformTargetForNetFramework" del ensamblado "C:\Program Files\dotnet\sdk\9.0.305\Sdks\Microsoft.NET.Sdk\targets\..\tools\net9.0\Microsoft.NET.Build.Tasks.dll".
       Tarea "GetDefaultPlatformTargetForNetFramework"
       C:\Program Files\dotnet\sdk\9.0.305\Sdks\Microsoft.NET.Sdk\targets\Microsoft.NET.RuntimeIdentifierInference.targets(364,7): message : Reasignación de propiedad: $(PlatformTarget)="AnyCPU" (valor anterior: "x86") en C:\Program Files\dotnet\sdk\9.0.305\Sdks\Microsoft.NET.Sdk\targets\Microsoft.NET.RuntimeIdentifierInference.targets (364,7) [D:\GitHub\Grado\DAM\2DAM\C Sharp\Creacion Componente\RA3_RelojDigital\TestRelojDigital\TestRelojDigital.csproj]
       Ejecución de la tarea "GetDefaultPlatformTargetForNetFramework" terminada.
   2:6>Compilación terminada del destino "AdjustDefaultPlatformTargetForNetFrameworkExeWithNoNativeCopyLocalItems" en el proyecto "TestRelojDigital.csproj".
       Se omitió el destino "_CheckForTransitiveWindowsDesktopDependencies" debido a una condición falsa (False); ('$(TargetFrameworkIdentifier)' == '.NETCoreApp' and $([MSBuild]::VersionGreaterThanOrEquals($(_TargetFrameworkVersionWithoutV), '5.0')) and '$(TargetPlatformIdentifier)' != 'Windows' and '@(TransitiveFrameworkReference)' != '') se evaluó como ('.NETFramework' == '.NETCoreApp' and False and 'Windows' != 'Windows' and '' != '').
       Se omitió el destino "AddTransitiveFrameworkReferences" debido a una condición falsa (False); ('@(TransitiveFrameworkReference)' != '') se evaluó como ('' != '').
       Se omitió el destino "_CheckForTransitiveWindowsSDKFullDependencies" debido a una condición falsa (False); ( '$(TargetFrameworkIdentifier)' == '.NETCoreApp'
                             and '$(TargetPlatformIdentifier)' == 'Windows'
                             and '@(TransitiveFrameworkReference)' != ''
                             and '$(UseUwp)' != 'true' ) se evaluó como ( '.NETFramework' == '.NETCoreApp'
                             and 'Windows' == 'Windows'
                             and '' != ''
                             and '' != 'true' ).
       Se omitió el destino "_CheckForInvalidTfmForWindowsSDKXamlDependencies" debido a una condición falsa (False); ( !('$(TargetFrameworkIdentifier)' == '.NETCoreApp' and $([MSBuild]::VersionGreaterThanOrEquals($(TargetFrameworkVersion), '8.0')) and '$(TargetPlatformIdentifier)' == 'Windows')
                             and '$(UseUwp)' == 'true' ) se evaluó como ( !('.NETFramework' == '.NETCoreApp' and False and 'Windows' == 'Windows')
                             and '' == 'true' ).
   2:6>Destino "ResolveLockFileReferences" en el archivo "C:\Program Files\dotnet\sdk\9.0.305\Sdks\Microsoft.NET.Sdk\targets\Microsoft.PackageDependencyResolution.targets" del proyecto "D:\GitHub\Grado\DAM\2DAM\C Sharp\Creacion Componente\RA3_RelojDigital\TestRelojDigital\TestRelojDigital.csproj" (el destino "ResolvePackageDependenciesForBuild" depende de él):
       Usando la tarea "JoinItems" del ensamblado "C:\Program Files\dotnet\sdk\9.0.305\Sdks\Microsoft.NET.Sdk\targets\..\tools\net9.0\Microsoft.NET.Build.Tasks.dll".
       Tarea "JoinItems"
       Ejecución de la tarea "JoinItems" terminada.
   2:6>Compilación terminada del destino "ResolveLockFileReferences" en el proyecto "TestRelojDigital.csproj".
       Se omitió el destino "ResolvePackageAssets". Compilado previamente de forma correcta.
   2:6>Destino "ResolveLockFileAnalyzers" en el archivo "C:\Program Files\dotnet\sdk\9.0.305\Sdks\Microsoft.NET.Sdk\targets\Microsoft.PackageDependencyResolution.targets" del proyecto "D:\GitHub\Grado\DAM\2DAM\C Sharp\Creacion Componente\RA3_RelojDigital\TestRelojDigital\TestRelojDigital.csproj" (el destino "ResolvePackageDependenciesForBuild" depende de él):
   2:6>Compilación terminada del destino "ResolveLockFileAnalyzers" en el proyecto "TestRelojDigital.csproj".
       Se omitió el destino "ResolvePackageAssets". Compilado previamente de forma correcta.
       Se omitió el destino "RunProduceContentAssets" debido a una condición falsa (False); ('@(_ContentFilesToPreprocess)' != '' and '$(_CleaningWithoutRebuilding)' != 'true') se evaluó como ('' != '' and '' != 'true').
   2:6>Destino "ResolveLockFileCopyLocalFiles" en el archivo "C:\Program Files\dotnet\sdk\9.0.305\Sdks\Microsoft.NET.Sdk\targets\Microsoft.PackageDependencyResolution.targets" del proyecto "D:\GitHub\Grado\DAM\2DAM\C Sharp\Creacion Componente\RA3_RelojDigital\TestRelojDigital\TestRelojDigital.csproj" (el destino "ResolvePackageDependenciesForBuild" depende de él):
   2:6>Compilación terminada del destino "ResolveLockFileCopyLocalFiles" en el proyecto "TestRelojDigital.csproj".
       Se omitió el destino "ResolveRuntimePackAssets" debido a una condición falsa (False); ('@(RuntimePack)' != '') se evaluó como ('' != '').
       Se omitió el destino "RunProduceContentAssets" debido a una condición falsa (False); ('@(_ContentFilesToPreprocess)' != '' and '$(_CleaningWithoutRebuilding)' != 'true') se evaluó como ('' != '' and '' != 'true').
       Se omitió el destino "ResolvePackageAssets". Compilado previamente de forma correcta.
   2:6>Destino "IncludeTransitiveProjectReferences" en el archivo "C:\Program Files\dotnet\sdk\9.0.305\Sdks\Microsoft.NET.Sdk\targets\Microsoft.PackageDependencyResolution.targets" del proyecto "D:\GitHub\Grado\DAM\2DAM\C Sharp\Creacion Componente\RA3_RelojDigital\TestRelojDigital\TestRelojDigital.csproj" (el destino "ResolvePackageDependenciesForBuild" depende de él):
   2:6>Compilación terminada del destino "IncludeTransitiveProjectReferences" en el proyecto "TestRelojDigital.csproj".
   2:6>Destino "ResolvePackageDependenciesForBuild" en el archivo "C:\Program Files\dotnet\sdk\9.0.305\Sdks\Microsoft.NET.Sdk\targets\Microsoft.PackageDependencyResolution.targets" del proyecto "D:\GitHub\Grado\DAM\2DAM\C Sharp\Creacion Componente\RA3_RelojDigital\TestRelojDigital\TestRelojDigital.csproj" (el destino "AssignProjectConfiguration" depende de él):
   2:6>Compilación terminada del destino "ResolvePackageDependenciesForBuild" en el proyecto "TestRelojDigital.csproj".
   2:6>Destino "AssignProjectConfiguration" en el archivo "C:\Program Files\dotnet\sdk\9.0.305\Microsoft.Common.CurrentVersion.targets" del proyecto "D:\GitHub\Grado\DAM\2DAM\C Sharp\Creacion Componente\RA3_RelojDigital\TestRelojDigital\TestRelojDigital.csproj" (el destino "ResolveReferences" depende de él):
       Usando la tarea "AssignProjectConfiguration" del ensamblado "Microsoft.Build.Tasks.Core, Version=15.1.0.0, Culture=neutral, PublicKeyToken=b03f5f7f11d50a3a".
       Tarea "AssignProjectConfiguration"
         Se asignó la configuración "Debug|AnyCPU" a la referencia de proyecto "..\MisComponentesLib\MisComponentesLib.csproj".
       Ejecución de la tarea "AssignProjectConfiguration" terminada.
   2:6>Compilación terminada del destino "AssignProjectConfiguration" en el proyecto "TestRelojDigital.csproj".
       Se omitió el destino "AssignProjectConfiguration". Compilado previamente de forma correcta.
   2:6>Destino "_SplitProjectReferencesByFileExistence" en el archivo "C:\Program Files\dotnet\sdk\9.0.305\Microsoft.Common.CurrentVersion.targets" del proyecto "D:\GitHub\Grado\DAM\2DAM\C Sharp\Creacion Componente\RA3_RelojDigital\TestRelojDigital\TestRelojDigital.csproj" (el destino "PrepareProjectReferences" depende de él):
       Se omitió la tarea "ResolveNonMSBuildProjectOutput" debido a una condición falsa (False); ('$(BuildingInsideVisualStudio)'=='true' and '@(ProjectReferenceWithConfiguration)'!='') se evaluó como (''=='true' and '..\MisComponentesLib\MisComponentesLib.csproj'!='').
   2:6>Compilación terminada del destino "_SplitProjectReferencesByFileExistence" en el proyecto "TestRelojDigital.csproj".
   2:6>Destino "_AddOutputPathToGlobalPropertiesToRemove" en el archivo "C:\Program Files\dotnet\sdk\9.0.305\Microsoft.Common.CurrentVersion.targets" del proyecto "D:\GitHub\Grado\DAM\2DAM\C Sharp\Creacion Componente\RA3_RelojDigital\TestRelojDigital\TestRelojDigital.csproj" (el destino "_GetProjectReferenceTargetFrameworkProperties" depende de él):
   2:6>Compilación terminada del destino "_AddOutputPathToGlobalPropertiesToRemove" en el proyecto "TestRelojDigital.csproj".
   2:6>Destino "_GetProjectReferenceTargetFrameworkProperties" en el archivo "C:\Program Files\dotnet\sdk\9.0.305\Microsoft.Common.CurrentVersion.targets" del proyecto "D:\GitHub\Grado\DAM\2DAM\C Sharp\Creacion Componente\RA3_RelojDigital\TestRelojDigital\TestRelojDigital.csproj" (el destino "PrepareProjectReferences" depende de él):
       Tarea "MSBuild"
         Propiedades globales:
           Configuration=Debug
           Platform=AnyCPU
         Quitando propiedades:
           TargetFramework
           RuntimeIdentifier
           SelfContained
     0>C:\Program Files\dotnet\sdk\9.0.305\Microsoft.NETFramework.CurrentVersion.props(117,5): message : Reasignación de propiedad: $(AvailablePlatforms)="Any CPU,x86,x64,ARM64" (valor anterior: "Any CPU,x86,x64") en C:\Program Files\dotnet\sdk\9.0.305\Microsoft.NETFramework.CurrentVersion.props (117,5)
       C:\Program Files\dotnet\sdk\9.0.305\Microsoft.Common.CurrentVersion.targets(89,5): message : Reasignación de propiedad: $(TargetPlatformIdentifier)="Windows" (valor anterior: "") en C:\Program Files\dotnet\sdk\9.0.305\Microsoft.Common.CurrentVersion.targets (89,5)
       C:\Program Files\dotnet\sdk\9.0.305\Microsoft.Common.CurrentVersion.targets(90,5): message : Reasignación de propiedad: $(TargetPlatformVersion)="7.0" (valor anterior: "") en C:\Program Files\dotnet\sdk\9.0.305\Microsoft.Common.CurrentVersion.targets (90,5)
       La propiedad "Platform" es global y no se puede modificar.
       La propiedad "Configuration" es global y no se puede modificar.
       C:\Program Files\dotnet\sdk\9.0.305\Microsoft.Common.CurrentVersion.targets(175,5): message : Reasignación de propiedad: $(_DebugSymbolsProduced)="true" (valor anterior: "false") en C:\Program Files\dotnet\sdk\9.0.305\Microsoft.Common.CurrentVersion.targets (175,5)
       C:\Program Files\dotnet\sdk\9.0.305\Microsoft.Common.CurrentVersion.targets(185,5): message : Reasignación de propiedad: $(_DocumentationFileProduced)="false" (valor anterior: "true") en C:\Program Files\dotnet\sdk\9.0.305\Microsoft.Common.CurrentVersion.targets (185,5)
       La propiedad "SolutionName" es global y no se puede modificar.
       La propiedad "SolutionFileName" es global y no se puede modificar.
       La propiedad "SolutionPath" es global y no se puede modificar.
       La propiedad "SolutionDir" es global y no se puede modificar.
       La propiedad "SolutionExt" es global y no se puede modificar.
       C:\Program Files\dotnet\sdk\9.0.305\Microsoft.Common.CurrentVersion.targets(392,5): message : Reasignación de propiedad: $(MSBuildCopyMarkerName)="MisCompo.934CF984" (valor anterior: "MisComponentesLib.csproj") en C:\Program Files\dotnet\sdk\9.0.305\Microsoft.Common.CurrentVersion.targets (392,5)
       C:\Program Files\dotnet\sdk\9.0.305\Microsoft.Common.CurrentVersion.targets(393,5): message : Reasignación de propiedad: $(MSBuildCopyMarkerName)="MisCompo.934CF984.Up2Date" (valor anterior: "MisCompo.934CF984") en C:\Program Files\dotnet\sdk\9.0.305\Microsoft.Common.CurrentVersion.targets (393,5)
       C:\Program Files\dotnet\sdk\9.0.305\Microsoft.Common.CurrentVersion.targets(541,5): message : Reasignación de propiedad: $(ProcessorArchitecture)="msil" (valor anterior: "") en C:\Program Files\dotnet\sdk\9.0.305\Microsoft.Common.CurrentVersion.targets (541,5)
       C:\Program Files\dotnet\sdk\9.0.305\Microsoft.Common.CurrentVersion.targets(580,5): message : Reasignación de propiedad: $(DelaySign)="" (valor anterior: "false") en C:\Program Files\dotnet\sdk\9.0.305\Microsoft.Common.CurrentVersion.targets (580,5)
       C:\Program Files\dotnet\sdk\9.0.305\Microsoft.Common.CurrentVersion.targets(2619,5): message : Propiedad "LOCALAPPDATA" con el valor "C:\Users\danielgarbru\AppData\Local" expandido desde el entorno.
       C:\Program Files\dotnet\sdk\9.0.305\Microsoft.Common.CurrentVersion.targets(3947,5): message : Reasignación de propiedad: $(_SGenGenerateSerializationAssembliesConfig)="Auto" (valor anterior: "") en C:\Program Files\dotnet\sdk\9.0.305\Microsoft.Common.CurrentVersion.targets (3947,5)
       C:\Program Files\dotnet\sdk\9.0.305\Microsoft.Common.CurrentVersion.targets(3948,5): message : Reasignación de propiedad: $(_SGenGenerateSerializationAssembliesConfig)="Off" (valor anterior: "Auto") en C:\Program Files\dotnet\sdk\9.0.305\Microsoft.Common.CurrentVersion.targets (3948,5)
       C:\Program Files\dotnet\sdk\9.0.305\Microsoft.Common.CurrentVersion.targets(5159,5): message : Reasignación de propiedad: $(_TargetsThatPrepareProjectReferences)="
       C:\Program Files\dotnet\sdk\9.0.305\Microsoft.Common.CurrentVersion.targets(5159,5): message :       AssignProjectConfiguration;
       C:\Program Files\dotnet\sdk\9.0.305\Microsoft.Common.CurrentVersion.targets(5159,5): message :       _SplitProjectReferencesByFileExistence
       C:\Program Files\dotnet\sdk\9.0.305\Microsoft.Common.CurrentVersion.targets(5159,5): message :     " (valor anterior: "_SplitProjectReferencesByFileExistence") en C:\Program Files\dotnet\sdk\9.0.305\Microsoft.Common.CurrentVersion.targets (5159,5)
       C:\Program Files\dotnet\sdk\9.0.305\Microsoft.Common.CurrentVersion.targets(6954,5): message : Propiedad "MSBuildExtensionsPath32" con el valor "C:\Program Files\dotnet\sdk\9.0.305" expandido desde el entorno.
       C:\Program Files\dotnet\sdk\9.0.305\Microsoft.NETFramework.CurrentVersion.targets(74,5): message : Reasignación de propiedad: $(ResolveReferencesDependsOn)="
       C:\Program Files\dotnet\sdk\9.0.305\Microsoft.NETFramework.CurrentVersion.targets(74,5): message :       
       C:\Program Files\dotnet\sdk\9.0.305\Microsoft.NETFramework.CurrentVersion.targets(74,5): message :       BeforeResolveReferences;
       C:\Program Files\dotnet\sdk\9.0.305\Microsoft.NETFramework.CurrentVersion.targets(74,5): message :       AssignProjectConfiguration;
       C:\Program Files\dotnet\sdk\9.0.305\Microsoft.NETFramework.CurrentVersion.targets(74,5): message :       ResolveProjectReferences;
       C:\Program Files\dotnet\sdk\9.0.305\Microsoft.NETFramework.CurrentVersion.targets(74,5): message :       FindInvalidProjectReferences;
       C:\Program Files\dotnet\sdk\9.0.305\Microsoft.NETFramework.CurrentVersion.targets(74,5): message :       ResolveNativeReferences;
       C:\Program Files\dotnet\sdk\9.0.305\Microsoft.NETFramework.CurrentVersion.targets(74,5): message :       ResolveAssemblyReferences;
       C:\Program Files\dotnet\sdk\9.0.305\Microsoft.NETFramework.CurrentVersion.targets(74,5): message :       GenerateBindingRedirects;
       C:\Program Files\dotnet\sdk\9.0.305\Microsoft.NETFramework.CurrentVersion.targets(74,5): message :       GenerateBindingRedirectsUpdateAppConfig;
       C:\Program Files\dotnet\sdk\9.0.305\Microsoft.NETFramework.CurrentVersion.targets(74,5): message :       ResolveComReferences;
       C:\Program Files\dotnet\sdk\9.0.305\Microsoft.NETFramework.CurrentVersion.targets(74,5): message :       AfterResolveReferences
       C:\Program Files\dotnet\sdk\9.0.305\Microsoft.NETFramework.CurrentVersion.targets(74,5): message :     ;
       C:\Program Files\dotnet\sdk\9.0.305\Microsoft.NETFramework.CurrentVersion.targets(74,5): message :       ImplicitlyExpandDesignTimeFacades
       C:\Program Files\dotnet\sdk\9.0.305\Microsoft.NETFramework.CurrentVersion.targets(74,5): message :     " (valor anterior: "
       C:\Program Files\dotnet\sdk\9.0.305\Microsoft.NETFramework.CurrentVersion.targets(74,5): message :       BeforeResolveReferences;
       C:\Program Files\dotnet\sdk\9.0.305\Microsoft.NETFramework.CurrentVersion.targets(74,5): message :       AssignProjectConfiguration;
       C:\Program Files\dotnet\sdk\9.0.305\Microsoft.NETFramework.CurrentVersion.targets(74,5): message :       ResolveProjectReferences;
       C:\Program Files\dotnet\sdk\9.0.305\Microsoft.NETFramework.CurrentVersion.targets(74,5): message :       FindInvalidProjectReferences;
       C:\Program Files\dotnet\sdk\9.0.305\Microsoft.NETFramework.CurrentVersion.targets(74,5): message :       ResolveNativeReferences;
       C:\Program Files\dotnet\sdk\9.0.305\Microsoft.NETFramework.CurrentVersion.targets(74,5): message :       ResolveAssemblyReferences;
       C:\Program Files\dotnet\sdk\9.0.305\Microsoft.NETFramework.CurrentVersion.targets(74,5): message :       GenerateBindingRedirects;
       C:\Program Files\dotnet\sdk\9.0.305\Microsoft.NETFramework.CurrentVersion.targets(74,5): message :       GenerateBindingRedirectsUpdateAppConfig;
       C:\Program Files\dotnet\sdk\9.0.305\Microsoft.NETFramework.CurrentVersion.targets(74,5): message :       ResolveComReferences;
       C:\Program Files\dotnet\sdk\9.0.305\Microsoft.NETFramework.CurrentVersion.targets(74,5): message :       AfterResolveReferences
       C:\Program Files\dotnet\sdk\9.0.305\Microsoft.NETFramework.CurrentVersion.targets(74,5): message :     ") en C:\Program Files\dotnet\sdk\9.0.305\Microsoft.NETFramework.CurrentVersion.targets (74,5)
       C:\Program Files\dotnet\sdk\9.0.305\Sdks\Microsoft.NET.Sdk\targets\Microsoft.PackageDependencyResolution.targets(29,5): message : Reasignación de propiedad: $(ProjectAssetsCacheFile)="D:\GitHub\Grado\DAM\2DAM\C Sharp\Creacion Componente\RA3_RelojDigital\MisComponentesLib\obj\Debug\net472\MisComponentesLib.assets.cache" (valor anterior: "obj\Debug\net472\MisComponentesLib.assets.cache") en C:\Program Files\dotnet\sdk\9.0.305\Sdks\Microsoft.NET.Sdk\targets\Microsoft.PackageDependencyResolution.targets (29,5)
       C:\Program Files\dotnet\sdk\9.0.305\Sdks\Microsoft.NET.Sdk\targets\Microsoft.PackageDependencyResolution.targets(80,5): message : Reasignación de propiedad: $(ResolveAssemblyReferencesDependsOn)="
       C:\Program Files\dotnet\sdk\9.0.305\Sdks\Microsoft.NET.Sdk\targets\Microsoft.PackageDependencyResolution.targets(80,5): message :       
       C:\Program Files\dotnet\sdk\9.0.305\Sdks\Microsoft.NET.Sdk\targets\Microsoft.PackageDependencyResolution.targets(80,5): message :       ResolveProjectReferences;
       C:\Program Files\dotnet\sdk\9.0.305\Sdks\Microsoft.NET.Sdk\targets\Microsoft.PackageDependencyResolution.targets(80,5): message :       FindInvalidProjectReferences;
       C:\Program Files\dotnet\sdk\9.0.305\Sdks\Microsoft.NET.Sdk\targets\Microsoft.PackageDependencyResolution.targets(80,5): message :       GetFrameworkPaths;
       C:\Program Files\dotnet\sdk\9.0.305\Sdks\Microsoft.NET.Sdk\targets\Microsoft.PackageDependencyResolution.targets(80,5): message :       GetReferenceAssemblyPaths;
       C:\Program Files\dotnet\sdk\9.0.305\Sdks\Microsoft.NET.Sdk\targets\Microsoft.PackageDependencyResolution.targets(80,5): message :       PrepareForBuild;
       C:\Program Files\dotnet\sdk\9.0.305\Sdks\Microsoft.NET.Sdk\targets\Microsoft.PackageDependencyResolution.targets(80,5): message :       ResolveSDKReferences;
       C:\Program Files\dotnet\sdk\9.0.305\Sdks\Microsoft.NET.Sdk\targets\Microsoft.PackageDependencyResolution.targets(80,5): message :       ExpandSDKReferences;
       C:\Program Files\dotnet\sdk\9.0.305\Sdks\Microsoft.NET.Sdk\targets\Microsoft.PackageDependencyResolution.targets(80,5): message :     ;
       C:\Program Files\dotnet\sdk\9.0.305\Sdks\Microsoft.NET.Sdk\targets\Microsoft.PackageDependencyResolution.targets(80,5): message :       ResolvePackageDependenciesForBuild;
       C:\Program Files\dotnet\sdk\9.0.305\Sdks\Microsoft.NET.Sdk\targets\Microsoft.PackageDependencyResolution.targets(80,5): message :       _HandlePackageFileConflicts;
       C:\Program Files\dotnet\sdk\9.0.305\Sdks\Microsoft.NET.Sdk\targets\Microsoft.PackageDependencyResolution.targets(80,5): message :     " (valor anterior: "
       C:\Program Files\dotnet\sdk\9.0.305\Sdks\Microsoft.NET.Sdk\targets\Microsoft.PackageDependencyResolution.targets(80,5): message :       ResolveProjectReferences;
       C:\Program Files\dotnet\sdk\9.0.305\Sdks\Microsoft.NET.Sdk\targets\Microsoft.PackageDependencyResolution.targets(80,5): message :       FindInvalidProjectReferences;
       C:\Program Files\dotnet\sdk\9.0.305\Sdks\Microsoft.NET.Sdk\targets\Microsoft.PackageDependencyResolution.targets(80,5): message :       GetFrameworkPaths;
       C:\Program Files\dotnet\sdk\9.0.305\Sdks\Microsoft.NET.Sdk\targets\Microsoft.PackageDependencyResolution.targets(80,5): message :       GetReferenceAssemblyPaths;
       C:\Program Files\dotnet\sdk\9.0.305\Sdks\Microsoft.NET.Sdk\targets\Microsoft.PackageDependencyResolution.targets(80,5): message :       PrepareForBuild;
       C:\Program Files\dotnet\sdk\9.0.305\Sdks\Microsoft.NET.Sdk\targets\Microsoft.PackageDependencyResolution.targets(80,5): message :       ResolveSDKReferences;
       C:\Program Files\dotnet\sdk\9.0.305\Sdks\Microsoft.NET.Sdk\targets\Microsoft.PackageDependencyResolution.targets(80,5): message :       ExpandSDKReferences;
       C:\Program Files\dotnet\sdk\9.0.305\Sdks\Microsoft.NET.Sdk\targets\Microsoft.PackageDependencyResolution.targets(80,5): message :     ") en C:\Program Files\dotnet\sdk\9.0.305\Sdks\Microsoft.NET.Sdk\targets\Microsoft.PackageDependencyResolution.targets (80,5)
       C:\Program Files\dotnet\sdk\9.0.305\Sdks\Microsoft.NET.Sdk\targets\Microsoft.PackageDependencyResolution.targets(86,5): message : Reasignación de propiedad: $(PrepareResourcesDependsOn)="
       C:\Program Files\dotnet\sdk\9.0.305\Sdks\Microsoft.NET.Sdk\targets\Microsoft.PackageDependencyResolution.targets(86,5): message :       ResolvePackageDependenciesForBuild;
       C:\Program Files\dotnet\sdk\9.0.305\Sdks\Microsoft.NET.Sdk\targets\Microsoft.PackageDependencyResolution.targets(86,5): message :       _HandlePackageFileConflicts;
       C:\Program Files\dotnet\sdk\9.0.305\Sdks\Microsoft.NET.Sdk\targets\Microsoft.PackageDependencyResolution.targets(86,5): message :       
       C:\Program Files\dotnet\sdk\9.0.305\Sdks\Microsoft.NET.Sdk\targets\Microsoft.PackageDependencyResolution.targets(86,5): message :       ;
       C:\Program Files\dotnet\sdk\9.0.305\Sdks\Microsoft.NET.Sdk\targets\Microsoft.PackageDependencyResolution.targets(86,5): message :       PrepareResourceNames;
       C:\Program Files\dotnet\sdk\9.0.305\Sdks\Microsoft.NET.Sdk\targets\Microsoft.PackageDependencyResolution.targets(86,5): message :       ResGen;
       C:\Program Files\dotnet\sdk\9.0.305\Sdks\Microsoft.NET.Sdk\targets\Microsoft.PackageDependencyResolution.targets(86,5): message :       CompileLicxFiles
       C:\Program Files\dotnet\sdk\9.0.305\Sdks\Microsoft.NET.Sdk\targets\Microsoft.PackageDependencyResolution.targets(86,5): message :     
       C:\Program Files\dotnet\sdk\9.0.305\Sdks\Microsoft.NET.Sdk\targets\Microsoft.PackageDependencyResolution.targets(86,5): message :     " (valor anterior: "
       C:\Program Files\dotnet\sdk\9.0.305\Sdks\Microsoft.NET.Sdk\targets\Microsoft.PackageDependencyResolution.targets(86,5): message :       ;
       C:\Program Files\dotnet\sdk\9.0.305\Sdks\Microsoft.NET.Sdk\targets\Microsoft.PackageDependencyResolution.targets(86,5): message :       PrepareResourceNames;
       C:\Program Files\dotnet\sdk\9.0.305\Sdks\Microsoft.NET.Sdk\targets\Microsoft.PackageDependencyResolution.targets(86,5): message :       ResGen;
       C:\Program Files\dotnet\sdk\9.0.305\Sdks\Microsoft.NET.Sdk\targets\Microsoft.PackageDependencyResolution.targets(86,5): message :       CompileLicxFiles
       C:\Program Files\dotnet\sdk\9.0.305\Sdks\Microsoft.NET.Sdk\targets\Microsoft.PackageDependencyResolution.targets(86,5): message :     ") en C:\Program Files\dotnet\sdk\9.0.305\Sdks\Microsoft.NET.Sdk\targets\Microsoft.PackageDependencyResolution.targets (86,5)
       C:\Program Files\dotnet\sdk\9.0.305\Sdks\Microsoft.NET.Sdk\targets\Microsoft.NET.Sdk.DefaultItems.targets(27,5): message : Reasignación de propiedad: $(DefaultItemExcludes)=";bin\Debug\/**;obj\Debug\/**;bin\/**" (valor anterior: ";bin\Debug\/**;obj\Debug\/**") en C:\Program Files\dotnet\sdk\9.0.305\Sdks\Microsoft.NET.Sdk\targets\Microsoft.NET.Sdk.DefaultItems.targets (27,5)
       C:\Program Files\dotnet\sdk\9.0.305\Sdks\Microsoft.NET.Sdk\targets\Microsoft.NET.Sdk.DefaultItems.targets(29,5): message : Reasignación de propiedad: $(DefaultItemExcludes)=";bin\Debug\/**;obj\Debug\/**;bin\/**;obj\/**" (valor anterior: ";bin\Debug\/**;obj\Debug\/**;bin\/**") en C:\Program Files\dotnet\sdk\9.0.305\Sdks\Microsoft.NET.Sdk\targets\Microsoft.NET.Sdk.DefaultItems.targets (29,5)
       C:\Program Files\dotnet\sdk\9.0.305\Sdks\Microsoft.NET.Sdk\targets\Microsoft.NET.Sdk.DefaultItems.targets(32,5): message : Reasignación de propiedad: $(DefaultItemExcludes)=";bin\Debug\/**;obj\Debug\/**;bin\/**;obj\/**;**/*.user" (valor anterior: ";bin\Debug\/**;obj\Debug\/**;bin\/**;obj\/**") en C:\Program Files\dotnet\sdk\9.0.305\Sdks\Microsoft.NET.Sdk\targets\Microsoft.NET.Sdk.DefaultItems.targets (32,5)
       C:\Program Files\dotnet\sdk\9.0.305\Sdks\Microsoft.NET.Sdk\targets\Microsoft.NET.Sdk.DefaultItems.targets(33,5): message : Reasignación de propiedad: $(DefaultItemExcludes)=";bin\Debug\/**;obj\Debug\/**;bin\/**;obj\/**;**/*.user;**/*.*proj" (valor anterior: ";bin\Debug\/**;obj\Debug\/**;bin\/**;obj\/**;**/*.user") en C:\Program Files\dotnet\sdk\9.0.305\Sdks\Microsoft.NET.Sdk\targets\Microsoft.NET.Sdk.DefaultItems.targets (33,5)
       C:\Program Files\dotnet\sdk\9.0.305\Sdks\Microsoft.NET.Sdk\targets\Microsoft.NET.Sdk.DefaultItems.targets(34,5): message : Reasignación de propiedad: $(DefaultItemExcludes)=";bin\Debug\/**;obj\Debug\/**;bin\/**;obj\/**;**/*.user;**/*.*proj;**/*.sln" (valor anterior: ";bin\Debug\/**;obj\Debug\/**;bin\/**;obj\/**;**/*.user;**/*.*proj") en C:\Program Files\dotnet\sdk\9.0.305\Sdks\Microsoft.NET.Sdk\targets\Microsoft.NET.Sdk.DefaultItems.targets (34,5)
       C:\Program Files\dotnet\sdk\9.0.305\Sdks\Microsoft.NET.Sdk\targets\Microsoft.NET.Sdk.DefaultItems.targets(35,5): message : Reasignación de propiedad: $(DefaultItemExcludes)=";bin\Debug\/**;obj\Debug\/**;bin\/**;obj\/**;**/*.user;**/*.*proj;**/*.sln;**/*.slnx" (valor anterior: ";bin\Debug\/**;obj\Debug\/**;bin\/**;obj\/**;**/*.user;**/*.*proj;**/*.sln") en C:\Program Files\dotnet\sdk\9.0.305\Sdks\Microsoft.NET.Sdk\targets\Microsoft.NET.Sdk.DefaultItems.targets (35,5)
       C:\Program Files\dotnet\sdk\9.0.305\Sdks\Microsoft.NET.Sdk\targets\Microsoft.NET.Sdk.DefaultItems.targets(36,5): message : Reasignación de propiedad: $(DefaultItemExcludes)=";bin\Debug\/**;obj\Debug\/**;bin\/**;obj\/**;**/*.user;**/*.*proj;**/*.sln;**/*.slnx;**/*.vssscc" (valor anterior: ";bin\Debug\/**;obj\Debug\/**;bin\/**;obj\/**;**/*.user;**/*.*proj;**/*.sln;**/*.slnx") en C:\Program Files\dotnet\sdk\9.0.305\Sdks\Microsoft.NET.Sdk\targets\Microsoft.NET.Sdk.DefaultItems.targets (36,5)
       C:\Program Files\dotnet\sdk\9.0.305\Sdks\Microsoft.NET.Sdk\targets\Microsoft.NET.Sdk.DefaultItems.targets(37,5): message : Reasignación de propiedad: $(DefaultItemExcludes)=";bin\Debug\/**;obj\Debug\/**;bin\/**;obj\/**;**/*.user;**/*.*proj;**/*.sln;**/*.slnx;**/*.vssscc;**/.DS_Store" (valor anterior: ";bin\Debug\/**;obj\Debug\/**;bin\/**;obj\/**;**/*.user;**/*.*proj;**/*.sln;**/*.slnx;**/*.vssscc") en C:\Program Files\dotnet\sdk\9.0.305\Sdks\Microsoft.NET.Sdk\targets\Microsoft.NET.Sdk.DefaultItems.targets (37,5)
       C:\Program Files\dotnet\sdk\9.0.305\Sdks\Microsoft.NET.Sdk\targets\Microsoft.NET.Sdk.FrameworkReferenceResolution.targets(14,5): message : Reasignación de propiedad: $(ResolveAssemblyReferencesDependsOn)="
       C:\Program Files\dotnet\sdk\9.0.305\Sdks\Microsoft.NET.Sdk\targets\Microsoft.NET.Sdk.FrameworkReferenceResolution.targets(14,5): message :       
       C:\Program Files\dotnet\sdk\9.0.305\Sdks\Microsoft.NET.Sdk\targets\Microsoft.NET.Sdk.FrameworkReferenceResolution.targets(14,5): message :       
       C:\Program Files\dotnet\sdk\9.0.305\Sdks\Microsoft.NET.Sdk\targets\Microsoft.NET.Sdk.FrameworkReferenceResolution.targets(14,5): message :       ResolveProjectReferences;
       C:\Program Files\dotnet\sdk\9.0.305\Sdks\Microsoft.NET.Sdk\targets\Microsoft.NET.Sdk.FrameworkReferenceResolution.targets(14,5): message :       FindInvalidProjectReferences;
       C:\Program Files\dotnet\sdk\9.0.305\Sdks\Microsoft.NET.Sdk\targets\Microsoft.NET.Sdk.FrameworkReferenceResolution.targets(14,5): message :       GetFrameworkPaths;
       C:\Program Files\dotnet\sdk\9.0.305\Sdks\Microsoft.NET.Sdk\targets\Microsoft.NET.Sdk.FrameworkReferenceResolution.targets(14,5): message :       GetReferenceAssemblyPaths;
       C:\Program Files\dotnet\sdk\9.0.305\Sdks\Microsoft.NET.Sdk\targets\Microsoft.NET.Sdk.FrameworkReferenceResolution.targets(14,5): message :       PrepareForBuild;
       C:\Program Files\dotnet\sdk\9.0.305\Sdks\Microsoft.NET.Sdk\targets\Microsoft.NET.Sdk.FrameworkReferenceResolution.targets(14,5): message :       ResolveSDKReferences;
       C:\Program Files\dotnet\sdk\9.0.305\Sdks\Microsoft.NET.Sdk\targets\Microsoft.NET.Sdk.FrameworkReferenceResolution.targets(14,5): message :       ExpandSDKReferences;
       C:\Program Files\dotnet\sdk\9.0.305\Sdks\Microsoft.NET.Sdk\targets\Microsoft.NET.Sdk.FrameworkReferenceResolution.targets(14,5): message :     ;
       C:\Program Files\dotnet\sdk\9.0.305\Sdks\Microsoft.NET.Sdk\targets\Microsoft.NET.Sdk.FrameworkReferenceResolution.targets(14,5): message :       ResolvePackageDependenciesForBuild;
       C:\Program Files\dotnet\sdk\9.0.305\Sdks\Microsoft.NET.Sdk\targets\Microsoft.NET.Sdk.FrameworkReferenceResolution.targets(14,5): message :       _HandlePackageFileConflicts;
       C:\Program Files\dotnet\sdk\9.0.305\Sdks\Microsoft.NET.Sdk\targets\Microsoft.NET.Sdk.FrameworkReferenceResolution.targets(14,5): message :     ;
       C:\Program Files\dotnet\sdk\9.0.305\Sdks\Microsoft.NET.Sdk\targets\Microsoft.NET.Sdk.FrameworkReferenceResolution.targets(14,5): message :       ResolveTargetingPackAssets;
       C:\Program Files\dotnet\sdk\9.0.305\Sdks\Microsoft.NET.Sdk\targets\Microsoft.NET.Sdk.FrameworkReferenceResolution.targets(14,5): message :     " (valor anterior: "
       C:\Program Files\dotnet\sdk\9.0.305\Sdks\Microsoft.NET.Sdk\targets\Microsoft.NET.Sdk.FrameworkReferenceResolution.targets(14,5): message :       
       C:\Program Files\dotnet\sdk\9.0.305\Sdks\Microsoft.NET.Sdk\targets\Microsoft.NET.Sdk.FrameworkReferenceResolution.targets(14,5): message :       ResolveProjectReferences;
       C:\Program Files\dotnet\sdk\9.0.305\Sdks\Microsoft.NET.Sdk\targets\Microsoft.NET.Sdk.FrameworkReferenceResolution.targets(14,5): message :       FindInvalidProjectReferences;
       C:\Program Files\dotnet\sdk\9.0.305\Sdks\Microsoft.NET.Sdk\targets\Microsoft.NET.Sdk.FrameworkReferenceResolution.targets(14,5): message :       GetFrameworkPaths;
       C:\Program Files\dotnet\sdk\9.0.305\Sdks\Microsoft.NET.Sdk\targets\Microsoft.NET.Sdk.FrameworkReferenceResolution.targets(14,5): message :       GetReferenceAssemblyPaths;
       C:\Program Files\dotnet\sdk\9.0.305\Sdks\Microsoft.NET.Sdk\targets\Microsoft.NET.Sdk.FrameworkReferenceResolution.targets(14,5): message :       PrepareForBuild;
       C:\Program Files\dotnet\sdk\9.0.305\Sdks\Microsoft.NET.Sdk\targets\Microsoft.NET.Sdk.FrameworkReferenceResolution.targets(14,5): message :       ResolveSDKReferences;
       C:\Program Files\dotnet\sdk\9.0.305\Sdks\Microsoft.NET.Sdk\targets\Microsoft.NET.Sdk.FrameworkReferenceResolution.targets(14,5): message :       ExpandSDKReferences;
       C:\Program Files\dotnet\sdk\9.0.305\Sdks\Microsoft.NET.Sdk\targets\Microsoft.NET.Sdk.FrameworkReferenceResolution.targets(14,5): message :     ;
       C:\Program Files\dotnet\sdk\9.0.305\Sdks\Microsoft.NET.Sdk\targets\Microsoft.NET.Sdk.FrameworkReferenceResolution.targets(14,5): message :       ResolvePackageDependenciesForBuild;
       C:\Program Files\dotnet\sdk\9.0.305\Sdks\Microsoft.NET.Sdk\targets\Microsoft.NET.Sdk.FrameworkReferenceResolution.targets(14,5): message :       _HandlePackageFileConflicts;
       C:\Program Files\dotnet\sdk\9.0.305\Sdks\Microsoft.NET.Sdk\targets\Microsoft.NET.Sdk.FrameworkReferenceResolution.targets(14,5): message :     ") en C:\Program Files\dotnet\sdk\9.0.305\Sdks\Microsoft.NET.Sdk\targets\Microsoft.NET.Sdk.FrameworkReferenceResolution.targets (14,5)
       C:\Program Files\dotnet\sdk\9.0.305\Sdks\Microsoft.NET.Sdk\targets\Microsoft.NET.Sdk.targets(44,5): message : Reasignación de propiedad: $(_GenerateRuntimeConfigurationPropertyInputsCache)="D:\GitHub\Grado\DAM\2DAM\C Sharp\Creacion Componente\RA3_RelojDigital\MisComponentesLib\obj\Debug\net472\MisComponentesLib.genruntimeconfig.cache" (valor anterior: "obj\Debug\net472\MisComponentesLib.genruntimeconfig.cache") en C:\Program Files\dotnet\sdk\9.0.305\Sdks\Microsoft.NET.Sdk\targets\Microsoft.NET.Sdk.targets (44,5)
       C:\Program Files\dotnet\sdk\9.0.305\Sdks\Microsoft.NET.Sdk\targets\Microsoft.NET.Sdk.targets(46,5): message : Reasignación de propiedad: $(_GeneratePublishDependencyFilePropertyInputsCache)="D:\GitHub\Grado\DAM\2DAM\C Sharp\Creacion Componente\RA3_RelojDigital\MisComponentesLib\obj\Debug\net472\MisComponentesLib.genpublishdeps.cache" (valor anterior: "obj\Debug\net472\MisComponentesLib.genpublishdeps.cache") en C:\Program Files\dotnet\sdk\9.0.305\Sdks\Microsoft.NET.Sdk\targets\Microsoft.NET.Sdk.targets (46,5)
       C:\Program Files\dotnet\sdk\9.0.305\Sdks\Microsoft.NET.Sdk\targets\Microsoft.NET.Sdk.targets(48,5): message : Reasignación de propiedad: $(_GenerateSingleFileBundlePropertyInputsCache)="D:\GitHub\Grado\DAM\2DAM\C Sharp\Creacion Componente\RA3_RelojDigital\MisComponentesLib\obj\Debug\net472\MisComponentesLib.genbundle.cache" (valor anterior: "obj\Debug\net472\MisComponentesLib.genbundle.cache") en C:\Program Files\dotnet\sdk\9.0.305\Sdks\Microsoft.NET.Sdk\targets\Microsoft.NET.Sdk.targets (48,5)
       C:\Program Files\dotnet\sdk\9.0.305\Sdks\Microsoft.NET.Sdk\targets\Microsoft.NET.Sdk.targets(97,5): message : Reasignación de propiedad: $(_DefaultUserProfileRuntimeStorePath)="C:\Users\danielgarbru" (valor anterior: "") en C:\Program Files\dotnet\sdk\9.0.305\Sdks\Microsoft.NET.Sdk\targets\Microsoft.NET.Sdk.targets (97,5)
       C:\Program Files\dotnet\sdk\9.0.305\Sdks\Microsoft.NET.Sdk\targets\Microsoft.NET.Sdk.targets(98,5): message : Reasignación de propiedad: $(_DefaultUserProfileRuntimeStorePath)="C:\Users\danielgarbru\.dotnet\store" (valor anterior: "C:\Users\danielgarbru") en C:\Program Files\dotnet\sdk\9.0.305\Sdks\Microsoft.NET.Sdk\targets\Microsoft.NET.Sdk.targets (98,5)
       C:\Program Files\dotnet\sdk\9.0.305\Sdks\Microsoft.NET.Sdk\targets\Microsoft.NET.Sdk.targets(201,5): message : Reasignación de propiedad: $(CoreBuildDependsOn)="
       C:\Program Files\dotnet\sdk\9.0.305\Sdks\Microsoft.NET.Sdk\targets\Microsoft.NET.Sdk.targets(201,5): message :       _CheckForBuildWithNoBuild;
       C:\Program Files\dotnet\sdk\9.0.305\Sdks\Microsoft.NET.Sdk\targets\Microsoft.NET.Sdk.targets(201,5): message :       
       C:\Program Files\dotnet\sdk\9.0.305\Sdks\Microsoft.NET.Sdk\targets\Microsoft.NET.Sdk.targets(201,5): message :       BuildOnlySettings;
       C:\Program Files\dotnet\sdk\9.0.305\Sdks\Microsoft.NET.Sdk\targets\Microsoft.NET.Sdk.targets(201,5): message :       PrepareForBuild;
       C:\Program Files\dotnet\sdk\9.0.305\Sdks\Microsoft.NET.Sdk\targets\Microsoft.NET.Sdk.targets(201,5): message :       PreBuildEvent;
       C:\Program Files\dotnet\sdk\9.0.305\Sdks\Microsoft.NET.Sdk\targets\Microsoft.NET.Sdk.targets(201,5): message :       ResolveReferences;
       C:\Program Files\dotnet\sdk\9.0.305\Sdks\Microsoft.NET.Sdk\targets\Microsoft.NET.Sdk.targets(201,5): message :       PrepareResources;
       C:\Program Files\dotnet\sdk\9.0.305\Sdks\Microsoft.NET.Sdk\targets\Microsoft.NET.Sdk.targets(201,5): message :       ResolveKeySource;
       C:\Program Files\dotnet\sdk\9.0.305\Sdks\Microsoft.NET.Sdk\targets\Microsoft.NET.Sdk.targets(201,5): message :       Compile;
       C:\Program Files\dotnet\sdk\9.0.305\Sdks\Microsoft.NET.Sdk\targets\Microsoft.NET.Sdk.targets(201,5): message :       ExportWindowsMDFile;
       C:\Program Files\dotnet\sdk\9.0.305\Sdks\Microsoft.NET.Sdk\targets\Microsoft.NET.Sdk.targets(201,5): message :       UnmanagedUnregistration;
       C:\Program Files\dotnet\sdk\9.0.305\Sdks\Microsoft.NET.Sdk\targets\Microsoft.NET.Sdk.targets(201,5): message :       GenerateSerializationAssemblies;
       C:\Program Files\dotnet\sdk\9.0.305\Sdks\Microsoft.NET.Sdk\targets\Microsoft.NET.Sdk.targets(201,5): message :       CreateSatelliteAssemblies;
       C:\Program Files\dotnet\sdk\9.0.305\Sdks\Microsoft.NET.Sdk\targets\Microsoft.NET.Sdk.targets(201,5): message :       GenerateManifests;
       C:\Program Files\dotnet\sdk\9.0.305\Sdks\Microsoft.NET.Sdk\targets\Microsoft.NET.Sdk.targets(201,5): message :       GetTargetPath;
       C:\Program Files\dotnet\sdk\9.0.305\Sdks\Microsoft.NET.Sdk\targets\Microsoft.NET.Sdk.targets(201,5): message :       PrepareForRun;
       C:\Program Files\dotnet\sdk\9.0.305\Sdks\Microsoft.NET.Sdk\targets\Microsoft.NET.Sdk.targets(201,5): message :       UnmanagedRegistration;
       C:\Program Files\dotnet\sdk\9.0.305\Sdks\Microsoft.NET.Sdk\targets\Microsoft.NET.Sdk.targets(201,5): message :       IncrementalClean;
       C:\Program Files\dotnet\sdk\9.0.305\Sdks\Microsoft.NET.Sdk\targets\Microsoft.NET.Sdk.targets(201,5): message :       PostBuildEvent
       C:\Program Files\dotnet\sdk\9.0.305\Sdks\Microsoft.NET.Sdk\targets\Microsoft.NET.Sdk.targets(201,5): message :     ;
       C:\Program Files\dotnet\sdk\9.0.305\Sdks\Microsoft.NET.Sdk\targets\Microsoft.NET.Sdk.targets(201,5): message :       GenerateBuildDependencyFile;
       C:\Program Files\dotnet\sdk\9.0.305\Sdks\Microsoft.NET.Sdk\targets\Microsoft.NET.Sdk.targets(201,5): message :       GenerateBuildRuntimeConfigurationFiles
       C:\Program Files\dotnet\sdk\9.0.305\Sdks\Microsoft.NET.Sdk\targets\Microsoft.NET.Sdk.targets(201,5): message :     " (valor anterior: "
       C:\Program Files\dotnet\sdk\9.0.305\Sdks\Microsoft.NET.Sdk\targets\Microsoft.NET.Sdk.targets(201,5): message :       BuildOnlySettings;
       C:\Program Files\dotnet\sdk\9.0.305\Sdks\Microsoft.NET.Sdk\targets\Microsoft.NET.Sdk.targets(201,5): message :       PrepareForBuild;
       C:\Program Files\dotnet\sdk\9.0.305\Sdks\Microsoft.NET.Sdk\targets\Microsoft.NET.Sdk.targets(201,5): message :       PreBuildEvent;
       C:\Program Files\dotnet\sdk\9.0.305\Sdks\Microsoft.NET.Sdk\targets\Microsoft.NET.Sdk.targets(201,5): message :       ResolveReferences;
       C:\Program Files\dotnet\sdk\9.0.305\Sdks\Microsoft.NET.Sdk\targets\Microsoft.NET.Sdk.targets(201,5): message :       PrepareResources;
       C:\Program Files\dotnet\sdk\9.0.305\Sdks\Microsoft.NET.Sdk\targets\Microsoft.NET.Sdk.targets(201,5): message :       ResolveKeySource;
       C:\Program Files\dotnet\sdk\9.0.305\Sdks\Microsoft.NET.Sdk\targets\Microsoft.NET.Sdk.targets(201,5): message :       Compile;
       C:\Program Files\dotnet\sdk\9.0.305\Sdks\Microsoft.NET.Sdk\targets\Microsoft.NET.Sdk.targets(201,5): message :       ExportWindowsMDFile;
       C:\Program Files\dotnet\sdk\9.0.305\Sdks\Microsoft.NET.Sdk\targets\Microsoft.NET.Sdk.targets(201,5): message :       UnmanagedUnregistration;
       C:\Program Files\dotnet\sdk\9.0.305\Sdks\Microsoft.NET.Sdk\targets\Microsoft.NET.Sdk.targets(201,5): message :       GenerateSerializationAssemblies;
       C:\Program Files\dotnet\sdk\9.0.305\Sdks\Microsoft.NET.Sdk\targets\Microsoft.NET.Sdk.targets(201,5): message :       CreateSatelliteAssemblies;
       C:\Program Files\dotnet\sdk\9.0.305\Sdks\Microsoft.NET.Sdk\targets\Microsoft.NET.Sdk.targets(201,5): message :       GenerateManifests;
       C:\Program Files\dotnet\sdk\9.0.305\Sdks\Microsoft.NET.Sdk\targets\Microsoft.NET.Sdk.targets(201,5): message :       GetTargetPath;
       C:\Program Files\dotnet\sdk\9.0.305\Sdks\Microsoft.NET.Sdk\targets\Microsoft.NET.Sdk.targets(201,5): message :       PrepareForRun;
       C:\Program Files\dotnet\sdk\9.0.305\Sdks\Microsoft.NET.Sdk\targets\Microsoft.NET.Sdk.targets(201,5): message :       UnmanagedRegistration;
       C:\Program Files\dotnet\sdk\9.0.305\Sdks\Microsoft.NET.Sdk\targets\Microsoft.NET.Sdk.targets(201,5): message :       IncrementalClean;
       C:\Program Files\dotnet\sdk\9.0.305\Sdks\Microsoft.NET.Sdk\targets\Microsoft.NET.Sdk.targets(201,5): message :       PostBuildEvent
       C:\Program Files\dotnet\sdk\9.0.305\Sdks\Microsoft.NET.Sdk\targets\Microsoft.NET.Sdk.targets(201,5): message :     ") en C:\Program Files\dotnet\sdk\9.0.305\Sdks\Microsoft.NET.Sdk\targets\Microsoft.NET.Sdk.targets (201,5)
       C:\Program Files\dotnet\sdk\9.0.305\Sdks\Microsoft.NET.Sdk\targets\Microsoft.NET.Sdk.targets(210,5): message : Reasignación de propiedad: $(CoreCleanDependsOn)="
       C:\Program Files\dotnet\sdk\9.0.305\Sdks\Microsoft.NET.Sdk\targets\Microsoft.NET.Sdk.targets(210,5): message :       _SdkBeforeClean;
       C:\Program Files\dotnet\sdk\9.0.305\Sdks\Microsoft.NET.Sdk\targets\Microsoft.NET.Sdk.targets(210,5): message :       
       C:\Program Files\dotnet\sdk\9.0.305\Sdks\Microsoft.NET.Sdk\targets\Microsoft.NET.Sdk.targets(210,5): message :     " (valor anterior: "") en C:\Program Files\dotnet\sdk\9.0.305\Sdks\Microsoft.NET.Sdk\targets\Microsoft.NET.Sdk.targets (210,5)
       C:\Program Files\dotnet\sdk\9.0.305\Sdks\Microsoft.NET.Sdk\targets\Microsoft.NET.Sdk.targets(217,5): message : Reasignación de propiedad: $(RebuildDependsOn)="
       C:\Program Files\dotnet\sdk\9.0.305\Sdks\Microsoft.NET.Sdk\targets\Microsoft.NET.Sdk.targets(217,5): message :       _SdkBeforeRebuild;
       C:\Program Files\dotnet\sdk\9.0.305\Sdks\Microsoft.NET.Sdk\targets\Microsoft.NET.Sdk.targets(217,5): message :       
       C:\Program Files\dotnet\sdk\9.0.305\Sdks\Microsoft.NET.Sdk\targets\Microsoft.NET.Sdk.targets(217,5): message :       BeforeRebuild;
       C:\Program Files\dotnet\sdk\9.0.305\Sdks\Microsoft.NET.Sdk\targets\Microsoft.NET.Sdk.targets(217,5): message :       Clean;
       C:\Program Files\dotnet\sdk\9.0.305\Sdks\Microsoft.NET.Sdk\targets\Microsoft.NET.Sdk.targets(217,5): message :       Build;
       C:\Program Files\dotnet\sdk\9.0.305\Sdks\Microsoft.NET.Sdk\targets\Microsoft.NET.Sdk.targets(217,5): message :       AfterRebuild;
       C:\Program Files\dotnet\sdk\9.0.305\Sdks\Microsoft.NET.Sdk\targets\Microsoft.NET.Sdk.targets(217,5): message :     
       C:\Program Files\dotnet\sdk\9.0.305\Sdks\Microsoft.NET.Sdk\targets\Microsoft.NET.Sdk.targets(217,5): message :     " (valor anterior: "
       C:\Program Files\dotnet\sdk\9.0.305\Sdks\Microsoft.NET.Sdk\targets\Microsoft.NET.Sdk.targets(217,5): message :       BeforeRebuild;
       C:\Program Files\dotnet\sdk\9.0.305\Sdks\Microsoft.NET.Sdk\targets\Microsoft.NET.Sdk.targets(217,5): message :       Clean;
       C:\Program Files\dotnet\sdk\9.0.305\Sdks\Microsoft.NET.Sdk\targets\Microsoft.NET.Sdk.targets(217,5): message :       Build;
       C:\Program Files\dotnet\sdk\9.0.305\Sdks\Microsoft.NET.Sdk\targets\Microsoft.NET.Sdk.targets(217,5): message :       AfterRebuild;
       C:\Program Files\dotnet\sdk\9.0.305\Sdks\Microsoft.NET.Sdk\targets\Microsoft.NET.Sdk.targets(217,5): message :     ") en C:\Program Files\dotnet\sdk\9.0.305\Sdks\Microsoft.NET.Sdk\targets\Microsoft.NET.Sdk.targets (217,5)
       C:\Program Files\dotnet\sdk\9.0.305\Sdks\Microsoft.NET.Sdk\targets\Microsoft.NET.Sdk.targets(784,5): message : Reasignación de propiedad: $(CompileDependsOn)="
       C:\Program Files\dotnet\sdk\9.0.305\Sdks\Microsoft.NET.Sdk\targets\Microsoft.NET.Sdk.targets(784,5): message :       
       C:\Program Files\dotnet\sdk\9.0.305\Sdks\Microsoft.NET.Sdk\targets\Microsoft.NET.Sdk.targets(784,5): message :       ResolveReferences;
       C:\Program Files\dotnet\sdk\9.0.305\Sdks\Microsoft.NET.Sdk\targets\Microsoft.NET.Sdk.targets(784,5): message :       ResolveKeySource;
       C:\Program Files\dotnet\sdk\9.0.305\Sdks\Microsoft.NET.Sdk\targets\Microsoft.NET.Sdk.targets(784,5): message :       SetWin32ManifestProperties;
       C:\Program Files\dotnet\sdk\9.0.305\Sdks\Microsoft.NET.Sdk\targets\Microsoft.NET.Sdk.targets(784,5): message :       _SetPreferNativeArm64Win32ManifestProperties;
       C:\Program Files\dotnet\sdk\9.0.305\Sdks\Microsoft.NET.Sdk\targets\Microsoft.NET.Sdk.targets(784,5): message :       FindReferenceAssembliesForReferences;
       C:\Program Files\dotnet\sdk\9.0.305\Sdks\Microsoft.NET.Sdk\targets\Microsoft.NET.Sdk.targets(784,5): message :       _GenerateCompileInputs;
       C:\Program Files\dotnet\sdk\9.0.305\Sdks\Microsoft.NET.Sdk\targets\Microsoft.NET.Sdk.targets(784,5): message :       BeforeCompile;
       C:\Program Files\dotnet\sdk\9.0.305\Sdks\Microsoft.NET.Sdk\targets\Microsoft.NET.Sdk.targets(784,5): message :       _TimeStampBeforeCompile;
       C:\Program Files\dotnet\sdk\9.0.305\Sdks\Microsoft.NET.Sdk\targets\Microsoft.NET.Sdk.targets(784,5): message :       _GenerateCompileDependencyCache;
       C:\Program Files\dotnet\sdk\9.0.305\Sdks\Microsoft.NET.Sdk\targets\Microsoft.NET.Sdk.targets(784,5): message :       CoreCompile;
       C:\Program Files\dotnet\sdk\9.0.305\Sdks\Microsoft.NET.Sdk\targets\Microsoft.NET.Sdk.targets(784,5): message :       _TimeStampAfterCompile;
       C:\Program Files\dotnet\sdk\9.0.305\Sdks\Microsoft.NET.Sdk\targets\Microsoft.NET.Sdk.targets(784,5): message :       AfterCompile;
       C:\Program Files\dotnet\sdk\9.0.305\Sdks\Microsoft.NET.Sdk\targets\Microsoft.NET.Sdk.targets(784,5): message :     ;
       C:\Program Files\dotnet\sdk\9.0.305\Sdks\Microsoft.NET.Sdk\targets\Microsoft.NET.Sdk.targets(784,5): message :       _CreateAppHost;
       C:\Program Files\dotnet\sdk\9.0.305\Sdks\Microsoft.NET.Sdk\targets\Microsoft.NET.Sdk.targets(784,5): message :       _CreateComHost;
       C:\Program Files\dotnet\sdk\9.0.305\Sdks\Microsoft.NET.Sdk\targets\Microsoft.NET.Sdk.targets(784,5): message :       _GetIjwHostPaths;
       C:\Program Files\dotnet\sdk\9.0.305\Sdks\Microsoft.NET.Sdk\targets\Microsoft.NET.Sdk.targets(784,5): message :     " (valor anterior: "
       C:\Program Files\dotnet\sdk\9.0.305\Sdks\Microsoft.NET.Sdk\targets\Microsoft.NET.Sdk.targets(784,5): message :       ResolveReferences;
       C:\Program Files\dotnet\sdk\9.0.305\Sdks\Microsoft.NET.Sdk\targets\Microsoft.NET.Sdk.targets(784,5): message :       ResolveKeySource;
       C:\Program Files\dotnet\sdk\9.0.305\Sdks\Microsoft.NET.Sdk\targets\Microsoft.NET.Sdk.targets(784,5): message :       SetWin32ManifestProperties;
       C:\Program Files\dotnet\sdk\9.0.305\Sdks\Microsoft.NET.Sdk\targets\Microsoft.NET.Sdk.targets(784,5): message :       _SetPreferNativeArm64Win32ManifestProperties;
       C:\Program Files\dotnet\sdk\9.0.305\Sdks\Microsoft.NET.Sdk\targets\Microsoft.NET.Sdk.targets(784,5): message :       FindReferenceAssembliesForReferences;
       C:\Program Files\dotnet\sdk\9.0.305\Sdks\Microsoft.NET.Sdk\targets\Microsoft.NET.Sdk.targets(784,5): message :       _GenerateCompileInputs;
       C:\Program Files\dotnet\sdk\9.0.305\Sdks\Microsoft.NET.Sdk\targets\Microsoft.NET.Sdk.targets(784,5): message :       BeforeCompile;
       C:\Program Files\dotnet\sdk\9.0.305\Sdks\Microsoft.NET.Sdk\targets\Microsoft.NET.Sdk.targets(784,5): message :       _TimeStampBeforeCompile;
       C:\Program Files\dotnet\sdk\9.0.305\Sdks\Microsoft.NET.Sdk\targets\Microsoft.NET.Sdk.targets(784,5): message :       _GenerateCompileDependencyCache;
       C:\Program Files\dotnet\sdk\9.0.305\Sdks\Microsoft.NET.Sdk\targets\Microsoft.NET.Sdk.targets(784,5): message :       CoreCompile;
       C:\Program Files\dotnet\sdk\9.0.305\Sdks\Microsoft.NET.Sdk\targets\Microsoft.NET.Sdk.targets(784,5): message :       _TimeStampAfterCompile;
       C:\Program Files\dotnet\sdk\9.0.305\Sdks\Microsoft.NET.Sdk\targets\Microsoft.NET.Sdk.targets(784,5): message :       AfterCompile;
       C:\Program Files\dotnet\sdk\9.0.305\Sdks\Microsoft.NET.Sdk\targets\Microsoft.NET.Sdk.targets(784,5): message :     ") en C:\Program Files\dotnet\sdk\9.0.305\Sdks\Microsoft.NET.Sdk\targets\Microsoft.NET.Sdk.targets (784,5)
       C:\Program Files\dotnet\sdk\9.0.305\Sdks\Microsoft.NET.Sdk\targets\Microsoft.NET.Sdk.targets(1184,5): message : Reasignación de propiedad: $(CreateSatelliteAssembliesDependsOn)="
       C:\Program Files\dotnet\sdk\9.0.305\Sdks\Microsoft.NET.Sdk\targets\Microsoft.NET.Sdk.targets(1184,5): message :       
       C:\Program Files\dotnet\sdk\9.0.305\Sdks\Microsoft.NET.Sdk\targets\Microsoft.NET.Sdk.targets(1184,5): message :       ;
       C:\Program Files\dotnet\sdk\9.0.305\Sdks\Microsoft.NET.Sdk\targets\Microsoft.NET.Sdk.targets(1184,5): message :       _GenerateSatelliteAssemblyInputs;
       C:\Program Files\dotnet\sdk\9.0.305\Sdks\Microsoft.NET.Sdk\targets\Microsoft.NET.Sdk.targets(1184,5): message :       ComputeIntermediateSatelliteAssemblies;
       C:\Program Files\dotnet\sdk\9.0.305\Sdks\Microsoft.NET.Sdk\targets\Microsoft.NET.Sdk.targets(1184,5): message :       GenerateSatelliteAssemblies
       C:\Program Files\dotnet\sdk\9.0.305\Sdks\Microsoft.NET.Sdk\targets\Microsoft.NET.Sdk.targets(1184,5): message :     ;
       C:\Program Files\dotnet\sdk\9.0.305\Sdks\Microsoft.NET.Sdk\targets\Microsoft.NET.Sdk.targets(1184,5): message :       CoreGenerateSatelliteAssemblies
       C:\Program Files\dotnet\sdk\9.0.305\Sdks\Microsoft.NET.Sdk\targets\Microsoft.NET.Sdk.targets(1184,5): message :     " (valor anterior: "
       C:\Program Files\dotnet\sdk\9.0.305\Sdks\Microsoft.NET.Sdk\targets\Microsoft.NET.Sdk.targets(1184,5): message :       ;
       C:\Program Files\dotnet\sdk\9.0.305\Sdks\Microsoft.NET.Sdk\targets\Microsoft.NET.Sdk.targets(1184,5): message :       _GenerateSatelliteAssemblyInputs;
       C:\Program Files\dotnet\sdk\9.0.305\Sdks\Microsoft.NET.Sdk\targets\Microsoft.NET.Sdk.targets(1184,5): message :       ComputeIntermediateSatelliteAssemblies;
       C:\Program Files\dotnet\sdk\9.0.305\Sdks\Microsoft.NET.Sdk\targets\Microsoft.NET.Sdk.targets(1184,5): message :       GenerateSatelliteAssemblies
       C:\Program Files\dotnet\sdk\9.0.305\Sdks\Microsoft.NET.Sdk\targets\Microsoft.NET.Sdk.targets(1184,5): message :     ") en C:\Program Files\dotnet\sdk\9.0.305\Sdks\Microsoft.NET.Sdk\targets\Microsoft.NET.Sdk.targets (1184,5)
       C:\Program Files\dotnet\sdk\9.0.305\Sdks\Microsoft.SourceLink.GitLab\build\Microsoft.SourceLink.GitLab.targets(12,5): message : Reasignación de propiedad: $(SourceLinkUrlInitializerTargets)=";_InitializeGitHubSourceLinkUrl;_InitializeGitLabSourceLinkUrl" (valor anterior: ";_InitializeGitHubSourceLinkUrl") en C:\Program Files\dotnet\sdk\9.0.305\Sdks\Microsoft.SourceLink.GitLab\build\Microsoft.SourceLink.GitLab.targets (12,5)
       C:\Program Files\dotnet\sdk\9.0.305\Sdks\Microsoft.SourceLink.GitLab\build\Microsoft.SourceLink.GitLab.targets(13,5): message : Reasignación de propiedad: $(SourceControlManagerUrlTranslationTargets)=";TranslateGitHubUrlsInSourceControlInformation;TranslateGitLabUrlsInSourceControlInformation" (valor anterior: ";TranslateGitHubUrlsInSourceControlInformation") en C:\Program Files\dotnet\sdk\9.0.305\Sdks\Microsoft.SourceLink.GitLab\build\Microsoft.SourceLink.GitLab.targets (13,5)
       C:\Program Files\dotnet\sdk\9.0.305\Sdks\Microsoft.SourceLink.AzureRepos.Git\build\Microsoft.SourceLink.AzureRepos.Git.targets(12,5): message : Reasignación de propiedad: $(SourceLinkUrlInitializerTargets)=";_InitializeGitHubSourceLinkUrl;_InitializeGitLabSourceLinkUrl;_InitializeAzureReposGitSourceLinkUrl" (valor anterior: ";_InitializeGitHubSourceLinkUrl;_InitializeGitLabSourceLinkUrl") en C:\Program Files\dotnet\sdk\9.0.305\Sdks\Microsoft.SourceLink.AzureRepos.Git\build\Microsoft.SourceLink.AzureRepos.Git.targets (12,5)
       C:\Program Files\dotnet\sdk\9.0.305\Sdks\Microsoft.SourceLink.AzureRepos.Git\build\Microsoft.SourceLink.AzureRepos.Git.targets(13,5): message : Reasignación de propiedad: $(SourceControlManagerUrlTranslationTargets)=";TranslateGitHubUrlsInSourceControlInformation;TranslateGitLabUrlsInSourceControlInformation;TranslateAzureReposGitUrlsInSourceControlInformation" (valor anterior: ";TranslateGitHubUrlsInSourceControlInformation;TranslateGitLabUrlsInSourceControlInformation") en C:\Program Files\dotnet\sdk\9.0.305\Sdks\Microsoft.SourceLink.AzureRepos.Git\build\Microsoft.SourceLink.AzureRepos.Git.targets (13,5)
       C:\Program Files\dotnet\sdk\9.0.305\Sdks\Microsoft.SourceLink.Bitbucket.Git\build\Microsoft.SourceLink.Bitbucket.Git.targets(12,5): message : Reasignación de propiedad: $(SourceLinkUrlInitializerTargets)=";_InitializeGitHubSourceLinkUrl;_InitializeGitLabSourceLinkUrl;_InitializeAzureReposGitSourceLinkUrl;_InitializeBitbucketGitSourceLinkUrl" (valor anterior: ";_InitializeGitHubSourceLinkUrl;_InitializeGitLabSourceLinkUrl;_InitializeAzureReposGitSourceLinkUrl") en C:\Program Files\dotnet\sdk\9.0.305\Sdks\Microsoft.SourceLink.Bitbucket.Git\build\Microsoft.SourceLink.Bitbucket.Git.targets (12,5)
       C:\Program Files\dotnet\sdk\9.0.305\Sdks\Microsoft.SourceLink.Bitbucket.Git\build\Microsoft.SourceLink.Bitbucket.Git.targets(13,5): message : Reasignación de propiedad: $(SourceControlManagerUrlTranslationTargets)=";TranslateGitHubUrlsInSourceControlInformation;TranslateGitLabUrlsInSourceControlInformation;TranslateAzureReposGitUrlsInSourceControlInformation;TranslateBitbucketGitUrlsInSourceControlInformation" (valor anterior: ";TranslateGitHubUrlsInSourceControlInformation;TranslateGitLabUrlsInSourceControlInformation;TranslateAzureReposGitUrlsInSourceControlInformation") en C:\Program Files\dotnet\sdk\9.0.305\Sdks\Microsoft.SourceLink.Bitbucket.Git\build\Microsoft.SourceLink.Bitbucket.Git.targets (13,5)
       C:\Program Files\dotnet\sdk\9.0.305\Sdks\Microsoft.NET.Sdk\targets\Microsoft.NET.DesignerSupport.targets(21,5): message : Reasignación de propiedad: $(DesignerRuntimeImplementationProjectOutputGroupDependsOn)="
       C:\Program Files\dotnet\sdk\9.0.305\Sdks\Microsoft.NET.Sdk\targets\Microsoft.NET.DesignerSupport.targets(21,5): message :       
       C:\Program Files\dotnet\sdk\9.0.305\Sdks\Microsoft.NET.Sdk\targets\Microsoft.NET.DesignerSupport.targets(21,5): message :       ;
       C:\Program Files\dotnet\sdk\9.0.305\Sdks\Microsoft.NET.Sdk\targets\Microsoft.NET.DesignerSupport.targets(21,5): message :       
       C:\Program Files\dotnet\sdk\9.0.305\Sdks\Microsoft.NET.Sdk\targets\Microsoft.NET.DesignerSupport.targets(21,5): message :       ;
       C:\Program Files\dotnet\sdk\9.0.305\Sdks\Microsoft.NET.Sdk\targets\Microsoft.NET.DesignerSupport.targets(21,5): message :       BuildOnlySettings;
       C:\Program Files\dotnet\sdk\9.0.305\Sdks\Microsoft.NET.Sdk\targets\Microsoft.NET.DesignerSupport.targets(21,5): message :       PrepareForBuild;
       C:\Program Files\dotnet\sdk\9.0.305\Sdks\Microsoft.NET.Sdk\targets\Microsoft.NET.DesignerSupport.targets(21,5): message :       AssignTargetPaths;
       C:\Program Files\dotnet\sdk\9.0.305\Sdks\Microsoft.NET.Sdk\targets\Microsoft.NET.DesignerSupport.targets(21,5): message :       ResolveReferences
       C:\Program Files\dotnet\sdk\9.0.305\Sdks\Microsoft.NET.Sdk\targets\Microsoft.NET.DesignerSupport.targets(21,5): message :     
       C:\Program Files\dotnet\sdk\9.0.305\Sdks\Microsoft.NET.Sdk\targets\Microsoft.NET.DesignerSupport.targets(21,5): message :     ;
       C:\Program Files\dotnet\sdk\9.0.305\Sdks\Microsoft.NET.Sdk\targets\Microsoft.NET.DesignerSupport.targets(21,5): message :       _GenerateDesignerDepsFile;
       C:\Program Files\dotnet\sdk\9.0.305\Sdks\Microsoft.NET.Sdk\targets\Microsoft.NET.DesignerSupport.targets(21,5): message :       _GenerateDesignerRuntimeConfigFile;
       C:\Program Files\dotnet\sdk\9.0.305\Sdks\Microsoft.NET.Sdk\targets\Microsoft.NET.DesignerSupport.targets(21,5): message :       GetCopyToOutputDirectoryItems;
       C:\Program Files\dotnet\sdk\9.0.305\Sdks\Microsoft.NET.Sdk\targets\Microsoft.NET.DesignerSupport.targets(21,5): message :       _GatherDesignerShadowCopyFiles;
       C:\Program Files\dotnet\sdk\9.0.305\Sdks\Microsoft.NET.Sdk\targets\Microsoft.NET.DesignerSupport.targets(21,5): message :     " (valor anterior: "
       C:\Program Files\dotnet\sdk\9.0.305\Sdks\Microsoft.NET.Sdk\targets\Microsoft.NET.DesignerSupport.targets(21,5): message :       ;
       C:\Program Files\dotnet\sdk\9.0.305\Sdks\Microsoft.NET.Sdk\targets\Microsoft.NET.DesignerSupport.targets(21,5): message :       
       C:\Program Files\dotnet\sdk\9.0.305\Sdks\Microsoft.NET.Sdk\targets\Microsoft.NET.DesignerSupport.targets(21,5): message :       ;
       C:\Program Files\dotnet\sdk\9.0.305\Sdks\Microsoft.NET.Sdk\targets\Microsoft.NET.DesignerSupport.targets(21,5): message :       BuildOnlySettings;
       C:\Program Files\dotnet\sdk\9.0.305\Sdks\Microsoft.NET.Sdk\targets\Microsoft.NET.DesignerSupport.targets(21,5): message :       PrepareForBuild;
       C:\Program Files\dotnet\sdk\9.0.305\Sdks\Microsoft.NET.Sdk\targets\Microsoft.NET.DesignerSupport.targets(21,5): message :       AssignTargetPaths;
       C:\Program Files\dotnet\sdk\9.0.305\Sdks\Microsoft.NET.Sdk\targets\Microsoft.NET.DesignerSupport.targets(21,5): message :       ResolveReferences
       C:\Program Files\dotnet\sdk\9.0.305\Sdks\Microsoft.NET.Sdk\targets\Microsoft.NET.DesignerSupport.targets(21,5): message :     
       C:\Program Files\dotnet\sdk\9.0.305\Sdks\Microsoft.NET.Sdk\targets\Microsoft.NET.DesignerSupport.targets(21,5): message :     ") en C:\Program Files\dotnet\sdk\9.0.305\Sdks\Microsoft.NET.Sdk\targets\Microsoft.NET.DesignerSupport.targets (21,5)
       C:\Program Files\dotnet\sdk\9.0.305\Sdks\Microsoft.NET.Sdk\targets\Microsoft.NET.PackTool.targets(68,5): message : Reasignación de propiedad: $(_GenerateToolsSettingsFileCacheFile)="D:\GitHub\Grado\DAM\2DAM\C Sharp\Creacion Componente\RA3_RelojDigital\MisComponentesLib\obj\Debug\net472\MisComponentesLib.toolssettingsinput.cache" (valor anterior: "obj\Debug\net472\MisComponentesLib.toolssettingsinput.cache") en C:\Program Files\dotnet\sdk\9.0.305\Sdks\Microsoft.NET.Sdk\targets\Microsoft.NET.PackTool.targets (68,5)
       C:\Program Files\dotnet\sdk\9.0.305\Sdks\Microsoft.NET.Sdk\targets\Microsoft.NET.PackTool.targets(137,5): message : Reasignación de propiedad: $(_ShimInputCacheFile)="D:\GitHub\Grado\DAM\2DAM\C Sharp\Creacion Componente\RA3_RelojDigital\MisComponentesLib\obj\Debug\net472\MisComponentesLib.shiminput.cache" (valor anterior: "obj\Debug\net472\MisComponentesLib.shiminput.cache") en C:\Program Files\dotnet\sdk\9.0.305\Sdks\Microsoft.NET.Sdk\targets\Microsoft.NET.PackTool.targets (137,5)
       C:\Program Files\dotnet\sdk\9.0.305\Sdks\Microsoft.NET.Sdk\targets\Microsoft.NET.PackTool.targets(139,5): message : Reasignación de propiedad: $(_ShimCreatedSentinelFile)="D:\GitHub\Grado\DAM\2DAM\C Sharp\Creacion Componente\RA3_RelojDigital\MisComponentesLib\obj\Debug\net472\MisComponentesLib.shimcreated.sentinel" (valor anterior: "obj\Debug\net472\MisComponentesLib.shimcreated.sentinel") en C:\Program Files\dotnet\sdk\9.0.305\Sdks\Microsoft.NET.Sdk\targets\Microsoft.NET.PackTool.targets (139,5)
       C:\Program Files\dotnet\sdk\9.0.305\Sdks\Microsoft.NET.Sdk\targets\Microsoft.NET.Sdk.CSharp.targets(31,5): message : Reasignación de propiedad: $(DefineConstants)="TRACE;DEBUG" (valor anterior: "TRACE") en C:\Program Files\dotnet\sdk\9.0.305\Sdks\Microsoft.NET.Sdk\targets\Microsoft.NET.Sdk.CSharp.targets (31,5)
       C:\Program Files\dotnet\sdk\9.0.305\Sdks\Microsoft.NET.Sdk\targets\Microsoft.NET.Sdk.CSharp.targets(34,5): message : Reasignación de propiedad: $(DefineConstants)="TRACE;DEBUG;NETFRAMEWORK;NET472;" (valor anterior: "TRACE;DEBUG") en C:\Program Files\dotnet\sdk\9.0.305\Sdks\Microsoft.NET.Sdk\targets\Microsoft.NET.Sdk.CSharp.targets (34,5)
       C:\Program Files\dotnet\sdk\9.0.305\Sdks\Microsoft.NET.Sdk\targets\Microsoft.NET.Windows.targets(44,5): message : Reasignación de propiedad: $(SupportedOSPlatformVersion)="7.0" (valor anterior: "") en C:\Program Files\dotnet\sdk\9.0.305\Sdks\Microsoft.NET.Sdk\targets\Microsoft.NET.Windows.targets (44,5)
       C:\Program Files\dotnet\sdk\9.0.305\Sdks\Microsoft.NET.Sdk\targets\Microsoft.NET.Windows.targets(45,5): message : Reasignación de propiedad: $(TargetPlatformMinVersion)="7.0" (valor anterior: "") en C:\Program Files\dotnet\sdk\9.0.305\Sdks\Microsoft.NET.Sdk\targets\Microsoft.NET.Windows.targets (45,5)
       C:\Program Files\dotnet\sdk\9.0.305\Sdks\Microsoft.NET.Sdk.WindowsDesktop\targets\Microsoft.NET.Sdk.WindowsDesktop.targets(51,5): message : Reasignación de propiedad: $(_TargetFrameworkVersionValue)="4.7.2" (valor anterior: "0.0") en C:\Program Files\dotnet\sdk\9.0.305\Sdks\Microsoft.NET.Sdk.WindowsDesktop\targets\Microsoft.NET.Sdk.WindowsDesktop.targets (51,5)
       C:\Program Files\dotnet\sdk\9.0.305\Sdks\NuGet.Build.Tasks.Pack\build\NuGet.Build.Tasks.Pack.targets(34,5): message : Reasignación de propiedad: $(PackageDescription)="Package Description" (valor anterior: "") en C:\Program Files\dotnet\sdk\9.0.305\Sdks\NuGet.Build.Tasks.Pack\build\NuGet.Build.Tasks.Pack.targets (34,5)
       C:\Program Files\dotnet\sdk\9.0.305\Sdks\NuGet.Build.Tasks.Pack\build\NuGet.Build.Tasks.Pack.targets(59,5): message : Reasignación de propiedad: $(GenerateNuspecDependsOn)="Build;_LoadPackInputItems; _GetTargetFrameworksOutput; _WalkEachTargetPerFramework; _GetPackageFiles; " (valor anterior: "_LoadPackInputItems; _GetTargetFrameworksOutput; _WalkEachTargetPerFramework; _GetPackageFiles; ") en C:\Program Files\dotnet\sdk\9.0.305\Sdks\NuGet.Build.Tasks.Pack\build\NuGet.Build.Tasks.Pack.targets (59,5)
       C:\Program Files\dotnet\sdk\9.0.305\Sdks\Microsoft.NET.Sdk\Sdk\Sdk.targets(60,5): message : Reasignación de propiedad: $(_IsNotSetContainersTargetsDir)="true" (valor anterior: "false") en C:\Program Files\dotnet\sdk\9.0.305\Sdks\Microsoft.NET.Sdk\Sdk\Sdk.targets (60,5)
       C:\Program Files\dotnet\sdk\9.0.305\Containers\build\Microsoft.NET.Build.Containers.targets(5,5): message : Reasignación de propiedad: $(_IsSDKContainerAllowedVersion)="true" (valor anterior: "false") en C:\Program Files\dotnet\sdk\9.0.305\Containers\build\Microsoft.NET.Build.Containers.targets (5,5)
       Invalidando el destino "GetFrameworkPaths" del proyecto"C:\Program Files\dotnet\sdk\9.0.305\Microsoft.Common.CurrentVersion.targets" con el destino "GetFrameworkPaths" del proyecto "C:\Program Files\dotnet\sdk\9.0.305\Microsoft.NETFramework.CurrentVersion.targets".
       Invalidando el destino "ResolveFrameworkReferences" del proyecto"C:\Program Files\dotnet\sdk\9.0.305\Microsoft.Common.CurrentVersion.targets" con el destino "ResolveFrameworkReferences" del proyecto "C:\Program Files\dotnet\sdk\9.0.305\Sdks\Microsoft.NET.Sdk\targets\Microsoft.NET.Sdk.FrameworkReferenceResolution.targets".
       Invalidando el destino "Run" del proyecto"C:\Program Files\dotnet\sdk\9.0.305\Microsoft.Common.CurrentVersion.targets" con el destino "Run" del proyecto "C:\Program Files\dotnet\sdk\9.0.305\Sdks\Microsoft.NET.Sdk\targets\Microsoft.NET.Sdk.targets".
       Invalidando el destino "GenerateSupportedTargetFrameworkAlias" del proyecto"C:\Program Files\dotnet\sdk\9.0.305\Microsoft.Common.CurrentVersion.targets" con el destino "GenerateSupportedTargetFrameworkAlias" del proyecto "C:\Program Files\dotnet\sdk\9.0.305\Sdks\Microsoft.NET.Sdk\targets\Microsoft.NET.Sdk.targets".
       Invalidando el destino "DesignerRuntimeImplementationProjectOutputGroup" del proyecto"C:\Program Files\dotnet\sdk\9.0.305\Microsoft.Common.CurrentVersion.targets" con el destino "DesignerRuntimeImplementationProjectOutputGroup" del proyecto "C:\Program Files\dotnet\sdk\9.0.305\Sdks\Microsoft.NET.Sdk\targets\Microsoft.NET.DesignerSupport.targets".
       Invalidando el destino "Publish" del proyecto"C:\Program Files\dotnet\sdk\9.0.305\Microsoft.Common.CurrentVersion.targets" con el destino "Publish" del proyecto "C:\Program Files\dotnet\sdk\9.0.305\Sdks\Microsoft.NET.Sdk\targets\Microsoft.NET.Publish.targets".
       Invalidando el destino "ResolveReadyToRunCompilers" del proyecto"C:\Program Files\dotnet\sdk\9.0.305\Sdks\Microsoft.NET.Sdk\targets\Microsoft.NET.CrossGen.targets" con el destino "ResolveReadyToRunCompilers" del proyecto "C:\Program Files\dotnet\sdk\9.0.305\Sdks\Microsoft.NET.Sdk\targets\Microsoft.NET.Publish.targets".
       Invalidando el destino "GetCopyToPublishDirectoryItems" del proyecto"C:\Program Files\dotnet\sdk\9.0.305\Microsoft.Common.CurrentVersion.targets" con el destino "GetCopyToPublishDirectoryItems" del proyecto "C:\Program Files\dotnet\sdk\9.0.305\Sdks\Microsoft.NET.Sdk\targets\Microsoft.NET.Publish.targets".
   1:2>El proyecto "D:\GitHub\Grado\DAM\2DAM\C Sharp\Creacion Componente\RA3_RelojDigital\RA3_RelojDigital.sln" (1:2) está compilando "D:\GitHub\Grado\DAM\2DAM\C Sharp\Creacion Componente\RA3_RelojDigital\MisComponentesLib\MisComponentesLib.csproj" (3:7) en el nodo 1 (destinos predeterminados).
   3:7>Se omitió el destino "_CheckForUnsupportedTargetFramework" debido a una condición falsa (False); ('$(_UnsupportedTargetFrameworkError)' == 'true') se evaluó como ('' == 'true').
   3:7>Destino "_CollectTargetFrameworkForTelemetry" en el archivo "C:\Program Files\dotnet\sdk\9.0.305\Sdks\Microsoft.NET.Sdk\targets\Microsoft.NET.TargetFrameworkInference.targets" del proyecto "D:\GitHub\Grado\DAM\2DAM\C Sharp\Creacion Componente\RA3_RelojDigital\MisComponentesLib\MisComponentesLib.csproj" (el destino "_CheckForInvalidConfigurationAndPlatform" depende de él):
       Usando la tarea "AllowEmptyTelemetry" del ensamblado "C:\Program Files\dotnet\sdk\9.0.305\Sdks\Microsoft.NET.Sdk\targets\..\tools\net9.0\Microsoft.NET.Build.Tasks.dll".
       Tarea "AllowEmptyTelemetry"
       Ejecución de la tarea "AllowEmptyTelemetry" terminada.
   3:7>Compilación terminada del destino "_CollectTargetFrameworkForTelemetry" en el proyecto "MisComponentesLib.csproj".
       Se omitió el destino "_CheckForUnsupportedTargetPlatformIdentifier" debido a una condición falsa (False); ('$(TargetPlatformIdentifier)' != '' and '$(TargetFrameworkIdentifier)' == '.NETCoreApp' and $([MSBuild]::VersionGreaterThanOrEquals($(TargetFrameworkVersion), 5.0)) And ('$(DesignTimeBuild)' != 'true' Or '@(MissingWorkloadPack)' == '')) se evaluó como ('Windows' != '' and '.NETFramework' == '.NETCoreApp' and False And ('' != 'true' Or '' == '')).
       Se omitió el destino "_CheckForMissingWorkload" debido a una condición falsa (False); ('@(MissingWorkloadPack)' != '' And '$(DesignTimeBuild)' != 'true') se evaluó como ('' != '' And '' != 'true').
       Se omitió el destino "_CheckForUnsupportedNETCoreVersion" debido a una condición falsa (False); ('$(TargetFrameworkIdentifier)' == '.NETCoreApp' And '$(NETCoreAppMaximumVersion)' != '') se evaluó como ('.NETFramework' == '.NETCoreApp' And '9.0' != '').
       Se omitió el destino "_CheckForEolTargetFrameworks" debido a una condición falsa (False); ('@(_EolNetCoreTargetFrameworkVersions->AnyHaveMetadataValue('Identity', '$(_TargetFrameworkVersionWithoutV)'))' and '$(TargetFrameworkIdentifier)' == '.NETCoreApp' and '$(CheckEolTargetFramework)' == 'true') se evaluó como ('false' and '.NETFramework' == '.NETCoreApp' and '' == 'true').
       Se omitió el destino "_CheckForEolWorkloads" debido a una condición falsa (False); ('@(EolWorkload)' != '' and '$(CheckEolWorkloads)' == 'true') se evaluó como ('' != '' and 'true' == 'true').
       Se omitió el destino "_CheckForNotRecommendedNETStandardVersion" debido a una condición falsa (False); ('$(TargetFrameworkIdentifier)' == '.NETStandard' and $([MSBuild]::VersionLessThan($(TargetFrameworkVersion), '2.0'))) se evaluó como ('.NETFramework' == '.NETStandard' and False).
   3:7>Destino "_CheckForUnsupportedCppNETCoreVersion" en el archivo "C:\Program Files\dotnet\sdk\9.0.305\Sdks\Microsoft.NET.Sdk\targets\Microsoft.NET.TargetFrameworkInference.targets" del proyecto "D:\GitHub\Grado\DAM\2DAM\C Sharp\Creacion Componente\RA3_RelojDigital\MisComponentesLib\MisComponentesLib.csproj" (el destino "_CheckForInvalidConfigurationAndPlatform" depende de él):
       Se omitió la tarea "NETSdkError" debido a una condición falsa (False); ('$(TargetFrameworkIdentifier)' == '.NETCoreApp' and '$(_TargetFrameworkVersionWithoutV)' < '3.1' and ('$(Language)' == 'C++' and '$(_EnablePackageReferencesInVCProjects)' != 'true')) se evaluó como ('.NETFramework' == '.NETCoreApp' and '4.7.2' < '3.1' and ('C#' == 'C++' and '' != 'true')).
   3:7>Compilación terminada del destino "_CheckForUnsupportedCppNETCoreVersion" en el proyecto "MisComponentesLib.csproj".
       Se omitió el destino "_CheckForUnsupportedNETStandardVersion" debido a una condición falsa (False); ('$(TargetFrameworkIdentifier)' == '.NETStandard' And '$(NETStandardMaximumVersion)' != '') se evaluó como ('.NETFramework' == '.NETStandard' And '' != '').
   3:7>Destino "_CheckForUnsupportedTargetFrameworkAndFeatureCombination" en el archivo "C:\Program Files\dotnet\sdk\9.0.305\Sdks\Microsoft.NET.Sdk\targets\Microsoft.NET.TargetFrameworkInference.targets" del proyecto "D:\GitHub\Grado\DAM\2DAM\C Sharp\Creacion Componente\RA3_RelojDigital\MisComponentesLib\MisComponentesLib.csproj" (el destino "_CheckForInvalidConfigurationAndPlatform" depende de él):
       Se omitió la tarea "NETSdkError" debido a una condición falsa (False); ('$(UsingNETSdkDefaults)' != 'true') se evaluó como ('true' != 'true').
   3:7>Compilación terminada del destino "_CheckForUnsupportedTargetFrameworkAndFeatureCombination" en el proyecto "MisComponentesLib.csproj".
       Se omitió el destino "_CheckForSupportedOSPlatformVersionHigherThanTargetPlatformVersion" debido a una condición falsa (False); ('$(TargetPlatformVersion)' != '' and '$(TargetFrameworkIdentifier)' == '.NETCoreApp' and $([MSBuild]::VersionGreaterThanOrEquals($(TargetFrameworkVersion), 5.0))) se evaluó como ('7.0' != '' and '.NETFramework' == '.NETCoreApp' and False).
       Se omitió el destino "_CheckForInvalidTargetPlatformVersion" debido a una condición falsa (False); ('$(TargetPlatformVersion)' != '' and '$(TargetFrameworkIdentifier)' == '.NETCoreApp' and $([MSBuild]::VersionGreaterThanOrEquals($(TargetFrameworkVersion), 5.0)) and ('$(Language)' != 'C++' or '$(_EnablePackageReferencesInVCProjects)' == 'true')) se evaluó como ('7.0' != '' and '.NETFramework' == '.NETCoreApp' and False and ('C#' != 'C++' or '' == 'true')).
   3:7>Destino "_CheckForUnsupportedArtifactsPath" en el archivo "C:\Program Files\dotnet\sdk\9.0.305\Sdks\Microsoft.NET.Sdk\targets\Microsoft.NET.DefaultOutputPaths.targets" del proyecto "D:\GitHub\Grado\DAM\2DAM\C Sharp\Creacion Componente\RA3_RelojDigital\MisComponentesLib\MisComponentesLib.csproj" (el destino "_CheckForInvalidConfigurationAndPlatform" depende de él):
       Se omitió la tarea "NetSdkError" debido a una condición falsa (False); ('$(UseArtifactsOutput)' == 'true' and '$(_ArtifactsPathSetEarly)' != 'true') se evaluó como ('' == 'true' and '' != 'true').
       Se omitió la tarea "NetSdkError" debido a una condición falsa (False); ('$(_ArtifactsPathLocationType)' == 'ProjectFolder') se evaluó como ('' == 'ProjectFolder').
   3:7>Compilación terminada del destino "_CheckForUnsupportedArtifactsPath" en el proyecto "MisComponentesLib.csproj".
       Se omitió el destino "_CheckForMissingWorkload" debido a una condición falsa (False); ('@(MissingWorkloadPack)' != '' And '$(DesignTimeBuild)' != 'true') se evaluó como ('' != '' And '' != 'true').
       Se omitió el destino "_CheckForUnsupportedAppHostUsage" debido a una condición falsa (False); ('$(TargetFrameworkIdentifier)' == '.NETCoreApp' and '$(HasRuntimeOutput)' == 'true') se evaluó como ('.NETFramework' == '.NETCoreApp' and '' == 'true').
       Se omitió el destino "_CheckForUnsupportedHostingUsage" debido a una condición falsa (False); ('$(TargetFrameworkIdentifier)' == '.NETCoreApp') se evaluó como ('.NETFramework' == '.NETCoreApp').
       Se omitió el destino "_CheckAndUnsetUnsupportedPrefer32Bit" debido a una condición falsa (False); ('$(TargetFrameworkIdentifier)' == '.NETCoreApp' and '$(_TargetFrameworkVersionWithoutV)' >= '7.0') se evaluó como ('.NETFramework' == '.NETCoreApp' and '4.7.2' >= '7.0').
       Se omitió el destino "_CheckAndUnsetUnsupportedPreferNativeArm64" debido a una condición falsa (False); ('$(TargetFrameworkIdentifier)' == '.NETCoreApp' and '$(PreferNativeArm64)' == 'true') se evaluó como ('.NETFramework' == '.NETCoreApp' and 'false' == 'true').
       Se omitió el destino "_CheckForMismatchingPlatform" debido a una condición falsa (False); ('$(RuntimeIdentifier)' != '' and '$(PlatformTarget)' != '') se evaluó como ('' != '' and '' != '').
   3:7>Destino "_CheckForLanguageAndFeatureCombinationSupport" en el archivo "C:\Program Files\dotnet\sdk\9.0.305\Sdks\Microsoft.NET.Sdk\targets\Microsoft.NET.RuntimeIdentifierInference.targets" del proyecto "D:\GitHub\Grado\DAM\2DAM\C Sharp\Creacion Componente\RA3_RelojDigital\MisComponentesLib\MisComponentesLib.csproj" (el destino "_CheckForInvalidConfigurationAndPlatform" depende de él):
       Se omitió la tarea "NETSdkError" debido a una condición falsa (False); (('$(Language)' == 'C++' and '$(_EnablePackageReferencesInVCProjects)' != 'true') and $(OutputType) != 'library' and '$(TargetFrameworkIdentifier)' == '.NETCoreApp') se evaluó como (('C#' == 'C++' and '' != 'true') and Library != 'library' and '.NETFramework' == '.NETCoreApp').
       Se omitió la tarea "NETSdkError" debido a una condición falsa (False); (('$(Language)' == 'C++' and '$(_EnablePackageReferencesInVCProjects)' != 'true') and $(EnableComHosting) == 'true') se evaluó como (('C#' == 'C++' and '' != 'true') and  == 'true').
       Se omitió la tarea "NETSdkError" debido a una condición falsa (False); (('$(Language)' == 'C++' and '$(_EnablePackageReferencesInVCProjects)' != 'true') and $(SelfContained) == 'true') se evaluó como (('C#' == 'C++' and '' != 'true') and  == 'true').
   3:7>Compilación terminada del destino "_CheckForLanguageAndFeatureCombinationSupport" en el proyecto "MisComponentesLib.csproj".
       Se omitió el destino "_CheckForNETCoreSdkIsPreview" debido a una condición falsa (False); ( '$(_NETCoreSdkIsPreview)' == 'true' AND '$(SuppressNETCoreSdkPreviewMessage)' != 'true' ) se evaluó como ( 'false' == 'true' AND '' != 'true' ).
   3:7>Destino "_GetProjectJsonPath" en el archivo "C:\Program Files\dotnet\sdk\9.0.305\NuGet.targets" del proyecto "D:\GitHub\Grado\DAM\2DAM\C Sharp\Creacion Componente\RA3_RelojDigital\MisComponentesLib\MisComponentesLib.csproj" (el destino "_GetRestoreProjectStyle" depende de él):
       Se omitió la tarea "GetRestoreProjectJsonPathTask" debido a una condición falsa (False); ( '$(RestoreProjectStyle)' == 'ProjectJson' OR '$(RestoreProjectStyle)' == '' ) se evaluó como ( 'PackageReference' == 'ProjectJson' OR 'PackageReference' == '' ).
   3:7>Compilación terminada del destino "_GetProjectJsonPath" en el proyecto "MisComponentesLib.csproj".
       Se omitió el destino "_CheckForUnsupportedTargetPlatformIdentifier" debido a una condición falsa (False); ('$(TargetPlatformIdentifier)' != '' and '$(TargetFrameworkIdentifier)' == '.NETCoreApp' and $([MSBuild]::VersionGreaterThanOrEquals($(TargetFrameworkVersion), 5.0)) And ('$(DesignTimeBuild)' != 'true' Or '@(MissingWorkloadPack)' == '')) se evaluó como ('Windows' != '' and '.NETFramework' == '.NETCoreApp' and False And ('' != 'true' Or '' == '')).
       Se omitió el destino "_CheckForMissingWorkload" debido a una condición falsa (False); ('@(MissingWorkloadPack)' != '' And '$(DesignTimeBuild)' != 'true') se evaluó como ('' != '' And '' != 'true').
       Se omitió el destino "_CheckForUnsupportedNETCoreVersion" debido a una condición falsa (False); ('$(TargetFrameworkIdentifier)' == '.NETCoreApp' And '$(NETCoreAppMaximumVersion)' != '') se evaluó como ('.NETFramework' == '.NETCoreApp' And '9.0' != '').
       Se omitió el destino "_CheckForEolTargetFrameworks" debido a una condición falsa (False); ('@(_EolNetCoreTargetFrameworkVersions->AnyHaveMetadataValue('Identity', '$(_TargetFrameworkVersionWithoutV)'))' and '$(TargetFrameworkIdentifier)' == '.NETCoreApp' and '$(CheckEolTargetFramework)' == 'true') se evaluó como ('false' and '.NETFramework' == '.NETCoreApp' and '' == 'true').
       Se omitió el destino "_CheckForEolWorkloads" debido a una condición falsa (False); ('@(EolWorkload)' != '' and '$(CheckEolWorkloads)' == 'true') se evaluó como ('' != '' and 'true' == 'true').
       Se omitió el destino "_CheckForNotRecommendedNETStandardVersion" debido a una condición falsa (False); ('$(TargetFrameworkIdentifier)' == '.NETStandard' and $([MSBuild]::VersionLessThan($(TargetFrameworkVersion), '2.0'))) se evaluó como ('.NETFramework' == '.NETStandard' and False).
       Se omitió el destino "_CheckForUnsupportedNETStandardVersion" debido a una condición falsa (False); ('$(TargetFrameworkIdentifier)' == '.NETStandard' And '$(NETStandardMaximumVersion)' != '') se evaluó como ('.NETFramework' == '.NETStandard' And '' != '').
       Se omitió el destino "ApplyImplicitVersions" debido a una condición falsa (False); ('@(PackageReference)' != '') se evaluó como ('' != '').
   3:7>Destino "IncludeTargetingPackReference" en el archivo "C:\Program Files\dotnet\sdk\9.0.305\Sdks\Microsoft.NET.Sdk\targets\Microsoft.NET.Sdk.FrameworkReferenceResolution.targets" del proyecto "D:\GitHub\Grado\DAM\2DAM\C Sharp\Creacion Componente\RA3_RelojDigital\MisComponentesLib\MisComponentesLib.csproj" (el destino "CheckForImplicitPackageReferenceOverrides" depende de él):
       Tarea "GetReferenceAssemblyPaths"
       Ejecución de la tarea "GetReferenceAssemblyPaths" terminada.
   3:7>Compilación terminada del destino "IncludeTargetingPackReference" en el proyecto "MisComponentesLib.csproj".
   3:7>Destino "CheckForImplicitPackageReferenceOverrides" en el archivo "C:\Program Files\dotnet\sdk\9.0.305\Sdks\Microsoft.NET.Sdk\targets\Microsoft.NET.Sdk.DefaultItems.Shared.targets" del proyecto "D:\GitHub\Grado\DAM\2DAM\C Sharp\Creacion Componente\RA3_RelojDigital\MisComponentesLib\MisComponentesLib.csproj" (el destino "CollectPackageReferences" depende de él):
       Usando la tarea "CheckForImplicitPackageReferenceOverrides" del ensamblado "C:\Program Files\dotnet\sdk\9.0.305\Sdks\Microsoft.NET.Sdk\targets\..\tools\net9.0\Microsoft.NET.Build.Tasks.dll".
       Tarea "CheckForImplicitPackageReferenceOverrides"
       Ejecución de la tarea "CheckForImplicitPackageReferenceOverrides" terminada.
   3:7>Compilación terminada del destino "CheckForImplicitPackageReferenceOverrides" en el proyecto "MisComponentesLib.csproj".
       Se omitió el destino "ProcessFrameworkReferences" debido a una condición falsa (False); ('@(FrameworkReference)' != '' Or '$(_RequiresILLinkPack)' == 'true') se evaluó como ('' != '' Or '' == 'true').
       Se omitió el destino "_NormalizeTargetPlatformVersion" debido a una condición falsa (False); ('$(TargetPlatformVersion)' != '' and '$(TargetFrameworkIdentifier)' == '.NETCoreApp' and $([MSBuild]::VersionGreaterThanOrEquals($(TargetFrameworkVersion), 5.0)) and ('$(Language)' != 'C++' or '$(_EnablePackageReferencesInVCProjects)' == 'true')) se evaluó como ('7.0' != '' and '.NETFramework' == '.NETCoreApp' and False and ('C#' != 'C++' or '' == 'true')).
       Se omitió el destino "ApplyImplicitVersions" debido a una condición falsa (False); ('@(PackageReference)' != '') se evaluó como ('' != '').
   3:7>Destino "_ComputeToolPackInputsToProcessFrameworkReferences" en el archivo "C:\Program Files\dotnet\sdk\9.0.305\Sdks\Microsoft.NET.Sdk\targets\Microsoft.NET.Publish.targets" del proyecto "D:\GitHub\Grado\DAM\2DAM\C Sharp\Creacion Componente\RA3_RelojDigital\MisComponentesLib\MisComponentesLib.csproj" (el destino "ProcessFrameworkReferences" depende de él):
   3:7>Compilación terminada del destino "_ComputeToolPackInputsToProcessFrameworkReferences" en el proyecto "MisComponentesLib.csproj".
       Se omitió el destino "IncludeTargetingPackReference". Compilado previamente de forma correcta.
       Se omitió el destino "_CheckMicrosoftNetCompilersToolsetFrameworkPackageReference" debido a una condición falsa (False); ('$(MSBuildRuntimeType)' == 'Full') se evaluó como ('Core' == 'Full').
   3:7>Destino "_CheckForObsoleteDotNetCliToolReferences" en el archivo "C:\Program Files\dotnet\sdk\9.0.305\Sdks\Microsoft.NET.Sdk\targets\Microsoft.NET.ObsoleteReferences.targets" del proyecto "D:\GitHub\Grado\DAM\2DAM\C Sharp\Creacion Componente\RA3_RelojDigital\MisComponentesLib\MisComponentesLib.csproj" (el destino "CollectPackageReferences" depende de él):
       Se omitió la tarea "NETSdkWarning" debido a una condición falsa (False); ( '%(_ReferenceToObsoleteDotNetCliTool.Identity)' != '' ) se evaluó como ( '' != '' ).
   3:7>Compilación terminada del destino "_CheckForObsoleteDotNetCliToolReferences" en el proyecto "MisComponentesLib.csproj".
   3:7>Destino "CollectPackageReferences" en el archivo "C:\Program Files\dotnet\sdk\9.0.305\NuGet.targets" del proyecto "D:\GitHub\Grado\DAM\2DAM\C Sharp\Creacion Componente\RA3_RelojDigital\MisComponentesLib\MisComponentesLib.csproj" (el destino "_GetRestoreProjectStyle" depende de él):
       Usando la tarea "CheckForDuplicateNuGetItemsTask" del ensamblado "C:\Program Files\dotnet\sdk\9.0.305\NuGet.Build.Tasks.dll".
       Tarea "CheckForDuplicateNuGetItemsTask"
       Ejecución de la tarea "CheckForDuplicateNuGetItemsTask" terminada.
   3:7>Compilación terminada del destino "CollectPackageReferences" en el proyecto "MisComponentesLib.csproj".
   3:7>Destino "_GetRestoreProjectStyle" en el archivo "C:\Program Files\dotnet\sdk\9.0.305\NuGet.targets" del proyecto "D:\GitHub\Grado\DAM\2DAM\C Sharp\Creacion Componente\RA3_RelojDigital\MisComponentesLib\MisComponentesLib.csproj" (el destino "EnableIntermediateOutputPathMismatchWarning" depende de él):
       Usando la tarea "GetRestoreProjectStyleTask" del ensamblado "C:\Program Files\dotnet\sdk\9.0.305\NuGet.Build.Tasks.dll".
       Tarea "GetRestoreProjectStyleTask"
       Ejecución de la tarea "GetRestoreProjectStyleTask" terminada.
   3:7>Compilación terminada del destino "_GetRestoreProjectStyle" en el proyecto "MisComponentesLib.csproj".
   3:7>Destino "EnableIntermediateOutputPathMismatchWarning" en el archivo "C:\Program Files\dotnet\sdk\9.0.305\NuGet.targets" del proyecto "D:\GitHub\Grado\DAM\2DAM\C Sharp\Creacion Componente\RA3_RelojDigital\MisComponentesLib\MisComponentesLib.csproj" (el destino "_CheckForInvalidConfigurationAndPlatform" depende de él):
   3:7>Compilación terminada del destino "EnableIntermediateOutputPathMismatchWarning" en el proyecto "MisComponentesLib.csproj".
       Se omitió el destino "ApplyImplicitVersions" debido a una condición falsa (False); ('@(PackageReference)' != '') se evaluó como ('' != '').
       Se omitió el destino "CheckForImplicitPackageReferenceOverrides". Compilado previamente de forma correcta.
   3:7>Destino "CheckForDuplicateItems" en el archivo "C:\Program Files\dotnet\sdk\9.0.305\Sdks\Microsoft.NET.Sdk\targets\Microsoft.NET.Sdk.DefaultItems.Shared.targets" del proyecto "D:\GitHub\Grado\DAM\2DAM\C Sharp\Creacion Componente\RA3_RelojDigital\MisComponentesLib\MisComponentesLib.csproj" (el destino "_CheckForInvalidConfigurationAndPlatform" depende de él):
       Usando la tarea "CheckForDuplicateItems" del ensamblado "C:\Program Files\dotnet\sdk\9.0.305\Sdks\Microsoft.NET.Sdk\targets\..\tools\net9.0\Microsoft.NET.Build.Tasks.dll".
       Tarea "CheckForDuplicateItems"
       Ejecución de la tarea "CheckForDuplicateItems" terminada.
       Tarea "CheckForDuplicateItems"
       Ejecución de la tarea "CheckForDuplicateItems" terminada.
       Tarea "CheckForDuplicateItems"
       Ejecución de la tarea "CheckForDuplicateItems" terminada.
   3:7>Compilación terminada del destino "CheckForDuplicateItems" en el proyecto "MisComponentesLib.csproj".
       Se omitió el destino "WarnForExplicitVersions" debido a una condición falsa (False); ('@(SdkBuildWarning)' != '') se evaluó como ('' != '').
       Se omitió el destino "_CheckForFailedSDKResolution" debido a una condición falsa (False); ('$(SdkResolverHonoredGlobalJson)' == 'false') se evaluó como ('' == 'false').
       Se omitió el destino "_WarnWhenUsingNET9AndVSPriorTo1712" debido a una condición falsa (False); ($([MSBuild]::VersionLessThan($(MSBuildVersion), '17.12.0')) and '$(TargetFrameworkIdentifier)' == '.NETCoreApp' and $([MSBuild]::VersionGreaterThanOrEquals($(_TargetFrameworkVersionWithoutV), '9.0'))) se evaluó como (False and '.NETFramework' == '.NETCoreApp' and False).
       Se omitió el destino "_CheckForInvalidWindowsDesktopTargetingConfiguration" debido a una condición falsa (False); ('$(TargetFrameworkIdentifier)' == '.NETCoreApp' and $([MSBuild]::VersionGreaterThanOrEquals($(_TargetFrameworkVersionWithoutV), '5.0')) and ('$(UseWindowsForms)' == 'true' or '$(UseWPF)' == 'true')) se evaluó como ('.NETFramework' == '.NETCoreApp' and False and ('true' == 'true' or '' == 'true')).
       Se omitió el destino "_CheckForUnnecessaryWindowsDesktopSDK" debido a una condición falsa (False); ('$(TargetFrameworkIdentifier)' == '.NETCoreApp' and $([MSBuild]::VersionGreaterThanOrEquals($(_TargetFrameworkVersionWithoutV), '5.0')) and '$(_MicrosoftWindowsDesktopSdkImported)' == 'true' and '$(TargetFrameworks)' == '') se evaluó como ('.NETFramework' == '.NETCoreApp' and False and '' == 'true' and '' == '').
       Se omitió el destino "ProcessFrameworkReferences" debido a una condición falsa (False); ('@(FrameworkReference)' != '' Or '$(_RequiresILLinkPack)' == 'true') se evaluó como ('' != '' Or 'false' == 'true').
       Se omitió el destino "_NormalizeTargetPlatformVersion" debido a una condición falsa (False); ('$(TargetPlatformVersion)' != '' and '$(TargetFrameworkIdentifier)' == '.NETCoreApp' and $([MSBuild]::VersionGreaterThanOrEquals($(TargetFrameworkVersion), 5.0)) and ('$(Language)' != 'C++' or '$(_EnablePackageReferencesInVCProjects)' == 'true')) se evaluó como ('7.0' != '' and '.NETFramework' == '.NETCoreApp' and False and ('C#' != 'C++' or '' == 'true')).
       Se omitió el destino "ApplyImplicitVersions" debido a una condición falsa (False); ('@(PackageReference)' != '') se evaluó como ('' != '').
       Se omitió el destino "IncludeTargetingPackReference". Compilado previamente de forma correcta.
       Se omitió el destino "CheckForDuplicatePageItems" debido a una condición falsa (False); (('$(UseWPF)' == 'true') And ('$(_TargetFrameworkVersionValue)' != '$(_UndefinedTargetFrameworkVersion)') And ('$(_TargetFrameworkVersionValue)' >= '$(_WindowsDesktopSdkTargetFrameworkVersionFloor)')) se evaluó como (('' == 'true') And ('4.7.2' != '0.0') And ('4.7.2' >= '3.0')).
   3:7>Destino "_WindowsDesktopFrameworkRequiresUseWpfOrUseWindowsForms" en el archivo "C:\Program Files\dotnet\sdk\9.0.305\Sdks\Microsoft.NET.Sdk.WindowsDesktop\targets\Microsoft.NET.Sdk.WindowsDesktop.targets" del proyecto "D:\GitHub\Grado\DAM\2DAM\C Sharp\Creacion Componente\RA3_RelojDigital\MisComponentesLib\MisComponentesLib.csproj" (el destino "_CheckForInvalidConfigurationAndPlatform" depende de él):
       Se omitió la tarea "NetSdkWarning" debido a una condición falsa (False); ('$(UseWpf)' != 'true' And '$(UseWindowsForms)' != 'true') se evaluó como ('' != 'true' And 'true' != 'true').
   3:7>Compilación terminada del destino "_WindowsDesktopFrameworkRequiresUseWpfOrUseWindowsForms" en el proyecto "MisComponentesLib.csproj".
       Se omitió el destino "_WindowsDesktopFrameworkRequiresVersion30" debido a una condición falsa (False); (('$(TargetFrameworkIdentifier)' == '.NETCoreApp') And
                         ('$(_TargetFrameworkVersionValue)' != '$(_UndefinedTargetFrameworkVersion)') And ('$(_TargetFrameworkVersionValue)' < '$(_WindowsDesktopSdkTargetFrameworkVersionFloor)')) se evaluó como (('.NETFramework' == '.NETCoreApp') And
                         ('4.7.2' != '0.0') And ('4.7.2' < '3.0')).
   3:7>Destino "_CheckForInvalidConfigurationAndPlatform" en el archivo "C:\Program Files\dotnet\sdk\9.0.305\Microsoft.Common.CurrentVersion.targets" del proyecto "D:\GitHub\Grado\DAM\2DAM\C Sharp\Creacion Componente\RA3_RelojDigital\MisComponentesLib\MisComponentesLib.csproj" (el destino "BeforeBuild" depende de él):
       Se omitió la tarea "MSBuildInternalMessage" debido a una condición falsa (False); ('$(_InvalidConfigurationMessageSeverity)' != '') se evaluó como ('' != '').
       Tarea "Message"
         Configuration=Debug
       Ejecución de la tarea "Message" terminada.
       Tarea "Message"
         Platform=AnyCPU
       Ejecución de la tarea "Message" terminada.
       Se omitió la tarea "MSBuildInternalMessage" debido a una condición falsa (False); ('$(OutDir)' != '' and !HasTrailingSlash('$(OutDir)')) se evaluó como ('bin\Debug\net472\' != '' and !HasTrailingSlash('bin\Debug\net472\')).
       Se omitió la tarea "MSBuildInternalMessage" debido a una condición falsa (False); ('$(IntermediateOutputPath)' != '' and !HasTrailingSlash('$(IntermediateOutputPath)')) se evaluó como ('obj\Debug\net472\' != '' and !HasTrailingSlash('obj\Debug\net472\')).
       Se omitió la tarea "MSBuildInternalMessage" debido a una condición falsa (False); ('$(BaseIntermediateOutputPath)' != '' and !HasTrailingSlash('$(BaseIntermediateOutputPath)')) se evaluó como ('obj\' != '' and !HasTrailingSlash('obj\')).
       Se omitió la tarea "MSBuildInternalMessage" debido a una condición falsa (False); ( '$(Prefer32Bit)' == 'true' and '$(PreferNativeArm64)' == 'true' ) se evaluó como ( 'false' == 'true' and 'false' == 'true' ).
       Se omitió la tarea "MSBuildInternalMessage" debido a una condición falsa (False); ( '$(NoWin32Manifest)' == 'true' and '$(PreferNativeArm64)' == 'true' ) se evaluó como ( '' == 'true' and 'false' == 'true' ).
       Se omitió la tarea "MSBuildInternalMessage" debido a una condición falsa (False); ( '$(PreferNativeArm64)' == 'true' and '$(Platform)' != 'AnyCPU' ) se evaluó como ( 'false' == 'true' and 'AnyCPU' != 'AnyCPU' ).
       Se omitió la tarea "MSBuildInternalMessage" debido a una condición falsa (False); ( '$(_InitialMSBuildProjectExtensionsPath)' != '' And '$(MSBuildProjectExtensionsPath)' != '$(_InitialMSBuildProjectExtensionsPath)' ) se evaluó como ( 'D:\GitHub\Grado\DAM\2DAM\C Sharp\Creacion Componente\RA3_RelojDigital\MisComponentesLib\obj\' != '' And 'D:\GitHub\Grado\DAM\2DAM\C Sharp\Creacion Componente\RA3_RelojDigital\MisComponentesLib\obj\' != 'D:\GitHub\Grado\DAM\2DAM\C Sharp\Creacion Componente\RA3_RelojDigital\MisComponentesLib\obj\' ).
       Se omitió la tarea "MSBuildInternalMessage" debido a una condición falsa (False); ( '$(EnableBaseIntermediateOutputPathMismatchWarning)' == 'true' And '$(_InitialBaseIntermediateOutputPath)' != '$(BaseIntermediateOutputPath)' And '$(BaseIntermediateOutputPath)' != '$(MSBuildProjectExtensionsPath)' ) se evaluó como ( 'true' == 'true' And 'obj\' != 'obj\' And 'obj\' != 'D:\GitHub\Grado\DAM\2DAM\C Sharp\Creacion Componente\RA3_RelojDigital\MisComponentesLib\obj\' ).
   3:7>Compilación terminada del destino "_CheckForInvalidConfigurationAndPlatform" en el proyecto "MisComponentesLib.csproj".
   3:7>Destino "ValidateCommandLineProperties" en el archivo "C:\Program Files\dotnet\sdk\9.0.305\Sdks\Microsoft.NET.Sdk\targets\Microsoft.NET.Sdk.targets" del proyecto "D:\GitHub\Grado\DAM\2DAM\C Sharp\Creacion Componente\RA3_RelojDigital\MisComponentesLib\MisComponentesLib.csproj" (el destino "BeforeBuild" depende de él):
   3:7>Compilación terminada del destino "ValidateCommandLineProperties" en el proyecto "MisComponentesLib.csproj".
   3:7>Destino "BeforeBuild" en el archivo "C:\Program Files\dotnet\sdk\9.0.305\Microsoft.Common.CurrentVersion.targets" del proyecto "D:\GitHub\Grado\DAM\2DAM\C Sharp\Creacion Componente\RA3_RelojDigital\MisComponentesLib\MisComponentesLib.csproj" (el destino "Build" depende de él):
   3:7>Compilación terminada del destino "BeforeBuild" en el proyecto "MisComponentesLib.csproj".
       Se omitió el destino "_CheckForBuildWithNoBuild" debido a una condición falsa (False); ('$(NoBuild)' == 'true' and '$(GeneratePackageOnBuild)' != 'true') se evaluó como ('' == 'true' and 'false' != 'true').
   3:7>Destino "BuildOnlySettings" en el archivo "C:\Program Files\dotnet\sdk\9.0.305\Microsoft.Common.CurrentVersion.targets" del proyecto "D:\GitHub\Grado\DAM\2DAM\C Sharp\Creacion Componente\RA3_RelojDigital\MisComponentesLib\MisComponentesLib.csproj" (el destino "CoreBuild" depende de él):
       C:\Program Files\dotnet\sdk\9.0.305\Microsoft.Common.CurrentVersion.targets(1168,7): message : Reasignación de propiedad: $(BuildingProject)="true" (valor anterior: "false") en C:\Program Files\dotnet\sdk\9.0.305\Microsoft.Common.CurrentVersion.targets (1168,7) [D:\GitHub\Grado\DAM\2DAM\C Sharp\Creacion Componente\RA3_RelojDigital\MisComponentesLib\MisComponentesLib.csproj]
   3:7>Compilación terminada del destino "BuildOnlySettings" en el proyecto "MisComponentesLib.csproj".
       Se omitió el destino "_CheckForUnsupportedTargetFramework" debido a una condición falsa (False); ('$(_UnsupportedTargetFrameworkError)' == 'true') se evaluó como ('' == 'true').
       Se omitió el destino "_CheckForUnsupportedTargetPlatformIdentifier" debido a una condición falsa (False); ('$(TargetPlatformIdentifier)' != '' and '$(TargetFrameworkIdentifier)' == '.NETCoreApp' and $([MSBuild]::VersionGreaterThanOrEquals($(TargetFrameworkVersion), 5.0)) And ('$(DesignTimeBuild)' != 'true' Or '@(MissingWorkloadPack)' == '')) se evaluó como ('Windows' != '' and '.NETFramework' == '.NETCoreApp' and False And ('' != 'true' Or '' == '')).
       Se omitió el destino "_CheckForMissingWorkload" debido a una condición falsa (False); ('@(MissingWorkloadPack)' != '' And '$(DesignTimeBuild)' != 'true') se evaluó como ('' != '' And '' != 'true').
   3:7>Destino "GetFrameworkPaths" en el archivo "C:\Program Files\dotnet\sdk\9.0.305\Microsoft.NETFramework.CurrentVersion.targets" del proyecto "D:\GitHub\Grado\DAM\2DAM\C Sharp\Creacion Componente\RA3_RelojDigital\MisComponentesLib\MisComponentesLib.csproj" (el destino "PrepareForBuild" depende de él):
   3:7>Compilación terminada del destino "GetFrameworkPaths" en el proyecto "MisComponentesLib.csproj".
       Se omitió el destino "GetFrameworkPaths". Compilado previamente de forma correcta.
       Se omitió el destino "_CheckForUnsupportedTargetFramework" debido a una condición falsa (False); ('$(_UnsupportedTargetFrameworkError)' == 'true') se evaluó como ('' == 'true').
       Se omitió el destino "_CheckForUnsupportedTargetPlatformIdentifier" debido a una condición falsa (False); ('$(TargetPlatformIdentifier)' != '' and '$(TargetFrameworkIdentifier)' == '.NETCoreApp' and $([MSBuild]::VersionGreaterThanOrEquals($(TargetFrameworkVersion), 5.0)) And ('$(DesignTimeBuild)' != 'true' Or '@(MissingWorkloadPack)' == '')) se evaluó como ('Windows' != '' and '.NETFramework' == '.NETCoreApp' and False And ('' != 'true' Or '' == '')).
       Se omitió el destino "_CheckForMissingWorkload" debido a una condición falsa (False); ('@(MissingWorkloadPack)' != '' And '$(DesignTimeBuild)' != 'true') se evaluó como ('' != '' And '' != 'true').
   3:7>Destino "GetReferenceAssemblyPaths" en el archivo "C:\Program Files\dotnet\sdk\9.0.305\Microsoft.Common.CurrentVersion.targets" del proyecto "D:\GitHub\Grado\DAM\2DAM\C Sharp\Creacion Componente\RA3_RelojDigital\MisComponentesLib\MisComponentesLib.csproj" (el destino "PrepareForBuild" depende de él):
       C:\Program Files\dotnet\sdk\9.0.305\Microsoft.Common.CurrentVersion.targets(1255,7): message : Reasignación de propiedad: $(TargetFrameworkDirectory)="" (valor anterior: "v4.0.30319") en C:\Program Files\dotnet\sdk\9.0.305\Microsoft.Common.CurrentVersion.targets (1255,7) [D:\GitHub\Grado\DAM\2DAM\C Sharp\Creacion Componente\RA3_RelojDigital\MisComponentesLib\MisComponentesLib.csproj]
       Tarea "GetReferenceAssemblyPaths"
       C:\Program Files\dotnet\sdk\9.0.305\Microsoft.Common.CurrentVersion.targets(1267,7): message : Reasignación de propiedad: $(_FullFrameworkReferenceAssemblyPaths)="C:\Program Files %28x86%29\Reference Assemblies\Microsoft\Framework\.NETFramework\v4.7.2\" (valor anterior: "C:\Program Files (x86)\Reference Assemblies\Microsoft\Framework\.NETFramework\v4.7.2\") en C:\Program Files\dotnet\sdk\9.0.305\Microsoft.Common.CurrentVersion.targets (1267,7) [D:\GitHub\Grado\DAM\2DAM\C Sharp\Creacion Componente\RA3_RelojDigital\MisComponentesLib\MisComponentesLib.csproj]
       Ejecución de la tarea "GetReferenceAssemblyPaths" terminada.
       C:\Program Files\dotnet\sdk\9.0.305\Microsoft.Common.CurrentVersion.targets(1272,7): message : Reasignación de propiedad: $(TargetFrameworkDirectory)="C:\Program Files %28x86%29\Reference Assemblies\Microsoft\Framework\.NETFramework\v4.7.2\;;" (valor anterior: "v4.0.30319") en C:\Program Files\dotnet\sdk\9.0.305\Microsoft.Common.CurrentVersion.targets (1272,7) [D:\GitHub\Grado\DAM\2DAM\C Sharp\Creacion Componente\RA3_RelojDigital\MisComponentesLib\MisComponentesLib.csproj]
       C:\Program Files\dotnet\sdk\9.0.305\Microsoft.Common.CurrentVersion.targets(1293,7): message : Reasignación de propiedad: $(TargetFrameworkDirectory)="C:\Program Files %28x86%29\Reference Assemblies\Microsoft\Framework\.NETFramework\v4.7.2\;;;C:\Program Files %28x86%29\Reference Assemblies\Microsoft\Framework\.NETFramework\v4.7.2\Facades\" (valor anterior: "v4.0.30319") en C:\Program Files\dotnet\sdk\9.0.305\Microsoft.Common.CurrentVersion.targets (1293,7) [D:\GitHub\Grado\DAM\2DAM\C Sharp\Creacion Componente\RA3_RelojDigital\MisComponentesLib\MisComponentesLib.csproj]
   3:7>Compilación terminada del destino "GetReferenceAssemblyPaths" en el proyecto "MisComponentesLib.csproj".
       Se omitió el destino "AssignLinkMetadata" debido a una condición falsa (False); ( '$(SynthesizeLinkMetadata)' == 'true' ) se evaluó como ( '' == 'true' ).
       Se omitió el destino "_VerifyPackReleaseConfigurations" debido a una condición falsa (False); ('$(_IsPacking)' == 'true' and '$(DOTNET_CLI_DISABLE_PUBLISH_AND_PACK_RELEASE)' != 'true' and '$(DOTNET_CLI_LAZY_PUBLISH_AND_PACK_RELEASE_FOR_SOLUTIONS)' == 'true') se evaluó como ('' == 'true' and '' != 'true' and '' == 'true').
   3:7>Destino "PrepareForBuild" en el archivo "C:\Program Files\dotnet\sdk\9.0.305\Microsoft.Common.CurrentVersion.targets" del proyecto "D:\GitHub\Grado\DAM\2DAM\C Sharp\Creacion Componente\RA3_RelojDigital\MisComponentesLib\MisComponentesLib.csproj" (el destino "CoreBuild" depende de él):
       Usando la tarea "FindAppConfigFile" del ensamblado "Microsoft.Build.Tasks.Core, Version=15.1.0.0, Culture=neutral, PublicKeyToken=b03f5f7f11d50a3a".
       Tarea "FindAppConfigFile"
       Ejecución de la tarea "FindAppConfigFile" terminada.
       Usando la tarea "MakeDir" del ensamblado "Microsoft.Build.Tasks.Core, Version=15.1.0.0, Culture=neutral, PublicKeyToken=b03f5f7f11d50a3a".
       Tarea "MakeDir"
       Ejecución de la tarea "MakeDir" terminada.
   3:7>Compilación terminada del destino "PrepareForBuild" en el proyecto "MisComponentesLib.csproj".
       Se omitió el destino "GenerateTargetPlatformDefineConstants" debido a una condición falsa (False); ( '$(DisableImplicitFrameworkDefines)' != 'true' and '$(TargetPlatformIdentifier)' != '' and '$(TargetFrameworkIdentifier)' == '.NETCoreApp' and $([MSBuild]::VersionGreaterThanOrEquals($(TargetFrameworkVersion), 5.0)) ) se evaluó como ( '' != 'true' and 'Windows' != '' and '.NETFramework' == '.NETCoreApp' and False ).
   3:7>Destino "GenerateNETCompatibleDefineConstants" en el archivo "C:\Program Files\dotnet\sdk\9.0.305\Sdks\Microsoft.NET.Sdk\targets\Microsoft.NET.Sdk.BeforeCommon.targets" del proyecto "D:\GitHub\Grado\DAM\2DAM\C Sharp\Creacion Componente\RA3_RelojDigital\MisComponentesLib\MisComponentesLib.csproj" (el destino "AddImplicitDefineConstants" depende de él):
   3:7>Compilación terminada del destino "GenerateNETCompatibleDefineConstants" en el proyecto "MisComponentesLib.csproj".
       Se omitió el destino "GeneratePlatformCompatibleDefineConstants" debido a una condición falsa (False); ( '$(DisableImplicitFrameworkDefines)' != 'true' and '$(TargetPlatformIdentifier)' != '' and '$(TargetFrameworkIdentifier)' == '.NETCoreApp' and $([MSBuild]::VersionGreaterThanOrEquals($(TargetFrameworkVersion), 5.0)) ) se evaluó como ( '' != 'true' and 'Windows' != '' and '.NETFramework' == '.NETCoreApp' and False ).
       Se omitió el destino "_DisableDiagnosticTracing" debido a una condición falsa (False); ('$(DisableDiagnosticTracing)' == 'true') se evaluó como ('' == 'true').
   3:7>Destino "AddImplicitDefineConstants" en el archivo "C:\Program Files\dotnet\sdk\9.0.305\Sdks\Microsoft.NET.Sdk\targets\Microsoft.NET.Sdk.BeforeCommon.targets" del proyecto "D:\GitHub\Grado\DAM\2DAM\C Sharp\Creacion Componente\RA3_RelojDigital\MisComponentesLib\MisComponentesLib.csproj" (el destino "CoreBuild" depende de él):
       C:\Program Files\dotnet\sdk\9.0.305\Sdks\Microsoft.NET.Sdk\targets\Microsoft.NET.Sdk.BeforeCommon.targets(267,7): message : Reasignación de propiedad: $(DefineConstants)="TRACE;DEBUG;NETFRAMEWORK;NET472;;NET30_OR_GREATER;NET35_OR_GREATER;NET40_OR_GREATER;NET45_OR_GREATER;NET451_OR_GREATER;NET452_OR_GREATER;NET46_OR_GREATER;NET461_OR_GREATER;NET462_OR_GREATER;NET47_OR_GREATER;NET471_OR_GREATER;NET472_OR_GREATER" (valor anterior: "TRACE;DEBUG;NETFRAMEWORK;NET472;") en C:\Program Files\dotnet\sdk\9.0.305\Sdks\Microsoft.NET.Sdk\targets\Microsoft.NET.Sdk.BeforeCommon.targets (267,7) [D:\GitHub\Grado\DAM\2DAM\C Sharp\Creacion Componente\RA3_RelojDigital\MisComponentesLib\MisComponentesLib.csproj]
   3:7>Compilación terminada del destino "AddImplicitDefineConstants" en el proyecto "MisComponentesLib.csproj".
       Se omitió el destino "GenerateGlobalUsings" debido a una condición falsa (False); (@(Using->Count()) != 0) se evaluó como (0 != 0).
       Se omitió el destino "PreBuildEvent" debido a una condición falsa (False); ('$(PreBuildEvent)'!='') se evaluó como (''!='').
       Se omitió el destino "_BlockWinMDsOnUnsupportedTFMs" debido a una condición falsa (False); ('$(TargetFrameworkIdentifier)' == '.NETCoreApp' and $([MSBuild]::VersionGreaterThanOrEquals($(TargetFrameworkVersion), '5.0'))) se evaluó como ('.NETFramework' == '.NETCoreApp' and False).
   3:7>Destino "BeforeResolveReferences" en el archivo "C:\Program Files\dotnet\sdk\9.0.305\Microsoft.Common.CurrentVersion.targets" del proyecto "D:\GitHub\Grado\DAM\2DAM\C Sharp\Creacion Componente\RA3_RelojDigital\MisComponentesLib\MisComponentesLib.csproj" (el destino "ResolveReferences" depende de él):
   3:7>Compilación terminada del destino "BeforeResolveReferences" en el proyecto "MisComponentesLib.csproj".
   3:7>Destino "IgnoreJavaScriptOutputAssembly" en el archivo "C:\Program Files\dotnet\sdk\9.0.305\Microsoft.Common.CurrentVersion.targets" del proyecto "D:\GitHub\Grado\DAM\2DAM\C Sharp\Creacion Componente\RA3_RelojDigital\MisComponentesLib\MisComponentesLib.csproj" (el destino "AssignProjectConfiguration" depende de él):
   3:7>Compilación terminada del destino "IgnoreJavaScriptOutputAssembly" en el proyecto "MisComponentesLib.csproj".
       Se omitió el destino "ProcessFrameworkReferences" debido a una condición falsa (False); ('@(FrameworkReference)' != '' Or '$(_RequiresILLinkPack)' == 'true') se evaluó como ('' != '' Or 'false' == 'true').
       Se omitió el destino "_NormalizeTargetPlatformVersion" debido a una condición falsa (False); ('$(TargetPlatformVersion)' != '' and '$(TargetFrameworkIdentifier)' == '.NETCoreApp' and $([MSBuild]::VersionGreaterThanOrEquals($(TargetFrameworkVersion), 5.0)) and ('$(Language)' != 'C++' or '$(_EnablePackageReferencesInVCProjects)' == 'true')) se evaluó como ('7.0' != '' and '.NETFramework' == '.NETCoreApp' and False and ('C#' != 'C++' or '' == 'true')).
       Se omitió el destino "ApplyImplicitVersions" debido a una condición falsa (False); ('@(PackageReference)' != '') se evaluó como ('' != '').
   3:7>Destino "_DefaultMicrosoftNETPlatformLibrary" en el archivo "C:\Program Files\dotnet\sdk\9.0.305\Sdks\Microsoft.NET.Sdk\targets\Microsoft.NET.Sdk.Shared.targets" del proyecto "D:\GitHub\Grado\DAM\2DAM\C Sharp\Creacion Componente\RA3_RelojDigital\MisComponentesLib\MisComponentesLib.csproj" (el destino "ResolvePackageAssets" depende de él):
   3:7>Compilación terminada del destino "_DefaultMicrosoftNETPlatformLibrary" en el proyecto "MisComponentesLib.csproj".
   3:7>Destino "_ComputePackageReferencePublish" en el archivo "C:\Program Files\dotnet\sdk\9.0.305\Sdks\Microsoft.NET.Sdk\targets\Microsoft.NET.Sdk.Shared.targets" del proyecto "D:\GitHub\Grado\DAM\2DAM\C Sharp\Creacion Componente\RA3_RelojDigital\MisComponentesLib\MisComponentesLib.csproj" (el destino "ResolvePackageAssets" depende de él):
   3:7>Compilación terminada del destino "_ComputePackageReferencePublish" en el proyecto "MisComponentesLib.csproj".
       Se omitió el destino "_ResolveCompilerVersion" debido a una condición falsa (False); ('$(CompilerApiVersion)' == '' And
                            ('$(Language)' == 'C#' Or '$(Language)' == 'VB') And
                            Exists('$(RoslynTargetsPath)\Microsoft.Build.Tasks.CodeAnalysis.dll')) se evaluó como ('roslyn4.14' == '' And
                            ('C#' == 'C#' Or 'C#' == 'VB') And
                            Exists('C:\Program Files\dotnet\sdk\9.0.305\Roslyn\Microsoft.Build.Tasks.CodeAnalysis.dll')).
   3:7>Destino "ResolvePackageAssets" en el archivo "C:\Program Files\dotnet\sdk\9.0.305\Sdks\Microsoft.NET.Sdk\targets\Microsoft.PackageDependencyResolution.targets" del proyecto "D:\GitHub\Grado\DAM\2DAM\C Sharp\Creacion Componente\RA3_RelojDigital\MisComponentesLib\MisComponentesLib.csproj" (el destino "ResolveLockFileReferences" depende de él):
       Usando la tarea "ResolvePackageAssets" del ensamblado "C:\Program Files\dotnet\sdk\9.0.305\Sdks\Microsoft.NET.Sdk\targets\..\tools\net9.0\Microsoft.NET.Build.Tasks.dll".
       Tarea "ResolvePackageAssets"
       Ejecución de la tarea "ResolvePackageAssets" terminada.
   3:7>Compilación terminada del destino "ResolvePackageAssets" en el proyecto "MisComponentesLib.csproj".
       Se omitió el destino "AdjustDefaultPlatformTargetForNetFrameworkExeWithNoNativeCopyLocalItems" debido a una condición falsa (False); ('$(_UsingDefaultPlatformTarget)' == 'true' and
                            '$(_UsingDefaultRuntimeIdentifier)' == 'true') se evaluó como ('true' == 'true' and
                            '' == 'true').
       Se omitió el destino "_CheckForTransitiveWindowsDesktopDependencies" debido a una condición falsa (False); ('$(TargetFrameworkIdentifier)' == '.NETCoreApp' and $([MSBuild]::VersionGreaterThanOrEquals($(_TargetFrameworkVersionWithoutV), '5.0')) and '$(TargetPlatformIdentifier)' != 'Windows' and '@(TransitiveFrameworkReference)' != '') se evaluó como ('.NETFramework' == '.NETCoreApp' and False and 'Windows' != 'Windows' and '' != '').
       Se omitió el destino "AddTransitiveFrameworkReferences" debido a una condición falsa (False); ('@(TransitiveFrameworkReference)' != '') se evaluó como ('' != '').
       Se omitió el destino "_CheckForTransitiveWindowsSDKFullDependencies" debido a una condición falsa (False); ( '$(TargetFrameworkIdentifier)' == '.NETCoreApp'
                             and '$(TargetPlatformIdentifier)' == 'Windows'
                             and '@(TransitiveFrameworkReference)' != ''
                             and '$(UseUwp)' != 'true' ) se evaluó como ( '.NETFramework' == '.NETCoreApp'
                             and 'Windows' == 'Windows'
                             and '' != ''
                             and '' != 'true' ).
       Se omitió el destino "_CheckForInvalidTfmForWindowsSDKXamlDependencies" debido a una condición falsa (False); ( !('$(TargetFrameworkIdentifier)' == '.NETCoreApp' and $([MSBuild]::VersionGreaterThanOrEquals($(TargetFrameworkVersion), '8.0')) and '$(TargetPlatformIdentifier)' == 'Windows')
                             and '$(UseUwp)' == 'true' ) se evaluó como ( !('.NETFramework' == '.NETCoreApp' and False and 'Windows' == 'Windows')
                             and '' == 'true' ).
   3:7>Destino "ResolveLockFileReferences" en el archivo "C:\Program Files\dotnet\sdk\9.0.305\Sdks\Microsoft.NET.Sdk\targets\Microsoft.PackageDependencyResolution.targets" del proyecto "D:\GitHub\Grado\DAM\2DAM\C Sharp\Creacion Componente\RA3_RelojDigital\MisComponentesLib\MisComponentesLib.csproj" (el destino "ResolvePackageDependenciesForBuild" depende de él):
       Usando la tarea "JoinItems" del ensamblado "C:\Program Files\dotnet\sdk\9.0.305\Sdks\Microsoft.NET.Sdk\targets\..\tools\net9.0\Microsoft.NET.Build.Tasks.dll".
       Tarea "JoinItems"
       Ejecución de la tarea "JoinItems" terminada.
   3:7>Compilación terminada del destino "ResolveLockFileReferences" en el proyecto "MisComponentesLib.csproj".
       Se omitió el destino "ResolvePackageAssets". Compilado previamente de forma correcta.
   3:7>Destino "ResolveLockFileAnalyzers" en el archivo "C:\Program Files\dotnet\sdk\9.0.305\Sdks\Microsoft.NET.Sdk\targets\Microsoft.PackageDependencyResolution.targets" del proyecto "D:\GitHub\Grado\DAM\2DAM\C Sharp\Creacion Componente\RA3_RelojDigital\MisComponentesLib\MisComponentesLib.csproj" (el destino "ResolvePackageDependenciesForBuild" depende de él):
   3:7>Compilación terminada del destino "ResolveLockFileAnalyzers" en el proyecto "MisComponentesLib.csproj".
       Se omitió el destino "ResolvePackageAssets". Compilado previamente de forma correcta.
       Se omitió el destino "RunProduceContentAssets" debido a una condición falsa (False); ('@(_ContentFilesToPreprocess)' != '' and '$(_CleaningWithoutRebuilding)' != 'true') se evaluó como ('' != '' and '' != 'true').
   3:7>Destino "ResolveLockFileCopyLocalFiles" en el archivo "C:\Program Files\dotnet\sdk\9.0.305\Sdks\Microsoft.NET.Sdk\targets\Microsoft.PackageDependencyResolution.targets" del proyecto "D:\GitHub\Grado\DAM\2DAM\C Sharp\Creacion Componente\RA3_RelojDigital\MisComponentesLib\MisComponentesLib.csproj" (el destino "ResolvePackageDependenciesForBuild" depende de él):
   3:7>Compilación terminada del destino "ResolveLockFileCopyLocalFiles" en el proyecto "MisComponentesLib.csproj".
       Se omitió el destino "ResolveRuntimePackAssets" debido a una condición falsa (False); ('@(RuntimePack)' != '') se evaluó como ('' != '').
       Se omitió el destino "RunProduceContentAssets" debido a una condición falsa (False); ('@(_ContentFilesToPreprocess)' != '' and '$(_CleaningWithoutRebuilding)' != 'true') se evaluó como ('' != '' and '' != 'true').
       Se omitió el destino "ResolvePackageAssets". Compilado previamente de forma correcta.
   3:7>Destino "IncludeTransitiveProjectReferences" en el archivo "C:\Program Files\dotnet\sdk\9.0.305\Sdks\Microsoft.NET.Sdk\targets\Microsoft.PackageDependencyResolution.targets" del proyecto "D:\GitHub\Grado\DAM\2DAM\C Sharp\Creacion Componente\RA3_RelojDigital\MisComponentesLib\MisComponentesLib.csproj" (el destino "ResolvePackageDependenciesForBuild" depende de él):
   3:7>Compilación terminada del destino "IncludeTransitiveProjectReferences" en el proyecto "MisComponentesLib.csproj".
   3:7>Destino "ResolvePackageDependenciesForBuild" en el archivo "C:\Program Files\dotnet\sdk\9.0.305\Sdks\Microsoft.NET.Sdk\targets\Microsoft.PackageDependencyResolution.targets" del proyecto "D:\GitHub\Grado\DAM\2DAM\C Sharp\Creacion Componente\RA3_RelojDigital\MisComponentesLib\MisComponentesLib.csproj" (el destino "AssignProjectConfiguration" depende de él):
   3:7>Compilación terminada del destino "ResolvePackageDependenciesForBuild" en el proyecto "MisComponentesLib.csproj".
   3:7>Destino "AssignProjectConfiguration" en el archivo "C:\Program Files\dotnet\sdk\9.0.305\Microsoft.Common.CurrentVersion.targets" del proyecto "D:\GitHub\Grado\DAM\2DAM\C Sharp\Creacion Componente\RA3_RelojDigital\MisComponentesLib\MisComponentesLib.csproj" (el destino "ResolveReferences" depende de él):
       Usando la tarea "AssignProjectConfiguration" del ensamblado "Microsoft.Build.Tasks.Core, Version=15.1.0.0, Culture=neutral, PublicKeyToken=b03f5f7f11d50a3a".
       Tarea "AssignProjectConfiguration"
       Ejecución de la tarea "AssignProjectConfiguration" terminada.
   3:7>Compilación terminada del destino "AssignProjectConfiguration" en el proyecto "MisComponentesLib.csproj".
       Se omitió el destino "AssignProjectConfiguration". Compilado previamente de forma correcta.
   3:7>Destino "_SplitProjectReferencesByFileExistence" en el archivo "C:\Program Files\dotnet\sdk\9.0.305\Microsoft.Common.CurrentVersion.targets" del proyecto "D:\GitHub\Grado\DAM\2DAM\C Sharp\Creacion Componente\RA3_RelojDigital\MisComponentesLib\MisComponentesLib.csproj" (el destino "PrepareProjectReferences" depende de él):
       Se omitió la tarea "ResolveNonMSBuildProjectOutput" debido a una condición falsa (False); ('$(BuildingInsideVisualStudio)'=='true' and '@(ProjectReferenceWithConfiguration)'!='') se evaluó como (''=='true' and ''!='').
   3:7>Compilación terminada del destino "_SplitProjectReferencesByFileExistence" en el proyecto "MisComponentesLib.csproj".
   3:7>Destino "_AddOutputPathToGlobalPropertiesToRemove" en el archivo "C:\Program Files\dotnet\sdk\9.0.305\Microsoft.Common.CurrentVersion.targets" del proyecto "D:\GitHub\Grado\DAM\2DAM\C Sharp\Creacion Componente\RA3_RelojDigital\MisComponentesLib\MisComponentesLib.csproj" (el destino "_GetProjectReferenceTargetFrameworkProperties" depende de él):
   3:7>Compilación terminada del destino "_AddOutputPathToGlobalPropertiesToRemove" en el proyecto "MisComponentesLib.csproj".
   3:7>Destino "_GetProjectReferenceTargetFrameworkProperties" en el archivo "C:\Program Files\dotnet\sdk\9.0.305\Microsoft.Common.CurrentVersion.targets" del proyecto "D:\GitHub\Grado\DAM\2DAM\C Sharp\Creacion Componente\RA3_RelojDigital\MisComponentesLib\MisComponentesLib.csproj" (el destino "PrepareProjectReferences" depende de él):
       Tarea "MSBuild"
       Ejecución de la tarea "MSBuild" terminada.
       Se omitió la tarea "MSBuild" debido a una condición falsa (False); ('%(_MSBuildProjectReferenceExistent.SkipGetTargetFrameworkProperties)' != 'true' and '$(EnableDynamicPlatformResolution)' == 'true') se evaluó como ('' != 'true' and '' == 'true').
       Se omitió la tarea "GetReferenceNearestTargetFrameworkTask" debido a una condición falsa (False); ('@(_ProjectReferenceTargetFrameworkPossibilities)' != '' and '$(ReferringTargetFrameworkForProjectReferences)' != ''
                                                               And '$(GetReferenceNearestTargetFrameworkTaskSupportsTargetPlatformParameter)' == 'true' and '%(_ProjectReferenceTargetFrameworkPossibilities.IsVcxOrNativeProj)' != 'true') se evaluó como ('' != '' and '.NETFramework,Version=v4.7.2' != ''
                                                               And 'true' == 'true' and '' != 'true').
       Se omitió la tarea "GetReferenceNearestTargetFrameworkTask" debido a una condición falsa (False); ('@(_ProjectReferenceTargetFrameworkPossibilities)' != '' and '$(ReferringTargetFrameworkForProjectReferences)' != ''
                                                               And '$(GetReferenceNearestTargetFrameworkTaskSupportsTargetPlatformParameter)' != 'true' and '%(_ProjectReferenceTargetFrameworkPossibilities.IsVcxOrNativeProj)' != 'true') se evaluó como ('' != '' and '.NETFramework,Version=v4.7.2' != ''
                                                               And 'true' != 'true' and '' != 'true').
       Usando la tarea "SetRidAgnosticValueForProjects" del ensamblado "Microsoft.Build.Tasks.Core, Version=15.1.0.0, Culture=neutral, PublicKeyToken=b03f5f7f11d50a3a".
       Tarea "SetRidAgnosticValueForProjects"
       Ejecución de la tarea "SetRidAgnosticValueForProjects" terminada.
   3:7>Compilación terminada del destino "_GetProjectReferenceTargetFrameworkProperties" en el proyecto "MisComponentesLib.csproj".
   3:7>Destino "ValidateExecutableReferences" en el archivo "C:\Program Files\dotnet\sdk\9.0.305\Sdks\Microsoft.NET.Sdk\targets\Microsoft.NET.Sdk.targets" del proyecto "D:\GitHub\Grado\DAM\2DAM\C Sharp\Creacion Componente\RA3_RelojDigital\MisComponentesLib\MisComponentesLib.csproj" (el destino "PrepareProjectReferences" depende de él):
       Usando la tarea "ValidateExecutableReferences" del ensamblado "C:\Program Files\dotnet\sdk\9.0.305\Sdks\Microsoft.NET.Sdk\targets\..\tools\net9.0\Microsoft.NET.Build.Tasks.dll".
       Tarea "ValidateExecutableReferences"
       Ejecución de la tarea "ValidateExecutableReferences" terminada.
   3:7>Compilación terminada del destino "ValidateExecutableReferences" en el proyecto "MisComponentesLib.csproj".
       Se omitió el destino "_GetProjectReferencePlatformProperties" debido a una condición falsa (False); ('$(EnableDynamicPlatformResolution)' == 'true'
                            and '@(_MSBuildProjectReferenceExistent)' != '') se evaluó como ('' == 'true'
                            and '' != '').
   3:7>Destino "PrepareProjectReferences" en el archivo "C:\Program Files\dotnet\sdk\9.0.305\Microsoft.Common.CurrentVersion.targets" del proyecto "D:\GitHub\Grado\DAM\2DAM\C Sharp\Creacion Componente\RA3_RelojDigital\MisComponentesLib\MisComponentesLib.csproj" (el destino "ResolveProjectReferences" depende de él):
   3:7>Compilación terminada del destino "PrepareProjectReferences" en el proyecto "MisComponentesLib.csproj".
   3:7>Destino "ResolveProjectReferences" en el archivo "C:\Program Files\dotnet\sdk\9.0.305\Microsoft.Common.CurrentVersion.targets" del proyecto "D:\GitHub\Grado\DAM\2DAM\C Sharp\Creacion Componente\RA3_RelojDigital\MisComponentesLib\MisComponentesLib.csproj" (el destino "ResolveReferences" depende de él):
       Se omitió la tarea "MSBuild" debido a una condición falsa (False); ('%(_MSBuildProjectReferenceExistent.BuildReference)' == 'true' and '@(ProjectReferenceWithConfiguration)' != '' and ('$(BuildingInsideVisualStudio)' == 'true' or '$(BuildProjectReferences)' != 'true') and '$(VisualStudioVersion)' != '10.0' and '@(_MSBuildProjectReferenceExistent)' != '') se evaluó como ('' == 'true' and '' != '' and ('' == 'true' or 'true' != 'true') and '17.0' != '10.0' and '' != '').
       Se omitió la tarea "MSBuild" debido a una condición falsa (False); ('%(_MSBuildProjectReferenceExistent.BuildReference)' == 'true' and '@(ProjectReferenceWithConfiguration)' != '' and '$(BuildingInsideVisualStudio)' != 'true' and '$(BuildProjectReferences)' == 'true' and '@(_MSBuildProjectReferenceExistent)' != '') se evaluó como ('' == 'true' and '' != '' and '' != 'true' and 'true' == 'true' and '' != '').
       Se omitió la tarea "MSBuild" debido a una condición falsa (False); ('%(_MSBuildProjectReferenceExistent.BuildReference)' == 'true' and '@(ProjectReferenceWithConfiguration)' != '' and '$(BuildingProject)' == 'true' and '@(_MSBuildProjectReferenceExistent)' != '') se evaluó como ('' == 'true' and '' != '' and 'true' == 'true' and '' != '').
       Se omitió la tarea "MSBuildInternalMessage" debido a una condición falsa (False); ('$(_NonExistentProjectReferenceSeverity)' != '') se evaluó como ('' != '').
   3:7>Compilación terminada del destino "ResolveProjectReferences" en el proyecto "MisComponentesLib.csproj".
   3:7>Destino "RemoveManagedWinRTComponentWinMDReferences" en el archivo "C:\Program Files\dotnet\sdk\9.0.305\Sdks\Microsoft.NET.Sdk\targets\Microsoft.NET.Windows.targets" del proyecto "D:\GitHub\Grado\DAM\2DAM\C Sharp\Creacion Componente\RA3_RelojDigital\MisComponentesLib\MisComponentesLib.csproj" (el destino "ResolveReferences" depende de él):
   3:7>Compilación terminada del destino "RemoveManagedWinRTComponentWinMDReferences" en el proyecto "MisComponentesLib.csproj".
       Se omitió el destino "AddWinRTComponentImplementationReference" debido a una condición falsa (False); ('@(ManagedWinRTComponentImplementations)' != '') se evaluó como ('' != '').
       Se omitió el destino "FindInvalidProjectReferences" debido a una condición falsa (False); ('$(FindInvalidProjectReferences)' == 'true') se evaluó como ('' == 'true').
       Se omitió el destino "ResolveNativeReferences" debido a una condición falsa (False); ('@(NativeReference)'!='') se evaluó como (''!='').
       Se omitió el destino "ResolveProjectReferences". Compilado previamente de forma correcta.
       Se omitió el destino "FindInvalidProjectReferences" debido a una condición falsa (False); ('$(FindInvalidProjectReferences)' == 'true') se evaluó como ('' == 'true').
       Se omitió el destino "GetFrameworkPaths". Compilado previamente de forma correcta.
       Se omitió el destino "GetReferenceAssemblyPaths". Compilado previamente de forma correcta.
       Se omitió el destino "PrepareForBuild". Compilado previamente de forma correcta.
       Se omitió el destino "GetInstalledSDKLocations" debido a una condición falsa (False); ('@(SDKReference)' != '') se evaluó como ('' != '').
   3:7>Destino "ResolveSDKReferences" en el archivo "C:\Program Files\dotnet\sdk\9.0.305\Microsoft.Common.CurrentVersion.targets" del proyecto "D:\GitHub\Grado\DAM\2DAM\C Sharp\Creacion Componente\RA3_RelojDigital\MisComponentesLib\MisComponentesLib.csproj" (el destino "ResolveAssemblyReferences" depende de él):
       Se omitió la tarea "ResolveSDKReference" debido a una condición falsa (False); ('@(SDKReference)'!='') se evaluó como (''!='').
   3:7>Compilación terminada del destino "ResolveSDKReferences" en el proyecto "MisComponentesLib.csproj".
       Se omitió el destino "ResolveSDKReferences". Compilado previamente de forma correcta.
   3:7>Destino "ExpandSDKReferences" en el archivo "C:\Program Files\dotnet\sdk\9.0.305\Microsoft.Common.CurrentVersion.targets" del proyecto "D:\GitHub\Grado\DAM\2DAM\C Sharp\Creacion Componente\RA3_RelojDigital\MisComponentesLib\MisComponentesLib.csproj" (el destino "ResolveAssemblyReferences" depende de él):
       Se omitió la tarea "GetSDKReferenceFiles" debido a una condición falsa (False); ('@(ResolvedSDKReference)'!='') se evaluó como (''!='').
   3:7>Compilación terminada del destino "ExpandSDKReferences" en el proyecto "MisComponentesLib.csproj".
       Se omitió el destino "ResolvePackageDependenciesForBuild". Compilado previamente de forma correcta.
       Se omitió el destino "GetFrameworkPaths". Compilado previamente de forma correcta.
       Se omitió el destino "GetReferenceAssemblyPaths". Compilado previamente de forma correcta.
       Se omitió el destino "ResolveTargetingPackAssets" debido a una condición falsa (False); ('@(FrameworkReference)' != '') se evaluó como ('' != '').
       Se omitió el destino "ResolveOffByDefaultAnalyzers" debido a una condición falsa (False); ('@(FrameworkReference)' != '') se evaluó como ('' != '').
   3:7>Destino "ImplicitlyExpandNETStandardFacades" en el archivo "C:\Program Files\dotnet\sdk\9.0.305\Microsoft\Microsoft.NET.Build.Extensions\Microsoft.NET.Build.Extensions.NETFramework.targets" del proyecto "D:\GitHub\Grado\DAM\2DAM\C Sharp\Creacion Componente\RA3_RelojDigital\MisComponentesLib\MisComponentesLib.csproj" (el destino "_HandlePackageFileConflicts" depende de él):
       Se omitió la tarea "GetDependsOnNETStandard" debido a una condición falsa (False); ('$(_RunGetDependsOnNETStandard)' == 'true') se evaluó como ('' == 'true').
       Se omitió la tarea "NETBuildExtensionsError" debido a una condición falsa (False); ('$(DependsOnNETStandard)' == 'true' AND '$(NETStandardInbox)' != 'true' AND '$(_UsingOldSDK)' == 'true') se evaluó como ('' == 'true' AND 'true' != 'true' AND '' == 'true').
       Se omitió la tarea "AddFacadesToReferences" debido a una condición falsa (False); ('@(_NETStandardLibraryNETFrameworkLib)' != '') se evaluó como ('' != '').
   3:7>Compilación terminada del destino "ImplicitlyExpandNETStandardFacades" en el proyecto "MisComponentesLib.csproj".
   3:7>Destino "_HandlePackageFileConflicts" en el archivo "C:\Program Files\dotnet\sdk\9.0.305\Sdks\Microsoft.NET.Sdk\targets\Microsoft.NET.ConflictResolution.targets" del proyecto "D:\GitHub\Grado\DAM\2DAM\C Sharp\Creacion Componente\RA3_RelojDigital\MisComponentesLib\MisComponentesLib.csproj" (el destino "ResolveAssemblyReferences" depende de él):
       Usando la tarea "ResolvePackageFileConflicts" del ensamblado "C:\Program Files\dotnet\sdk\9.0.305\Sdks\Microsoft.NET.Sdk\targets\..\tools\net9.0\Microsoft.NET.Build.Tasks.dll".
       Tarea "ResolvePackageFileConflicts"
       Ejecución de la tarea "ResolvePackageFileConflicts" terminada.
   3:7>Compilación terminada del destino "_HandlePackageFileConflicts" en el proyecto "MisComponentesLib.csproj".
       Se omitió el destino "ResolveTargetingPackAssets" debido a una condición falsa (False); ('@(FrameworkReference)' != '') se evaluó como ('' != '').
       Se omitió el destino "ResolveOffByDefaultAnalyzers" debido a una condición falsa (False); ('@(FrameworkReference)' != '') se evaluó como ('' != '').
       Se omitió el destino "ImplicitlyExpandNETStandardFacades". Compilado previamente de forma correcta.
   3:7>Destino "ResolveAssemblyReferences" en el archivo "C:\Program Files\dotnet\sdk\9.0.305\Microsoft.Common.CurrentVersion.targets" del proyecto "D:\GitHub\Grado\DAM\2DAM\C Sharp\Creacion Componente\RA3_RelojDigital\MisComponentesLib\MisComponentesLib.csproj" (el destino "ResolveReferences" depende de él):
       Usando la tarea "ResolveAssemblyReference" del ensamblado "Microsoft.Build.Tasks.Core, Version=15.1.0.0, Culture=neutral, PublicKeyToken=b03f5f7f11d50a3a".
       Tarea "ResolveAssemblyReference"
         TargetFrameworkMoniker:
             .NETFramework,Version=v4.7.2
         TargetFrameworkMonikerDisplayName:
             .NET Framework 4.7.2
         TargetedRuntimeVersion:
             v
         Assemblies:
             System.Windows.Forms
             System
             System.Data
             System.Drawing
             System.Xml
             System.Core
             System.Runtime.Serialization
             System.Xml.Linq
             System.Numerics
             System.IO.Compression.FileSystem
         AssemblyFiles:
             C:\Program Files (x86)\Reference Assemblies\Microsoft\Framework\.NETFramework\v4.7.2\mscorlib.dll
         CandidateAssemblyFiles:
         TargetFrameworkDirectories:
             C:\Program Files (x86)\Reference Assemblies\Microsoft\Framework\.NETFramework\v4.7.2\,C:\Program Files (x86)\Reference Assemblies\Microsoft\Framework\.NETFramework\v4.7.2\Facades\
         NonCultureResourceDirectories:
             
         InstalledAssemblyTables:
         IgnoreInstalledAssemblyTable:
             False
         SearchPaths:
             {CandidateAssemblyFiles}
             {HintPathFromItem}
             {TargetFrameworkDirectory}
             {RawFileName}
         AllowedAssemblyExtensions:
             .winmd
             .dll
             .exe
         AllowedRelatedFileExtensions:
             .pdb
             .xml
             .pri
             .dll.config
             .exe.config
         AppConfigFile:
             
         AutoUnify:
             True
         EnableCustomCulture:
             False
         CopyLocalDependenciesWhenParentReferenceInGac:
             True
         FindDependencies:
             True
         TargetProcessorArchitecture:
             msil
         StateFile:
             obj\Debug\net472\MisComponentesLib.csproj.AssemblyReference.cache
         InstalledAssemblySubsetTables:
         IgnoreInstalledAssemblySubsetTable:
             False
         TargetFrameworkSubsets:
         FullTargetFrameworkSubsetNames:
             Full
         ProfileName:
             
         FullFrameworkFolders:
             C:\Program Files (x86)\Reference Assemblies\Microsoft\Framework\.NETFramework\v4.7.2\
         LatestTargetFrameworkDirectories:
         ProfileTablesLocation:
         Referencia principal "mscorlib, Version=4.0.0.0, Culture=neutral, PublicKeyToken=b77a5c561934e089".
             La ruta de acceso del archivo resuelta es "C:\Program Files (x86)\Reference Assemblies\Microsoft\Framework\.NETFramework\v4.7.2\mscorlib.dll".
             Se encontró una referencia en la ubicación de ruta de acceso de búsqueda "C:\Program Files (x86)\Reference Assemblies\Microsoft\Framework\.NETFramework\v4.7.2\mscorlib.dll".
             Esta referencia no es "CopyLocal" porque se encuentra en un directorio de Frameworks.
         Referencia principal "System.Windows.Forms, Version=4.0.0.0, Culture=neutral, PublicKeyToken=b77a5c561934e089".
             La ruta de acceso del archivo resuelta es "C:\Program Files (x86)\Reference Assemblies\Microsoft\Framework\.NETFramework\v4.7.2\System.Windows.Forms.dll".
             Se encontró una referencia en la ubicación de ruta de acceso de búsqueda "{TargetFrameworkDirectory}".
                 Para SearchPath "{TargetFrameworkDirectory}".
                 Se consideró "C:\Program Files (x86)\Reference Assemblies\Microsoft\Framework\.NETFramework\v4.7.2\System.Windows.Forms.winmd", pero no existía.
             Esta referencia no es "CopyLocal" porque es un archivo necesario.
         Referencia principal "System, Version=4.0.0.0, Culture=neutral, PublicKeyToken=b77a5c561934e089".
             La ruta de acceso del archivo resuelta es "C:\Program Files (x86)\Reference Assemblies\Microsoft\Framework\.NETFramework\v4.7.2\System.dll".
             Se encontró una referencia en la ubicación de ruta de acceso de búsqueda "{TargetFrameworkDirectory}".
                 Para SearchPath "{TargetFrameworkDirectory}".
                 Se consideró "C:\Program Files (x86)\Reference Assemblies\Microsoft\Framework\.NETFramework\v4.7.2\System.winmd", pero no existía.
             Esta referencia no es "CopyLocal" porque es un archivo necesario.
         Referencia principal "System.Data, Version=4.0.0.0, Culture=neutral, PublicKeyToken=b77a5c561934e089".
             La ruta de acceso del archivo resuelta es "C:\Program Files (x86)\Reference Assemblies\Microsoft\Framework\.NETFramework\v4.7.2\System.Data.dll".
             Se encontró una referencia en la ubicación de ruta de acceso de búsqueda "{TargetFrameworkDirectory}".
                 Para SearchPath "{TargetFrameworkDirectory}".
                 Se consideró "C:\Program Files (x86)\Reference Assemblies\Microsoft\Framework\.NETFramework\v4.7.2\System.Data.winmd", pero no existía.
             Esta referencia no es "CopyLocal" porque es un archivo necesario.
         Referencia principal "System.Drawing, Version=4.0.0.0, Culture=neutral, PublicKeyToken=b03f5f7f11d50a3a".
             La ruta de acceso del archivo resuelta es "C:\Program Files (x86)\Reference Assemblies\Microsoft\Framework\.NETFramework\v4.7.2\System.Drawing.dll".
             Se encontró una referencia en la ubicación de ruta de acceso de búsqueda "{TargetFrameworkDirectory}".
                 Para SearchPath "{TargetFrameworkDirectory}".
                 Se consideró "C:\Program Files (x86)\Reference Assemblies\Microsoft\Framework\.NETFramework\v4.7.2\System.Drawing.winmd", pero no existía.
             Esta referencia no es "CopyLocal" porque es un archivo necesario.
         Referencia principal "System.Xml, Version=4.0.0.0, Culture=neutral, PublicKeyToken=b77a5c561934e089".
             La ruta de acceso del archivo resuelta es "C:\Program Files (x86)\Reference Assemblies\Microsoft\Framework\.NETFramework\v4.7.2\System.Xml.dll".
             Se encontró una referencia en la ubicación de ruta de acceso de búsqueda "{TargetFrameworkDirectory}".
                 Para SearchPath "{TargetFrameworkDirectory}".
                 Se consideró "C:\Program Files (x86)\Reference Assemblies\Microsoft\Framework\.NETFramework\v4.7.2\System.Xml.winmd", pero no existía.
             Esta referencia no es "CopyLocal" porque es un archivo necesario.
         Referencia principal "System.Core, Version=4.0.0.0, Culture=neutral, PublicKeyToken=b77a5c561934e089".
             La ruta de acceso del archivo resuelta es "C:\Program Files (x86)\Reference Assemblies\Microsoft\Framework\.NETFramework\v4.7.2\System.Core.dll".
             Se encontró una referencia en la ubicación de ruta de acceso de búsqueda "{TargetFrameworkDirectory}".
                 Para SearchPath "{TargetFrameworkDirectory}".
                 Se consideró "C:\Program Files (x86)\Reference Assemblies\Microsoft\Framework\.NETFramework\v4.7.2\System.Core.winmd", pero no existía.
             Esta referencia no es "CopyLocal" porque es un archivo necesario.
         Referencia principal "System.Runtime.Serialization, Version=4.0.0.0, Culture=neutral, PublicKeyToken=b77a5c561934e089".
             La ruta de acceso del archivo resuelta es "C:\Program Files (x86)\Reference Assemblies\Microsoft\Framework\.NETFramework\v4.7.2\System.Runtime.Serialization.dll".
             Se encontró una referencia en la ubicación de ruta de acceso de búsqueda "{TargetFrameworkDirectory}".
                 Para SearchPath "{TargetFrameworkDirectory}".
                 Se consideró "C:\Program Files (x86)\Reference Assemblies\Microsoft\Framework\.NETFramework\v4.7.2\System.Runtime.Serialization.winmd", pero no existía.
             Esta referencia no es "CopyLocal" porque es un archivo necesario.
         Referencia principal "System.Xml.Linq, Version=4.0.0.0, Culture=neutral, PublicKeyToken=b77a5c561934e089".
             La ruta de acceso del archivo resuelta es "C:\Program Files (x86)\Reference Assemblies\Microsoft\Framework\.NETFramework\v4.7.2\System.Xml.Linq.dll".
             Se encontró una referencia en la ubicación de ruta de acceso de búsqueda "{TargetFrameworkDirectory}".
                 Para SearchPath "{TargetFrameworkDirectory}".
                 Se consideró "C:\Program Files (x86)\Reference Assemblies\Microsoft\Framework\.NETFramework\v4.7.2\System.Xml.Linq.winmd", pero no existía.
             Esta referencia no es "CopyLocal" porque es un archivo necesario.
         Referencia principal "System.Numerics, Version=4.0.0.0, Culture=neutral, PublicKeyToken=b77a5c561934e089".
             La ruta de acceso del archivo resuelta es "C:\Program Files (x86)\Reference Assemblies\Microsoft\Framework\.NETFramework\v4.7.2\System.Numerics.dll".
             Se encontró una referencia en la ubicación de ruta de acceso de búsqueda "{TargetFrameworkDirectory}".
                 Para SearchPath "{TargetFrameworkDirectory}".
                 Se consideró "C:\Program Files (x86)\Reference Assemblies\Microsoft\Framework\.NETFramework\v4.7.2\System.Numerics.winmd", pero no existía.
             Esta referencia no es "CopyLocal" porque es un archivo necesario.
         Referencia principal "System.IO.Compression.FileSystem, Version=4.0.0.0, Culture=neutral, PublicKeyToken=b77a5c561934e089".
             La ruta de acceso del archivo resuelta es "C:\Program Files (x86)\Reference Assemblies\Microsoft\Framework\.NETFramework\v4.7.2\System.IO.Compression.FileSystem.dll".
             Se encontró una referencia en la ubicación de ruta de acceso de búsqueda "{TargetFrameworkDirectory}".
                 Para SearchPath "{TargetFrameworkDirectory}".
                 Se consideró "C:\Program Files (x86)\Reference Assemblies\Microsoft\Framework\.NETFramework\v4.7.2\System.IO.Compression.FileSystem.winmd", pero no existía.
             Esta referencia no es "CopyLocal" porque es un archivo necesario.
       Ejecución de la tarea "ResolveAssemblyReference" terminada.
   3:7>Compilación terminada del destino "ResolveAssemblyReferences" en el proyecto "MisComponentesLib.csproj".
       Se omitió el destino "_ErrorOnUnresolvedWindowsSDKAssemblyConflict" debido a una condición falsa (False); ( '@(ResolveAssemblyReferenceUnresolvedAssemblyConflicts)' != '' ) se evaluó como ( '' != '' ).
       Se omitió el destino "GenerateBindingRedirects" debido a una condición falsa (False); ('$(AutoGenerateBindingRedirects)' == 'true' and '$(GenerateBindingRedirectsOutputType)' == 'true' and '@(SuggestedBindingRedirects)' != '' and '$(DesignTimeBuild)' != 'true' and '$(BuildingProject)' == 'true') se evaluó como ('true' == 'true' and '' == 'true' and '' != '' and '' != 'true' and 'true' == 'true').
       Se omitió el destino "ResolveAssemblyReferences". Compilado previamente de forma correcta.
   3:7>Destino "_RemoveZipFileSuggestedRedirect" en el archivo "C:\Program Files\dotnet\sdk\9.0.305\Microsoft\Microsoft.NET.Build.Extensions\Microsoft.NET.Build.Extensions.NETFramework.targets" del proyecto "D:\GitHub\Grado\DAM\2DAM\C Sharp\Creacion Componente\RA3_RelojDigital\MisComponentesLib\MisComponentesLib.csproj" (el destino "GenerateBindingRedirects" depende de él):
   3:7>Compilación terminada del destino "_RemoveZipFileSuggestedRedirect" en el proyecto "MisComponentesLib.csproj".
       Se omitió el destino "GenerateSupportedRuntime" debido a una condición falsa (False); ('$(GenerateSupportedRuntime)' != 'false' and '$(TargetFrameworkIdentifier)' == '.NETFramework' and '$(HasRuntimeOutput)' == 'true') se evaluó como ('' != 'false' and '.NETFramework' == '.NETFramework' and '' == 'true').
       Se omitió el destino "GenerateBindingRedirectsUpdateAppConfig" debido a una condición falsa (False); ('$(AutoGenerateBindingRedirects)' == 'true' and '$(GenerateBindingRedirectsOutputType)' == 'true') se evaluó como ('true' == 'true' and '' == 'true').
       Se omitió el destino "ResolveComReferences" debido a una condición falsa (False); ('@(COMReference)'!='' or '@(COMFileReference)'!='') se evaluó como (''!='' or ''!='').
   3:7>Destino "AfterResolveReferences" en el archivo "C:\Program Files\dotnet\sdk\9.0.305\Microsoft.Common.CurrentVersion.targets" del proyecto "D:\GitHub\Grado\DAM\2DAM\C Sharp\Creacion Componente\RA3_RelojDigital\MisComponentesLib\MisComponentesLib.csproj" (el destino "ResolveReferences" depende de él):
   3:7>Compilación terminada del destino "AfterResolveReferences" en el proyecto "MisComponentesLib.csproj".
       Se omitió el destino "GetReferenceAssemblyPaths". Compilado previamente de forma correcta.
   3:7>Destino "ImplicitlyExpandDesignTimeFacades" en el archivo "C:\Program Files\dotnet\sdk\9.0.305\Microsoft.NETFramework.CurrentVersion.targets" del proyecto "D:\GitHub\Grado\DAM\2DAM\C Sharp\Creacion Componente\RA3_RelojDigital\MisComponentesLib\MisComponentesLib.csproj" (el destino "ResolveReferences" depende de él):
   3:7>Compilación terminada del destino "ImplicitlyExpandDesignTimeFacades" en el proyecto "MisComponentesLib.csproj".
   3:7>Destino "ResolveReferences" en el archivo "C:\Program Files\dotnet\sdk\9.0.305\Microsoft.Common.CurrentVersion.targets" del proyecto "D:\GitHub\Grado\DAM\2DAM\C Sharp\Creacion Componente\RA3_RelojDigital\MisComponentesLib\MisComponentesLib.csproj" (el destino "CoreBuild" depende de él):
   3:7>Compilación terminada del destino "ResolveReferences" en el proyecto "MisComponentesLib.csproj".
       Se omitió el destino "ResolvePackageDependenciesForBuild". Compilado previamente de forma correcta.
       Se omitió el destino "_HandlePackageFileConflicts". Compilado previamente de forma correcta.
   3:7>Destino "CopyAdditionalFiles" en el archivo "C:\Program Files\dotnet\sdk\9.0.305\Roslyn\Microsoft.Managed.Core.targets" del proyecto "D:\GitHub\Grado\DAM\2DAM\C Sharp\Creacion Componente\RA3_RelojDigital\MisComponentesLib\MisComponentesLib.csproj" (el destino "AssignTargetPaths" depende de él):
   3:7>Compilación terminada del destino "CopyAdditionalFiles" en el proyecto "MisComponentesLib.csproj".
       Se omitió el destino "_ComputeNETCoreBuildOutputFiles" debido a una condición falsa (False); ('$(ComputeNETCoreBuildOutputFiles)' == 'true') se evaluó como ('' == 'true').
   3:7>Destino "AssignTargetPaths" en el archivo "C:\Program Files\dotnet\sdk\9.0.305\Microsoft.Common.CurrentVersion.targets" del proyecto "D:\GitHub\Grado\DAM\2DAM\C Sharp\Creacion Componente\RA3_RelojDigital\MisComponentesLib\MisComponentesLib.csproj" (el destino "PrepareResourceNames" depende de él):
       Usando la tarea "AssignTargetPath" del ensamblado "Microsoft.Build.Tasks.Core, Version=15.1.0.0, Culture=neutral, PublicKeyToken=b03f5f7f11d50a3a".
       Tarea "AssignTargetPath"
       Ejecución de la tarea "AssignTargetPath" terminada.
       Tarea "AssignTargetPath"
       Ejecución de la tarea "AssignTargetPath" terminada.
       Tarea "AssignTargetPath"
       Ejecución de la tarea "AssignTargetPath" terminada.
       Tarea "AssignTargetPath"
       Ejecución de la tarea "AssignTargetPath" terminada.
       Se omitió la tarea "AssignTargetPath" debido a una condición falsa (False); ('@(_DeploymentBaseManifestWithTargetPath)'=='' and '%(None.Extension)'=='.manifest') se evaluó como (''=='' and ''=='.manifest').
   3:7>Compilación terminada del destino "AssignTargetPaths" en el proyecto "MisComponentesLib.csproj".
       Se omitió el destino "AssignTargetPaths". Compilado previamente de forma correcta.
   3:7>Destino "SplitResourcesByCulture" en el archivo "C:\Program Files\dotnet\sdk\9.0.305\Microsoft.Common.CurrentVersion.targets" del proyecto "D:\GitHub\Grado\DAM\2DAM\C Sharp\Creacion Componente\RA3_RelojDigital\MisComponentesLib\MisComponentesLib.csproj" (el destino "PrepareResourceNames" depende de él):
       Se omitió la tarea "MSBuildInternalMessage" debido a una condición falsa (False); ('@(ResxWithNoCulture)'!='') se evaluó como (''!='').
       Se omitió la tarea "MSBuildInternalMessage" debido a una condición falsa (False); ('@(ResxWithCulture)'!='') se evaluó como (''!='').
       Se omitió la tarea "MSBuildInternalMessage" debido a una condición falsa (False); ('@(NonResxWithCulture)'!='') se evaluó como (''!='').
       Se omitió la tarea "MSBuildInternalMessage" debido a una condición falsa (False); ('@(NonResxWithNoCulture)'!='') se evaluó como (''!='').
       Usando la tarea "AssignCulture" del ensamblado "Microsoft.Build.Tasks.Core, Version=15.1.0.0, Culture=neutral, PublicKeyToken=b03f5f7f11d50a3a".
       Tarea "AssignCulture"
       Ejecución de la tarea "AssignCulture" terminada.
   3:7>Compilación terminada del destino "SplitResourcesByCulture" en el proyecto "MisComponentesLib.csproj".
       Se omitió el destino "CreateManifestResourceNames" debido a una condición falsa (False); ('@(EmbeddedResource)' != '') se evaluó como ('' != '').
   3:7>Destino "CreateCustomManifestResourceNames" en el archivo "C:\Program Files\dotnet\sdk\9.0.305\Microsoft.Common.CurrentVersion.targets" del proyecto "D:\GitHub\Grado\DAM\2DAM\C Sharp\Creacion Componente\RA3_RelojDigital\MisComponentesLib\MisComponentesLib.csproj" (el destino "PrepareResourceNames" depende de él):
   3:7>Compilación terminada del destino "CreateCustomManifestResourceNames" en el proyecto "MisComponentesLib.csproj".
   3:7>Destino "PrepareResourceNames" en el archivo "C:\Program Files\dotnet\sdk\9.0.305\Microsoft.Common.CurrentVersion.targets" del proyecto "D:\GitHub\Grado\DAM\2DAM\C Sharp\Creacion Componente\RA3_RelojDigital\MisComponentesLib\MisComponentesLib.csproj" (el destino "PrepareResources" depende de él):
   3:7>Compilación terminada del destino "PrepareResourceNames" en el proyecto "MisComponentesLib.csproj".
       Se omitió el destino "ResolveAssemblyReferences". Compilado previamente de forma correcta.
       Se omitió el destino "SplitResourcesByCulture". Compilado previamente de forma correcta.
   3:7>Destino "BeforeResGen" en el archivo "C:\Program Files\dotnet\sdk\9.0.305\Microsoft.Common.CurrentVersion.targets" del proyecto "D:\GitHub\Grado\DAM\2DAM\C Sharp\Creacion Componente\RA3_RelojDigital\MisComponentesLib\MisComponentesLib.csproj" (el destino "ResGen" depende de él):
   3:7>Compilación terminada del destino "BeforeResGen" en el proyecto "MisComponentesLib.csproj".
       Se omitió el destino "ResolveReferences". Compilado previamente de forma correcta.
   3:7>Destino "FindReferenceAssembliesForReferences" en el archivo "C:\Program Files\dotnet\sdk\9.0.305\Microsoft.Common.CurrentVersion.targets" del proyecto "D:\GitHub\Grado\DAM\2DAM\C Sharp\Creacion Componente\RA3_RelojDigital\MisComponentesLib\MisComponentesLib.csproj" (el destino "CoreResGen" depende de él):
   3:7>Compilación terminada del destino "FindReferenceAssembliesForReferences" en el proyecto "MisComponentesLib.csproj".
   3:7>Destino "CoreResGen" en el archivo "C:\Program Files\dotnet\sdk\9.0.305\Microsoft.Common.CurrentVersion.targets" del proyecto "D:\GitHub\Grado\DAM\2DAM\C Sharp\Creacion Componente\RA3_RelojDigital\MisComponentesLib\MisComponentesLib.csproj" (el destino "ResGen" depende de él):
       Se omitió la tarea "GenerateResource" debido a una condición falsa (False); ('%(EmbeddedResource.Type)' == 'Resx' and '%(EmbeddedResource.GenerateResource)' != 'false' and '$(GenerateResourceMSBuildRuntime)' != 'CLR2') se evaluó como ('' == 'Resx' and '' != 'false' and 'CurrentRuntime' != 'CLR2').
       Se omitió la tarea "GenerateResource" debido a una condición falsa (False); ('%(EmbeddedResource.Type)' == 'Resx' and '%(EmbeddedResource.GenerateResource)' != 'false' and '$(GenerateResourceMSBuildRuntime)' == 'CLR2') se evaluó como ('' == 'Resx' and '' != 'false' and 'CurrentRuntime' == 'CLR2').
   3:7>Compilación terminada del destino "CoreResGen" en el proyecto "MisComponentesLib.csproj".
   3:7>Destino "AfterResGen" en el archivo "C:\Program Files\dotnet\sdk\9.0.305\Microsoft.Common.CurrentVersion.targets" del proyecto "D:\GitHub\Grado\DAM\2DAM\C Sharp\Creacion Componente\RA3_RelojDigital\MisComponentesLib\MisComponentesLib.csproj" (el destino "ResGen" depende de él):
   3:7>Compilación terminada del destino "AfterResGen" en el proyecto "MisComponentesLib.csproj".
   3:7>Destino "ResGen" en el archivo "C:\Program Files\dotnet\sdk\9.0.305\Microsoft.Common.CurrentVersion.targets" del proyecto "D:\GitHub\Grado\DAM\2DAM\C Sharp\Creacion Componente\RA3_RelojDigital\MisComponentesLib\MisComponentesLib.csproj" (el destino "PrepareResources" depende de él):
   3:7>Compilación terminada del destino "ResGen" en el proyecto "MisComponentesLib.csproj".
       Se omitió el destino "CompileLicxFiles" debido a una condición falsa (False); ('@(_LicxFile)'!='') se evaluó como (''!='').
   3:7>Destino "PrepareResources" en el archivo "C:\Program Files\dotnet\sdk\9.0.305\Microsoft.Common.CurrentVersion.targets" del proyecto "D:\GitHub\Grado\DAM\2DAM\C Sharp\Creacion Componente\RA3_RelojDigital\MisComponentesLib\MisComponentesLib.csproj" (el destino "CoreBuild" depende de él):
   3:7>Compilación terminada del destino "PrepareResources" en el proyecto "MisComponentesLib.csproj".
       Se omitió el destino "ResolveKeySource" debido a una condición falsa (False); ($(SignManifests) == 'true' or $(SignAssembly) == 'true') se evaluó como ( == 'true' or false == 'true').
       Se omitió el destino "ResolveReferences". Compilado previamente de forma correcta.
       Se omitió el destino "ResolveKeySource" debido a una condición falsa (False); ($(SignManifests) == 'true' or $(SignAssembly) == 'true') se evaluó como ( == 'true' or false == 'true').
       Se omitió el destino "ResolveComReferences" debido a una condición falsa (False); ('@(COMReference)'!='' or '@(COMFileReference)'!='') se evaluó como (''!='' or ''!='').
       Se omitió el destino "ResolveNativeReferences" debido a una condición falsa (False); ('@(NativeReference)'!='') se evaluó como (''!='').
       Se omitió el destino "_SetExternalWin32ManifestProperties" debido a una condición falsa (False); ('$(GenerateClickOnceManifests)'=='true' or '@(NativeReference)'!='' or '@(ResolvedIsolatedComModules)'!='') se evaluó como (''=='true' or ''!='' or ''!='').
   3:7>Destino "_SetEmbeddedWin32ManifestProperties" en el archivo "C:\Program Files\dotnet\sdk\9.0.305\Microsoft.Common.CurrentVersion.targets" del proyecto "D:\GitHub\Grado\DAM\2DAM\C Sharp\Creacion Componente\RA3_RelojDigital\MisComponentesLib\MisComponentesLib.csproj" (el destino "SetWin32ManifestProperties" depende de él):
       Usando la tarea "GetFrameworkPath" del ensamblado "Microsoft.Build.Tasks.Core, Version=15.1.0.0, Culture=neutral, PublicKeyToken=b03f5f7f11d50a3a".
       Tarea "GetFrameworkPath"
       Ejecución de la tarea "GetFrameworkPath" terminada.
   3:7>Compilación terminada del destino "_SetEmbeddedWin32ManifestProperties" en el proyecto "MisComponentesLib.csproj".
   3:7>Destino "SetWin32ManifestProperties" en el archivo "C:\Program Files\dotnet\sdk\9.0.305\Microsoft.Common.CurrentVersion.targets" del proyecto "D:\GitHub\Grado\DAM\2DAM\C Sharp\Creacion Componente\RA3_RelojDigital\MisComponentesLib\MisComponentesLib.csproj" (el destino "Compile" depende de él):
   3:7>Compilación terminada del destino "SetWin32ManifestProperties" en el proyecto "MisComponentesLib.csproj".
       Se omitió el destino "_SetPreferNativeArm64Win32ManifestProperties" debido a una condición falsa (False); ( '$(PreferNativeArm64)'=='true' and '$(NoWin32Manifest)'!='true') se evaluó como ( 'false'=='true' and ''!='true').
       Se omitió el destino "FindReferenceAssembliesForReferences". Compilado previamente de forma correcta.
   3:7>Destino "_GenerateCompileInputs" en el archivo "C:\Program Files\dotnet\sdk\9.0.305\Microsoft.Common.CurrentVersion.targets" del proyecto "D:\GitHub\Grado\DAM\2DAM\C Sharp\Creacion Componente\RA3_RelojDigital\MisComponentesLib\MisComponentesLib.csproj" (el destino "Compile" depende de él):
       Se omitió la tarea "MSBuildInternalMessage" debido a una condición falsa (False); ('@(ManifestResourceWithNoCulture)'!='' and '%(ManifestResourceWithNoCulture.EmittedForCompatibilityOnly)'=='') se evaluó como (''!='' and ''=='').
       Se omitió la tarea "MSBuildInternalMessage" debido a una condición falsa (False); ('@(ManifestNonResxWithNoCultureOnDisk)'!='' and '%(ManifestNonResxWithNoCultureOnDisk.EmittedForCompatibilityOnly)'=='') se evaluó como (''!='' and ''=='').
   3:7>Compilación terminada del destino "_GenerateCompileInputs" en el proyecto "MisComponentesLib.csproj".
       Se omitió el destino "PrepareForBuild". Compilado previamente de forma correcta.
   3:7>Destino "GenerateMSBuildEditorConfigFileShouldRun" en el archivo "C:\Program Files\dotnet\sdk\9.0.305\Roslyn\Microsoft.Managed.Core.targets" del proyecto "D:\GitHub\Grado\DAM\2DAM\C Sharp\Creacion Componente\RA3_RelojDigital\MisComponentesLib\MisComponentesLib.csproj" (el destino "GenerateMSBuildEditorConfigFile" depende de él):
   3:7>Compilación terminada del destino "GenerateMSBuildEditorConfigFileShouldRun" en el proyecto "MisComponentesLib.csproj".
   3:7>Destino "AddGlobalAnalyzerConfigForPackage_MicrosoftCodeAnalysisCSharpCodeStyle" en el archivo "C:\Program Files\dotnet\sdk\9.0.305\Sdks\Microsoft.NET.Sdk\codestyle\cs\build\Microsoft.CodeAnalysis.CSharp.CodeStyle.targets" del proyecto "D:\GitHub\Grado\DAM\2DAM\C Sharp\Creacion Componente\RA3_RelojDigital\MisComponentesLib\MisComponentesLib.csproj" (el destino "GenerateMSBuildEditorConfigFileCore" depende de él):
   3:7>Compilación terminada del destino "AddGlobalAnalyzerConfigForPackage_MicrosoftCodeAnalysisCSharpCodeStyle" en el proyecto "MisComponentesLib.csproj".
   3:7>Destino "GenerateMSBuildEditorConfigFileCore" en el archivo "C:\Program Files\dotnet\sdk\9.0.305\Roslyn\Microsoft.Managed.Core.targets" del proyecto "D:\GitHub\Grado\DAM\2DAM\C Sharp\Creacion Componente\RA3_RelojDigital\MisComponentesLib\MisComponentesLib.csproj" (el destino "GenerateMSBuildEditorConfigFile" depende de él):
       Compilando completamente el destino "GenerateMSBuildEditorConfigFileCore".
       No se especificaron archivos de entrada.
       Usando la tarea "GenerateMSBuildEditorConfig" del ensamblado "C:\Program Files\dotnet\sdk\9.0.305\Roslyn\Microsoft.Build.Tasks.CodeAnalysis.dll".
       Tarea "GenerateMSBuildEditorConfig"
       Ejecución de la tarea "GenerateMSBuildEditorConfig" terminada.
   3:7>Compilación terminada del destino "GenerateMSBuildEditorConfigFileCore" en el proyecto "MisComponentesLib.csproj".
   3:7>Destino "GenerateMSBuildEditorConfigFile" en el archivo "C:\Program Files\dotnet\sdk\9.0.305\Roslyn\Microsoft.Managed.Core.targets" del proyecto "D:\GitHub\Grado\DAM\2DAM\C Sharp\Creacion Componente\RA3_RelojDigital\MisComponentesLib\MisComponentesLib.csproj" (el destino "BeforeCompile" depende de él):
   3:7>Compilación terminada del destino "GenerateMSBuildEditorConfigFile" en el proyecto "MisComponentesLib.csproj".
       Se omitió el destino "PrepareForBuild". Compilado previamente de forma correcta.
       Se omitió el destino "GetReferenceAssemblyPaths". Compilado previamente de forma correcta.
   3:7>Destino "_SetTargetFrameworkMonikerAttribute" en el archivo "C:\Program Files\dotnet\sdk\9.0.305\Microsoft.CSharp.CurrentVersion.targets" del proyecto "D:\GitHub\Grado\DAM\2DAM\C Sharp\Creacion Componente\RA3_RelojDigital\MisComponentesLib\MisComponentesLib.csproj" (el destino "GenerateTargetFrameworkMonikerAttribute" depende de él):
   3:7>Compilación terminada del destino "_SetTargetFrameworkMonikerAttribute" en el proyecto "MisComponentesLib.csproj".
   3:7>Destino "GenerateTargetFrameworkMonikerAttribute" en el archivo "C:\Program Files\dotnet\sdk\9.0.305\Microsoft.Common.CurrentVersion.targets" del proyecto "D:\GitHub\Grado\DAM\2DAM\C Sharp\Creacion Componente\RA3_RelojDigital\MisComponentesLib\MisComponentesLib.csproj" (el destino "BeforeCompile" depende de él):
       Se omitirá el destino "GenerateTargetFrameworkMonikerAttribute" porque todos los archivos de salida están actualizados respecto a los archivos de entrada.
       Archivos de entrada: C:\Program Files\dotnet\sdk\9.0.305\Microsoft.Common.targets
       Archivos de salida: obj\Debug\net472\.NETFramework,Version=v4.7.2.AssemblyAttributes.cs
   3:7>Compilación terminada del destino "GenerateTargetFrameworkMonikerAttribute" en el proyecto "MisComponentesLib.csproj".
       Se omitió el destino "GenerateAdditionalSources" debido a una condición falsa (False); ('@(AssemblyAttributes)' != '' and '$(GenerateAdditionalSources)' == 'true') se evaluó como ('' != '' and '' == 'true').
       Se omitió el destino "PrepareForBuild". Compilado previamente de forma correcta.
   3:7>Destino "GetAssemblyVersion" en el archivo "C:\Program Files\dotnet\sdk\9.0.305\Sdks\Microsoft.NET.Sdk\targets\Microsoft.NET.GenerateAssemblyInfo.targets" del proyecto "D:\GitHub\Grado\DAM\2DAM\C Sharp\Creacion Componente\RA3_RelojDigital\MisComponentesLib\MisComponentesLib.csproj" (el destino "GetAssemblyAttributes" depende de él):
       Usando la tarea "GetAssemblyVersion" del ensamblado "C:\Program Files\dotnet\sdk\9.0.305\Sdks\Microsoft.NET.Sdk\targets\..\tools\net9.0\Microsoft.NET.Build.Tasks.dll".
       Tarea "GetAssemblyVersion"
       Ejecución de la tarea "GetAssemblyVersion" terminada.
   3:7>Compilación terminada del destino "GetAssemblyVersion" en el proyecto "MisComponentesLib.csproj".
   3:7>Destino "InitializeSourceControlInformationFromSourceControlManager" en el archivo "C:\Program Files\dotnet\sdk\9.0.305\Sdks\Microsoft.Build.Tasks.Git\build\Microsoft.Build.Tasks.Git.targets" del proyecto "D:\GitHub\Grado\DAM\2DAM\C Sharp\Creacion Componente\RA3_RelojDigital\MisComponentesLib\MisComponentesLib.csproj" (el destino "_InitializeSourceControlInformationFromSourceControlManager" depende de él):
       Usando la tarea "Microsoft.Build.Tasks.Git.LocateRepository" del ensamblado "C:\Program Files\dotnet\sdk\9.0.305\Sdks\Microsoft.Build.Tasks.Git\build\..\tools\net\Microsoft.Build.Tasks.Git.dll".
       Tarea "Microsoft.Build.Tasks.Git.LocateRepository"
         SourceLink: Repository instance not found in cache: '*:D:\GitHub\Grado\.git'
       Ejecución de la tarea "Microsoft.Build.Tasks.Git.LocateRepository" terminada.
   3:7>Compilación terminada del destino "InitializeSourceControlInformationFromSourceControlManager" en el proyecto "MisComponentesLib.csproj".
   3:7>Destino "_SourceLinkHasSingleProvider" en el archivo "C:\Program Files\dotnet\sdk\9.0.305\Sdks\Microsoft.SourceLink.Common\build\InitializeSourceControlInformation.targets" del proyecto "D:\GitHub\Grado\DAM\2DAM\C Sharp\Creacion Componente\RA3_RelojDigital\MisComponentesLib\MisComponentesLib.csproj" (el destino "_InitializeSourceControlInformationFromSourceControlManager" depende de él):
       Ensamblado cargado durante TaskRun: Microsoft.SourceLink.Common, Version=9.0.11.11701, Culture=neutral, PublicKeyToken=31bf3856ad364e35(ubicación: C:\Program Files\dotnet\sdk\9.0.305\Sdks\Microsoft.SourceLink.Common\tools\net\Microsoft.SourceLink.Common.dll, MVID: e7b93933-92ac-4eda-8ab8-a1e1c543bfb2, AssemblyLoadContext: MSBuild plugin C:\Program Files\dotnet\sdk\9.0.305\Sdks\Microsoft.SourceLink.Common\tools\net\Microsoft.SourceLink.Common.dll)
       Usando la tarea "Microsoft.SourceLink.Common.SourceLinkHasSingleProvider" del ensamblado "C:\Program Files\dotnet\sdk\9.0.305\Sdks\Microsoft.SourceLink.Common\build\..\tools\net\Microsoft.SourceLink.Common.dll".
       Tarea "Microsoft.SourceLink.Common.SourceLinkHasSingleProvider"
       Ejecución de la tarea "Microsoft.SourceLink.Common.SourceLinkHasSingleProvider" terminada.
   3:7>Compilación terminada del destino "_SourceLinkHasSingleProvider" en el proyecto "MisComponentesLib.csproj".
   3:7>Destino "TranslateGitHubUrlsInSourceControlInformation" en el archivo "C:\Program Files\dotnet\sdk\9.0.305\Sdks\Microsoft.SourceLink.GitHub\build\Microsoft.SourceLink.GitHub.targets" del proyecto "D:\GitHub\Grado\DAM\2DAM\C Sharp\Creacion Componente\RA3_RelojDigital\MisComponentesLib\MisComponentesLib.csproj" (el destino "_InitializeSourceControlInformationFromSourceControlManager" depende de él):
       Ensamblado cargado durante TaskRun: Microsoft.SourceLink.GitHub, Version=9.0.11.11701, Culture=neutral, PublicKeyToken=31bf3856ad364e35(ubicación: C:\Program Files\dotnet\sdk\9.0.305\Sdks\Microsoft.SourceLink.GitHub\tools\net\Microsoft.SourceLink.GitHub.dll, MVID: de6eb21e-3e60-4c55-84da-db4085852056, AssemblyLoadContext: MSBuild plugin C:\Program Files\dotnet\sdk\9.0.305\Sdks\Microsoft.SourceLink.GitHub\tools\net\Microsoft.SourceLink.GitHub.dll)
       Usando la tarea "Microsoft.SourceLink.GitHub.TranslateRepositoryUrls" del ensamblado "C:\Program Files\dotnet\sdk\9.0.305\Sdks\Microsoft.SourceLink.GitHub\build\..\tools\net\Microsoft.SourceLink.GitHub.dll".
       Tarea "Microsoft.SourceLink.GitHub.TranslateRepositoryUrls"
       Ejecución de la tarea "Microsoft.SourceLink.GitHub.TranslateRepositoryUrls" terminada.
   3:7>Compilación terminada del destino "TranslateGitHubUrlsInSourceControlInformation" en el proyecto "MisComponentesLib.csproj".
   3:7>Destino "TranslateGitLabUrlsInSourceControlInformation" en el archivo "C:\Program Files\dotnet\sdk\9.0.305\Sdks\Microsoft.SourceLink.GitLab\build\Microsoft.SourceLink.GitLab.targets" del proyecto "D:\GitHub\Grado\DAM\2DAM\C Sharp\Creacion Componente\RA3_RelojDigital\MisComponentesLib\MisComponentesLib.csproj" (el destino "_InitializeSourceControlInformationFromSourceControlManager" depende de él):
       Ensamblado cargado durante TaskRun: Microsoft.SourceLink.GitLab, Version=9.0.11.11701, Culture=neutral, PublicKeyToken=31bf3856ad364e35(ubicación: C:\Program Files\dotnet\sdk\9.0.305\Sdks\Microsoft.SourceLink.GitLab\tools\net\Microsoft.SourceLink.GitLab.dll, MVID: ccdddc0a-7879-4673-a23d-bd877ae513a4, AssemblyLoadContext: MSBuild plugin C:\Program Files\dotnet\sdk\9.0.305\Sdks\Microsoft.SourceLink.GitLab\tools\net\Microsoft.SourceLink.GitLab.dll)
       Usando la tarea "Microsoft.SourceLink.GitLab.TranslateRepositoryUrls" del ensamblado "C:\Program Files\dotnet\sdk\9.0.305\Sdks\Microsoft.SourceLink.GitLab\build\..\tools\net\Microsoft.SourceLink.GitLab.dll".
       Tarea "Microsoft.SourceLink.GitLab.TranslateRepositoryUrls"
       Ejecución de la tarea "Microsoft.SourceLink.GitLab.TranslateRepositoryUrls" terminada.
   3:7>Compilación terminada del destino "TranslateGitLabUrlsInSourceControlInformation" en el proyecto "MisComponentesLib.csproj".
   3:7>Destino "TranslateAzureReposGitUrlsInSourceControlInformation" en el archivo "C:\Program Files\dotnet\sdk\9.0.305\Sdks\Microsoft.SourceLink.AzureRepos.Git\build\Microsoft.SourceLink.AzureRepos.Git.targets" del proyecto "D:\GitHub\Grado\DAM\2DAM\C Sharp\Creacion Componente\RA3_RelojDigital\MisComponentesLib\MisComponentesLib.csproj" (el destino "_InitializeSourceControlInformationFromSourceControlManager" depende de él):
       Ensamblado cargado durante TaskRun: Microsoft.SourceLink.AzureRepos.Git, Version=9.0.11.11701, Culture=neutral, PublicKeyToken=31bf3856ad364e35(ubicación: C:\Program Files\dotnet\sdk\9.0.305\Sdks\Microsoft.SourceLink.AzureRepos.Git\tools\net\Microsoft.SourceLink.AzureRepos.Git.dll, MVID: cc8362fa-d14c-4e8c-a855-a55f196817ae, AssemblyLoadContext: MSBuild plugin C:\Program Files\dotnet\sdk\9.0.305\Sdks\Microsoft.SourceLink.AzureRepos.Git\tools\net\Microsoft.SourceLink.AzureRepos.Git.dll)
       Usando la tarea "Microsoft.SourceLink.AzureRepos.Git.TranslateRepositoryUrls" del ensamblado "C:\Program Files\dotnet\sdk\9.0.305\Sdks\Microsoft.SourceLink.AzureRepos.Git\build\..\tools\net\Microsoft.SourceLink.AzureRepos.Git.dll".
       Tarea "Microsoft.SourceLink.AzureRepos.Git.TranslateRepositoryUrls"
       Ejecución de la tarea "Microsoft.SourceLink.AzureRepos.Git.TranslateRepositoryUrls" terminada.
   3:7>Compilación terminada del destino "TranslateAzureReposGitUrlsInSourceControlInformation" en el proyecto "MisComponentesLib.csproj".
   3:7>Destino "TranslateBitbucketGitUrlsInSourceControlInformation" en el archivo "C:\Program Files\dotnet\sdk\9.0.305\Sdks\Microsoft.SourceLink.Bitbucket.Git\build\Microsoft.SourceLink.Bitbucket.Git.targets" del proyecto "D:\GitHub\Grado\DAM\2DAM\C Sharp\Creacion Componente\RA3_RelojDigital\MisComponentesLib\MisComponentesLib.csproj" (el destino "_InitializeSourceControlInformationFromSourceControlManager" depende de él):
       Ensamblado cargado durante TaskRun: Microsoft.SourceLink.Bitbucket.Git, Version=9.0.11.11701, Culture=neutral, PublicKeyToken=31bf3856ad364e35(ubicación: C:\Program Files\dotnet\sdk\9.0.305\Sdks\Microsoft.SourceLink.Bitbucket.Git\tools\net\Microsoft.SourceLink.Bitbucket.Git.dll, MVID: 633cbf61-44e1-4706-8334-7e18ba081963, AssemblyLoadContext: MSBuild plugin C:\Program Files\dotnet\sdk\9.0.305\Sdks\Microsoft.SourceLink.Bitbucket.Git\tools\net\Microsoft.SourceLink.Bitbucket.Git.dll)
       Usando la tarea "Microsoft.SourceLink.Bitbucket.Git.TranslateRepositoryUrls" del ensamblado "C:\Program Files\dotnet\sdk\9.0.305\Sdks\Microsoft.SourceLink.Bitbucket.Git\build\..\tools\net\Microsoft.SourceLink.Bitbucket.Git.dll".
       Tarea "Microsoft.SourceLink.Bitbucket.Git.TranslateRepositoryUrls"
       Ejecución de la tarea "Microsoft.SourceLink.Bitbucket.Git.TranslateRepositoryUrls" terminada.
   3:7>Compilación terminada del destino "TranslateBitbucketGitUrlsInSourceControlInformation" en el proyecto "MisComponentesLib.csproj".
   3:7>Destino "SourceControlManagerPublishTranslatedUrls" en el archivo "C:\Program Files\dotnet\sdk\9.0.305\Sdks\Microsoft.SourceLink.Common\build\InitializeSourceControlInformation.targets" del proyecto "D:\GitHub\Grado\DAM\2DAM\C Sharp\Creacion Componente\RA3_RelojDigital\MisComponentesLib\MisComponentesLib.csproj" (el destino "_InitializeSourceControlInformationFromSourceControlManager" depende de él):
   3:7>Compilación terminada del destino "SourceControlManagerPublishTranslatedUrls" en el proyecto "MisComponentesLib.csproj".
   3:7>Destino "_InitializeSourceControlInformationFromSourceControlManager" en el archivo "C:\Program Files\dotnet\sdk\9.0.305\Sdks\Microsoft.SourceLink.Common\build\InitializeSourceControlInformation.targets" del proyecto "D:\GitHub\Grado\DAM\2DAM\C Sharp\Creacion Componente\RA3_RelojDigital\MisComponentesLib\MisComponentesLib.csproj" (el destino "InitializeSourceControlInformation" depende de él):
   3:7>Compilación terminada del destino "_InitializeSourceControlInformationFromSourceControlManager" en el proyecto "MisComponentesLib.csproj".
   3:7>Destino "InitializeSourceControlInformation" en el archivo "C:\Program Files\dotnet\sdk\9.0.305\Microsoft.Common.CurrentVersion.targets" del proyecto "D:\GitHub\Grado\DAM\2DAM\C Sharp\Creacion Componente\RA3_RelojDigital\MisComponentesLib\MisComponentesLib.csproj" (el destino "GetAssemblyAttributes" depende de él):
   3:7>Compilación terminada del destino "InitializeSourceControlInformation" en el proyecto "MisComponentesLib.csproj".
       Se omitió el destino "GetAssemblyVersion". Compilado previamente de forma correcta.
       Se omitió el destino "InitializeSourceControlInformation". Compilado previamente de forma correcta.
   3:7>Destino "AddSourceRevisionToInformationalVersion" en el archivo "C:\Program Files\dotnet\sdk\9.0.305\Sdks\Microsoft.NET.Sdk\targets\Microsoft.NET.GenerateAssemblyInfo.targets" del proyecto "D:\GitHub\Grado\DAM\2DAM\C Sharp\Creacion Componente\RA3_RelojDigital\MisComponentesLib\MisComponentesLib.csproj" (el destino "GetAssemblyAttributes" depende de él):
       C:\Program Files\dotnet\sdk\9.0.305\Sdks\Microsoft.NET.Sdk\targets\Microsoft.NET.GenerateAssemblyInfo.targets(70,7): message : Reasignación de propiedad: $(InformationalVersion)="1.0.0+c47f564f37d7047e2dda14a86996761154932b3e" (valor anterior: "1.0.0") en C:\Program Files\dotnet\sdk\9.0.305\Sdks\Microsoft.NET.Sdk\targets\Microsoft.NET.GenerateAssemblyInfo.targets (70,7) [D:\GitHub\Grado\DAM\2DAM\C Sharp\Creacion Componente\RA3_RelojDigital\MisComponentesLib\MisComponentesLib.csproj]
   3:7>Compilación terminada del destino "AddSourceRevisionToInformationalVersion" en el proyecto "MisComponentesLib.csproj".
       Se omitió el destino "_GetUserSecretsAssemblyAttribute" debido a una condición falsa (False); ( '$(UserSecretsId)' != '' AND '$(GenerateUserSecretsAttribute)' != 'false' AND '$(GeneratedUserSecretsAttributeFile)' == '' ) se evaluó como ( '' != '' AND '' != 'false' AND '' == '' ).
   3:7>Destino "GetAssemblyAttributes" en el archivo "C:\Program Files\dotnet\sdk\9.0.305\Sdks\Microsoft.NET.Sdk\targets\Microsoft.NET.GenerateAssemblyInfo.targets" del proyecto "D:\GitHub\Grado\DAM\2DAM\C Sharp\Creacion Componente\RA3_RelojDigital\MisComponentesLib\MisComponentesLib.csproj" (el destino "CreateGeneratedAssemblyInfoInputsCacheFile" depende de él):
   3:7>Compilación terminada del destino "GetAssemblyAttributes" en el proyecto "MisComponentesLib.csproj".
   3:7>Destino "CreateGeneratedAssemblyInfoInputsCacheFile" en el archivo "C:\Program Files\dotnet\sdk\9.0.305\Sdks\Microsoft.NET.Sdk\targets\Microsoft.NET.GenerateAssemblyInfo.targets" del proyecto "D:\GitHub\Grado\DAM\2DAM\C Sharp\Creacion Componente\RA3_RelojDigital\MisComponentesLib\MisComponentesLib.csproj" (el destino "CoreGenerateAssemblyInfo" depende de él):
       Usando la tarea "Hash" del ensamblado "Microsoft.Build.Tasks.Core, Version=15.1.0.0, Culture=neutral, PublicKeyToken=b03f5f7f11d50a3a".
       Tarea "Hash"
       Ejecución de la tarea "Hash" terminada.
       Usando la tarea "WriteLinesToFile" del ensamblado "Microsoft.Build.Tasks.Core, Version=15.1.0.0, Culture=neutral, PublicKeyToken=b03f5f7f11d50a3a".
       Tarea "WriteLinesToFile"
         Omitiendo la escritura en el archivo "obj\Debug\net472\MisComponentesLib.AssemblyInfoInputs.cache" porque el contenido no cambiará.
       Ejecución de la tarea "WriteLinesToFile" terminada.
   3:7>Compilación terminada del destino "CreateGeneratedAssemblyInfoInputsCacheFile" en el proyecto "MisComponentesLib.csproj".
   3:7>Destino "CoreGenerateAssemblyInfo" en el archivo "C:\Program Files\dotnet\sdk\9.0.305\Sdks\Microsoft.NET.Sdk\targets\Microsoft.NET.GenerateAssemblyInfo.targets" del proyecto "D:\GitHub\Grado\DAM\2DAM\C Sharp\Creacion Componente\RA3_RelojDigital\MisComponentesLib\MisComponentesLib.csproj" (el destino "GenerateAssemblyInfo" depende de él):
       Se omitirá el destino "CoreGenerateAssemblyInfo" porque todos los archivos de salida están actualizados respecto a los archivos de entrada.
       Archivos de entrada: obj\Debug\net472\MisComponentesLib.AssemblyInfoInputs.cache
       Archivos de salida: obj\Debug\net472\MisComponentesLib.AssemblyInfo.cs
   3:7>Compilación terminada del destino "CoreGenerateAssemblyInfo" en el proyecto "MisComponentesLib.csproj".
   3:7>Destino "GenerateAssemblyInfo" en el archivo "C:\Program Files\dotnet\sdk\9.0.305\Sdks\Microsoft.NET.Sdk\targets\Microsoft.NET.GenerateAssemblyInfo.targets" del proyecto "D:\GitHub\Grado\DAM\2DAM\C Sharp\Creacion Componente\RA3_RelojDigital\MisComponentesLib\MisComponentesLib.csproj" (el destino "BeforeCompile" depende de él):
   3:7>Compilación terminada del destino "GenerateAssemblyInfo" en el proyecto "MisComponentesLib.csproj".
       Se omitió el destino "GenerateGlobalUsings" debido a una condición falsa (False); (@(Using->Count()) != 0) se evaluó como (0 != 0).
   3:7>Destino "BeforeCompile" en el archivo "C:\Program Files\dotnet\sdk\9.0.305\Microsoft.Common.CurrentVersion.targets" del proyecto "D:\GitHub\Grado\DAM\2DAM\C Sharp\Creacion Componente\RA3_RelojDigital\MisComponentesLib\MisComponentesLib.csproj" (el destino "Compile" depende de él):
   3:7>Compilación terminada del destino "BeforeCompile" en el proyecto "MisComponentesLib.csproj".
       Se omitió el destino "_TimeStampBeforeCompile" debido a una condición falsa (False); ('$(RunPostBuildEvent)'=='OnOutputUpdated' or ('$(RegisterForComInterop)'=='true' and '$(OutputType)'=='library')) se evaluó como (''=='OnOutputUpdated' or (''=='true' and 'Library'=='library')).
       Se omitió el destino "ResolveAssemblyReferences". Compilado previamente de forma correcta.
       Se omitió el destino "_GenerateCompileInputs". Compilado previamente de forma correcta.
   3:7>Destino "_GenerateCompileDependencyCache" en el archivo "C:\Program Files\dotnet\sdk\9.0.305\Microsoft.Common.CurrentVersion.targets" del proyecto "D:\GitHub\Grado\DAM\2DAM\C Sharp\Creacion Componente\RA3_RelojDigital\MisComponentesLib\MisComponentesLib.csproj" (el destino "Compile" depende de él):
       Tarea "Hash"
       Ejecución de la tarea "Hash" terminada.
       Tarea "WriteLinesToFile"
       Ejecución de la tarea "WriteLinesToFile" terminada.
   3:7>Compilación terminada del destino "_GenerateCompileDependencyCache" en el proyecto "MisComponentesLib.csproj".
       Se omitió el destino "_ComputeNonExistentFileProperty" debido a una condición falsa (False); (('$(BuildingInsideVisualStudio)' == 'true') and ('$(BuildingOutOfProcess)' != 'true') and (('$(BuildingProject)' == 'false') or ('$(UseHostCompilerIfAvailable)' == 'true'))) se evaluó como (('' == 'true') and ('' != 'true') and (('true' == 'false') or ('true' == 'true'))).
       Se omitió el destino "ResolveCodeAnalysisRuleSet" debido a una condición falsa (False); ('$(CodeAnalysisRuleSet)' != '') se evaluó como ('' != '').
       Se omitió el destino "ShimReferencePathsWhenCommonTargetsDoesNotUnderstandReferenceAssemblies" debido a una condición falsa (False); ('@(ReferencePathWithRefAssemblies)' == '') se evaluó como ('C:\Program Files (x86)\Reference Assemblies\Microsoft\Framework\.NETFramework\v4.7.2\mscorlib.dll;C:\Program Files (x86)\Reference Assemblies\Microsoft\Framework\.NETFramework\v4.7.2\System.Core.dll;C:\Program Files (x86)\Reference Assemblies\Microsoft\Framework\.NETFramework\v4.7.2\System.Data.dll;...' == '').
   3:7>Destino "_BeforeVBCSCoreCompile" en el archivo "C:\Program Files\dotnet\sdk\9.0.305\Roslyn\Microsoft.Managed.Core.targets" del proyecto "D:\GitHub\Grado\DAM\2DAM\C Sharp\Creacion Componente\RA3_RelojDigital\MisComponentesLib\MisComponentesLib.csproj" (el destino "CoreCompile" depende de él):
   3:7>Compilación terminada del destino "_BeforeVBCSCoreCompile" en el proyecto "MisComponentesLib.csproj".
       Se omitió el destino "AdjustDefaultPlatformTargetForNetFrameworkExeWithNoNativeCopyLocalItems" debido a una condición falsa (False); ('$(_UsingDefaultPlatformTarget)' == 'true' and
                            '$(_UsingDefaultRuntimeIdentifier)' == 'true') se evaluó como ('true' == 'true' and
                            '' == 'true').
       Se omitió el destino "_DisableDiagnosticTracing" debido a una condición falsa (False); ('$(DisableDiagnosticTracing)' == 'true') se evaluó como ('' == 'true').
       Se omitió el destino "ShimReferencePathsWhenCommonTargetsDoesNotUnderstandReferenceAssemblies" debido a una condición falsa (False); ('@(ReferencePathWithRefAssemblies)' == '') se evaluó como ('C:\Program Files (x86)\Reference Assemblies\Microsoft\Framework\.NETFramework\v4.7.2\mscorlib.dll;C:\Program Files (x86)\Reference Assemblies\Microsoft\Framework\.NETFramework\v4.7.2\System.Core.dll;C:\Program Files (x86)\Reference Assemblies\Microsoft\Framework\.NETFramework\v4.7.2\System.Data.dll;...' == '').
   3:7>Destino "_ComputeSkipAnalyzers" en el archivo "C:\Program Files\dotnet\sdk\9.0.305\Roslyn\Microsoft.Managed.Core.targets" del proyecto "D:\GitHub\Grado\DAM\2DAM\C Sharp\Creacion Componente\RA3_RelojDigital\MisComponentesLib\MisComponentesLib.csproj" (el destino "CoreCompile" depende de él):
       Se omitió la tarea "ShowMessageForImplicitlySkipAnalyzers" debido a una condición falsa (False); ('$(_ImplicitlySkipAnalyzers)' == 'true') se evaluó como ('' == 'true').
   3:7>Compilación terminada del destino "_ComputeSkipAnalyzers" en el proyecto "MisComponentesLib.csproj".
       Se omitió el destino "_SetPathMapFromSourceRoots" debido a una condición falsa (False); ('$(DeterministicSourcePaths)' == 'true') se evaluó como ('' == 'true').
       Se omitió el destino "CreateCompilerGeneratedFilesOutputPath" debido a una condición falsa (False); ('$(EmitCompilerGeneratedFiles)' == 'true' and !('$(DesignTimeBuild)' == 'true' OR '$(BuildingProject)' != 'true')) se evaluó como ('false' == 'true' and !('' == 'true' OR 'true' != 'true')).
       Se omitió el destino "_CheckMicrosoftNetSdkCompilersToolsetPackageExists" debido a una condición falsa (False); ('$(_NeedToDownloadMicrosoftNetSdkCompilersToolsetPackage)' == 'true' and '$(DesignTimeBuild)' != 'true') se evaluó como ('' == 'true' and '' != 'true').
       Se omitió el destino "_SetEmbeddedFilesFromSourceControlManagerUntrackedFiles" debido a una condición falsa (False); ('$(EmbedUntrackedSources)' == 'true' and '$(EmbedAllSources)' != 'true' and '$(DebugType)' != 'none' and '$(EnableSourceControlManagerQueries)' == 'true' and '$(DesignTimeBuild)' != 'true') se evaluó como ('' == 'true' and '' != 'true' and 'portable' != 'none' and 'true' == 'true' and '' != 'true').
       Se omitió el destino "InitializeSourceControlInformation". Compilado previamente de forma correcta.
   3:7>Destino "_SetSourceLinkFilePath" en el archivo "C:\Program Files\dotnet\sdk\9.0.305\Sdks\Microsoft.SourceLink.Common\build\Microsoft.SourceLink.Common.targets" del proyecto "D:\GitHub\Grado\DAM\2DAM\C Sharp\Creacion Componente\RA3_RelojDigital\MisComponentesLib\MisComponentesLib.csproj" (el destino "_GenerateSourceLinkFile" depende de él):
   3:7>Compilación terminada del destino "_SetSourceLinkFilePath" en el proyecto "MisComponentesLib.csproj".
       Se omitió el destino "InitializeSourceControlInformation". Compilado previamente de forma correcta.
   3:7>Destino "_InitializeSourceRootMappedPathsFromSourceControl" en el archivo "C:\Program Files\dotnet\sdk\9.0.305\Roslyn\Microsoft.Managed.Core.targets" del proyecto "D:\GitHub\Grado\DAM\2DAM\C Sharp\Creacion Componente\RA3_RelojDigital\MisComponentesLib\MisComponentesLib.csproj" (el destino "InitializeSourceRootMappedPaths" depende de él):
   3:7>Compilación terminada del destino "_InitializeSourceRootMappedPathsFromSourceControl" en el proyecto "MisComponentesLib.csproj".
   3:7>Destino "InitializeSourceRootMappedPaths" en el archivo "C:\Program Files\dotnet\sdk\9.0.305\Roslyn\Microsoft.Managed.Core.targets" del proyecto "D:\GitHub\Grado\DAM\2DAM\C Sharp\Creacion Componente\RA3_RelojDigital\MisComponentesLib\MisComponentesLib.csproj" (el destino "_InitializeSourceRootMappedPathsOpt" depende de él):
       Usando la tarea "Microsoft.CodeAnalysis.BuildTasks.MapSourceRoots" del ensamblado "C:\Program Files\dotnet\sdk\9.0.305\Roslyn\Microsoft.Build.Tasks.CodeAnalysis.dll".
       Tarea "Microsoft.CodeAnalysis.BuildTasks.MapSourceRoots"
       Ejecución de la tarea "Microsoft.CodeAnalysis.BuildTasks.MapSourceRoots" terminada.
   3:7>Compilación terminada del destino "InitializeSourceRootMappedPaths" en el proyecto "MisComponentesLib.csproj".
   3:7>Destino "_InitializeSourceRootMappedPathsOpt" en el archivo "C:\Program Files\dotnet\sdk\9.0.305\Sdks\Microsoft.SourceLink.Common\build\Microsoft.SourceLink.Common.targets" del proyecto "D:\GitHub\Grado\DAM\2DAM\C Sharp\Creacion Componente\RA3_RelojDigital\MisComponentesLib\MisComponentesLib.csproj" (el destino "_GenerateSourceLinkFile" depende de él):
   3:7>Compilación terminada del destino "_InitializeSourceRootMappedPathsOpt" en el proyecto "MisComponentesLib.csproj".
   3:7>Destino "_InitializeGitHubSourceLinkUrl" en el archivo "C:\Program Files\dotnet\sdk\9.0.305\Sdks\Microsoft.SourceLink.GitHub\build\Microsoft.SourceLink.GitHub.targets" del proyecto "D:\GitHub\Grado\DAM\2DAM\C Sharp\Creacion Componente\RA3_RelojDigital\MisComponentesLib\MisComponentesLib.csproj" (el destino "_GenerateSourceLinkFile" depende de él):
       Compilando completamente el destino "_InitializeGitHubSourceLinkUrl".
       No se especificaron archivos de entrada.
       Usando la tarea "Microsoft.SourceLink.GitHub.GetSourceLinkUrl" del ensamblado "C:\Program Files\dotnet\sdk\9.0.305\Sdks\Microsoft.SourceLink.GitHub\build\..\tools\net\Microsoft.SourceLink.GitHub.dll".
       Tarea "Microsoft.SourceLink.GitHub.GetSourceLinkUrl"
       Ejecución de la tarea "Microsoft.SourceLink.GitHub.GetSourceLinkUrl" terminada.
   3:7>Compilación terminada del destino "_InitializeGitHubSourceLinkUrl" en el proyecto "MisComponentesLib.csproj".
   3:7>Destino "_InitializeGitHubSourceLinkUrl" en el archivo "C:\Program Files\dotnet\sdk\9.0.305\Sdks\Microsoft.SourceLink.GitHub\build\Microsoft.SourceLink.GitHub.targets" del proyecto "D:\GitHub\Grado\DAM\2DAM\C Sharp\Creacion Componente\RA3_RelojDigital\MisComponentesLib\MisComponentesLib.csproj" (el destino "_GenerateSourceLinkFile" depende de él):
       Compilando completamente el destino "_InitializeGitHubSourceLinkUrl".
       No se especificaron archivos de entrada.
       Tarea "Microsoft.SourceLink.GitHub.GetSourceLinkUrl"
       Ejecución de la tarea "Microsoft.SourceLink.GitHub.GetSourceLinkUrl" terminada.
   3:7>Compilación terminada del destino "_InitializeGitHubSourceLinkUrl" en el proyecto "MisComponentesLib.csproj".
   3:7>Destino "_InitializeGitLabSourceLinkUrl" en el archivo "C:\Program Files\dotnet\sdk\9.0.305\Sdks\Microsoft.SourceLink.GitLab\build\Microsoft.SourceLink.GitLab.targets" del proyecto "D:\GitHub\Grado\DAM\2DAM\C Sharp\Creacion Componente\RA3_RelojDigital\MisComponentesLib\MisComponentesLib.csproj" (el destino "_GenerateSourceLinkFile" depende de él):
       Compilando completamente el destino "_InitializeGitLabSourceLinkUrl".
       No se especificaron archivos de entrada.
       Usando la tarea "Microsoft.SourceLink.GitLab.GetSourceLinkUrl" del ensamblado "C:\Program Files\dotnet\sdk\9.0.305\Sdks\Microsoft.SourceLink.GitLab\build\..\tools\net\Microsoft.SourceLink.GitLab.dll".
       Tarea "Microsoft.SourceLink.GitLab.GetSourceLinkUrl"
       C:\Program Files\dotnet\sdk\9.0.305\Sdks\Microsoft.SourceLink.GitLab\build\Microsoft.SourceLink.GitLab.targets(37,7): message : Reasignación de propiedad: $(_SourceLinkUrlToUpdate)="N/A" (valor anterior: "https://raw.githubusercontent.com/DarksAces/Grado/c47f564f37d7047e2dda14a86996761154932b3e/*") en C:\Program Files\dotnet\sdk\9.0.305\Sdks\Microsoft.SourceLink.GitLab\build\Microsoft.SourceLink.GitLab.targets (37,7) [D:\GitHub\Grado\DAM\2DAM\C Sharp\Creacion Componente\RA3_RelojDigital\MisComponentesLib\MisComponentesLib.csproj]
       Ejecución de la tarea "Microsoft.SourceLink.GitLab.GetSourceLinkUrl" terminada.
   3:7>Compilación terminada del destino "_InitializeGitLabSourceLinkUrl" en el proyecto "MisComponentesLib.csproj".
   3:7>Destino "_InitializeGitLabSourceLinkUrl" en el archivo "C:\Program Files\dotnet\sdk\9.0.305\Sdks\Microsoft.SourceLink.GitLab\build\Microsoft.SourceLink.GitLab.targets" del proyecto "D:\GitHub\Grado\DAM\2DAM\C Sharp\Creacion Componente\RA3_RelojDigital\MisComponentesLib\MisComponentesLib.csproj" (el destino "_GenerateSourceLinkFile" depende de él):
       Compilando completamente el destino "_InitializeGitLabSourceLinkUrl".
       No se especificaron archivos de entrada.
       Tarea "Microsoft.SourceLink.GitLab.GetSourceLinkUrl"
       C:\Program Files\dotnet\sdk\9.0.305\Sdks\Microsoft.SourceLink.GitLab\build\Microsoft.SourceLink.GitLab.targets(37,7): message : Reasignación de propiedad: $(_SourceLinkUrlToUpdate)="N/A" (valor anterior: "https://raw.githubusercontent.com/DarksAces/Grado/c47f564f37d7047e2dda14a86996761154932b3e/*") en C:\Program Files\dotnet\sdk\9.0.305\Sdks\Microsoft.SourceLink.GitLab\build\Microsoft.SourceLink.GitLab.targets (37,7) [D:\GitHub\Grado\DAM\2DAM\C Sharp\Creacion Componente\RA3_RelojDigital\MisComponentesLib\MisComponentesLib.csproj]
       Ejecución de la tarea "Microsoft.SourceLink.GitLab.GetSourceLinkUrl" terminada.
   3:7>Compilación terminada del destino "_InitializeGitLabSourceLinkUrl" en el proyecto "MisComponentesLib.csproj".
   3:7>Destino "_InitializeAzureReposGitSourceLinkUrl" en el archivo "C:\Program Files\dotnet\sdk\9.0.305\Sdks\Microsoft.SourceLink.AzureRepos.Git\build\Microsoft.SourceLink.AzureRepos.Git.targets" del proyecto "D:\GitHub\Grado\DAM\2DAM\C Sharp\Creacion Componente\RA3_RelojDigital\MisComponentesLib\MisComponentesLib.csproj" (el destino "_GenerateSourceLinkFile" depende de él):
       Compilando completamente el destino "_InitializeAzureReposGitSourceLinkUrl".
       No se especificaron archivos de entrada.
       Usando la tarea "Microsoft.SourceLink.AzureRepos.Git.GetSourceLinkUrl" del ensamblado "C:\Program Files\dotnet\sdk\9.0.305\Sdks\Microsoft.SourceLink.AzureRepos.Git\build\..\tools\net\Microsoft.SourceLink.AzureRepos.Git.dll".
       Tarea "Microsoft.SourceLink.AzureRepos.Git.GetSourceLinkUrl"
       Ejecución de la tarea "Microsoft.SourceLink.AzureRepos.Git.GetSourceLinkUrl" terminada.
   3:7>Compilación terminada del destino "_InitializeAzureReposGitSourceLinkUrl" en el proyecto "MisComponentesLib.csproj".
   3:7>Destino "_InitializeAzureReposGitSourceLinkUrl" en el archivo "C:\Program Files\dotnet\sdk\9.0.305\Sdks\Microsoft.SourceLink.AzureRepos.Git\build\Microsoft.SourceLink.AzureRepos.Git.targets" del proyecto "D:\GitHub\Grado\DAM\2DAM\C Sharp\Creacion Componente\RA3_RelojDigital\MisComponentesLib\MisComponentesLib.csproj" (el destino "_GenerateSourceLinkFile" depende de él):
       Compilando completamente el destino "_InitializeAzureReposGitSourceLinkUrl".
       No se especificaron archivos de entrada.
       Tarea "Microsoft.SourceLink.AzureRepos.Git.GetSourceLinkUrl"
       Ejecución de la tarea "Microsoft.SourceLink.AzureRepos.Git.GetSourceLinkUrl" terminada.
   3:7>Compilación terminada del destino "_InitializeAzureReposGitSourceLinkUrl" en el proyecto "MisComponentesLib.csproj".
   3:7>Destino "_InitializeBitbucketGitSourceLinkUrl" en el archivo "C:\Program Files\dotnet\sdk\9.0.305\Sdks\Microsoft.SourceLink.Bitbucket.Git\build\Microsoft.SourceLink.Bitbucket.Git.targets" del proyecto "D:\GitHub\Grado\DAM\2DAM\C Sharp\Creacion Componente\RA3_RelojDigital\MisComponentesLib\MisComponentesLib.csproj" (el destino "_GenerateSourceLinkFile" depende de él):
       Compilando completamente el destino "_InitializeBitbucketGitSourceLinkUrl".
       No se especificaron archivos de entrada.
       Usando la tarea "Microsoft.SourceLink.Bitbucket.Git.GetSourceLinkUrl" del ensamblado "C:\Program Files\dotnet\sdk\9.0.305\Sdks\Microsoft.SourceLink.Bitbucket.Git\build\..\tools\net\Microsoft.SourceLink.Bitbucket.Git.dll".
       Tarea "Microsoft.SourceLink.Bitbucket.Git.GetSourceLinkUrl"
       Ejecución de la tarea "Microsoft.SourceLink.Bitbucket.Git.GetSourceLinkUrl" terminada.
   3:7>Compilación terminada del destino "_InitializeBitbucketGitSourceLinkUrl" en el proyecto "MisComponentesLib.csproj".
   3:7>Destino "_InitializeBitbucketGitSourceLinkUrl" en el archivo "C:\Program Files\dotnet\sdk\9.0.305\Sdks\Microsoft.SourceLink.Bitbucket.Git\build\Microsoft.SourceLink.Bitbucket.Git.targets" del proyecto "D:\GitHub\Grado\DAM\2DAM\C Sharp\Creacion Componente\RA3_RelojDigital\MisComponentesLib\MisComponentesLib.csproj" (el destino "_GenerateSourceLinkFile" depende de él):
       Compilando completamente el destino "_InitializeBitbucketGitSourceLinkUrl".
       No se especificaron archivos de entrada.
       Tarea "Microsoft.SourceLink.Bitbucket.Git.GetSourceLinkUrl"
       Ejecución de la tarea "Microsoft.SourceLink.Bitbucket.Git.GetSourceLinkUrl" terminada.
   3:7>Compilación terminada del destino "_InitializeBitbucketGitSourceLinkUrl" en el proyecto "MisComponentesLib.csproj".
   3:7>Destino "_GenerateSourceLinkFile" en el archivo "C:\Program Files\dotnet\sdk\9.0.305\Sdks\Microsoft.SourceLink.Common\build\Microsoft.SourceLink.Common.targets" del proyecto "D:\GitHub\Grado\DAM\2DAM\C Sharp\Creacion Componente\RA3_RelojDigital\MisComponentesLib\MisComponentesLib.csproj" (el destino "GenerateSourceLinkFile" depende de él):
       Compilando completamente el destino "_GenerateSourceLinkFile".
       No se especificaron archivos de entrada.
       Usando la tarea "Microsoft.SourceLink.Common.GenerateSourceLinkFile" del ensamblado "C:\Program Files\dotnet\sdk\9.0.305\Sdks\Microsoft.SourceLink.Common\build\..\tools\net\Microsoft.SourceLink.Common.dll".
       Tarea "Microsoft.SourceLink.Common.GenerateSourceLinkFile"
         Ensamblado cargado durante TaskRun (Microsoft.SourceLink.Common.GenerateSourceLinkFile): Microsoft.SourceLink.Common.resources, Version=9.0.11.11701, Culture=es, PublicKeyToken=31bf3856ad364e35(ubicación: C:\Program Files\dotnet\sdk\9.0.305\Sdks\Microsoft.SourceLink.Common\tools\net\es\Microsoft.SourceLink.Common.resources.dll, MVID: f0cc21c8-a48a-4716-889d-0ede412b97cc, AssemblyLoadContext: MSBuild plugin C:\Program Files\dotnet\sdk\9.0.305\Sdks\Microsoft.SourceLink.Common\tools\net\Microsoft.SourceLink.Common.dll)
         El archivo de Source Link 'obj\Debug\net472\MisComponentesLib.sourcelink.json' está actualizado.
       Ejecución de la tarea "Microsoft.SourceLink.Common.GenerateSourceLinkFile" terminada.
   3:7>Compilación terminada del destino "_GenerateSourceLinkFile" en el proyecto "MisComponentesLib.csproj".
   3:7>Destino "GenerateSourceLinkFile" en el archivo "C:\Program Files\dotnet\sdk\9.0.305\Sdks\Microsoft.SourceLink.Common\build\Microsoft.SourceLink.Common.targets" del proyecto "D:\GitHub\Grado\DAM\2DAM\C Sharp\Creacion Componente\RA3_RelojDigital\MisComponentesLib\MisComponentesLib.csproj" (el destino "CoreCompile" depende de él):
   3:7>Compilación terminada del destino "GenerateSourceLinkFile" en el proyecto "MisComponentesLib.csproj".
       Se omitió el destino "GenerateGlobalUsings" debido a una condición falsa (False); (@(Using->Count()) != 0) se evaluó como (0 != 0).
       Se omitió el destino "CheckForDuplicatePageItems" debido a una condición falsa (False); (('$(UseWPF)' == 'true') And ('$(_TargetFrameworkVersionValue)' != '$(_UndefinedTargetFrameworkVersion)') And ('$(_TargetFrameworkVersionValue)' >= '$(_WindowsDesktopSdkTargetFrameworkVersionFloor)')) se evaluó como (('' == 'true') And ('4.7.2' != '0.0') And ('4.7.2' >= '3.0')).
   3:7>Destino "CoreCompile" en el archivo "C:\Program Files\dotnet\sdk\9.0.305\Roslyn\Microsoft.CSharp.Core.targets" del proyecto "D:\GitHub\Grado\DAM\2DAM\C Sharp\Creacion Componente\RA3_RelojDigital\MisComponentesLib\MisComponentesLib.csproj" (el destino "Compile" depende de él):
       Compilando completamente el destino "CoreCompile".
       El archivo de salida "obj\Debug\net472\MisComponentesLib.dll" no existe.
       C:\Program Files\dotnet\sdk\9.0.305\Roslyn\Microsoft.CSharp.Core.targets(66,7): message : Reasignación de propiedad: $(NoWarn)="1701;1702;1701;1702" (valor anterior: "1701;1702") en C:\Program Files\dotnet\sdk\9.0.305\Roslyn\Microsoft.CSharp.Core.targets (66,7) [D:\GitHub\Grado\DAM\2DAM\C Sharp\Creacion Componente\RA3_RelojDigital\MisComponentesLib\MisComponentesLib.csproj]
       Usando la tarea "Csc" del ensamblado "C:\Program Files\dotnet\sdk\9.0.305\Roslyn\Microsoft.Build.Tasks.CodeAnalysis.dll".
       Tarea "Csc"
         C:\Program Files\dotnet\dotnet.exe exec "C:\Program Files\dotnet\sdk\9.0.305\Roslyn\bincore\csc.dll" /noconfig /unsafe- /checked- /nowarn:1701,1702,1701,1702 /fullpaths /nostdlib+ /errorreport:prompt /warn:4 /define:TRACE;DEBUG;NETFRAMEWORK;NET472;NET30_OR_GREATER;NET35_OR_GREATER;NET40_OR_GREATER;NET45_OR_GREATER;NET451_OR_GREATER;NET452_OR_GREATER;NET46_OR_GREATER;NET461_OR_GREATER;NET462_OR_GREATER;NET47_OR_GREATER;NET471_OR_GREATER;NET472_OR_GREATER /highentropyva+ /reference:"C:\Program Files (x86)\Reference Assemblies\Microsoft\Framework\.NETFramework\v4.7.2\mscorlib.dll" /reference:"C:\Program Files (x86)\Reference Assemblies\Microsoft\Framework\.NETFramework\v4.7.2\System.Core.dll" /reference:"C:\Program Files (x86)\Reference Assemblies\Microsoft\Framework\.NETFramework\v4.7.2\System.Data.dll" /reference:"C:\Program Files (x86)\Reference Assemblies\Microsoft\Framework\.NETFramework\v4.7.2\System.dll" /reference:"C:\Program Files (x86)\Reference Assemblies\Microsoft\Framework\.NETFramework\v4.7.2\System.Drawing.dll" /reference:"C:\Program Files (x86)\Reference Assemblies\Microsoft\Framework\.NETFramework\v4.7.2\System.IO.Compression.FileSystem.dll" /reference:"C:\Program Files (x86)\Reference Assemblies\Microsoft\Framework\.NETFramework\v4.7.2\System.Numerics.dll" /reference:"C:\Program Files (x86)\Reference Assemblies\Microsoft\Framework\.NETFramework\v4.7.2\System.Runtime.Serialization.dll" /reference:"C:\Program Files (x86)\Reference Assemblies\Microsoft\Framework\.NETFramework\v4.7.2\System.Windows.Forms.dll" /reference:"C:\Program Files (x86)\Reference Assemblies\Microsoft\Framework\.NETFramework\v4.7.2\System.Xml.dll" /reference:"C:\Program Files (x86)\Reference Assemblies\Microsoft\Framework\.NETFramework\v4.7.2\System.Xml.Linq.dll" /debug+ /debug:portable /filealign:512 /optimize- /out:obj\Debug\net472\MisComponentesLib.dll /subsystemversion:6.00 /target:library /warnaserror- /utf8output /deterministic+ /sourcelink:obj\Debug\net472\MisComponentesLib.sourcelink.json /langversion:7.3 /analyzerconfig:obj\Debug\net472\MisComponentesLib.GeneratedMSBuildEditorConfig.editorconfig RelojDigital.cs RelojDigital.Designer.cs "obj\Debug\net472\.NETFramework,Version=v4.7.2.AssemblyAttributes.cs" obj\Debug\net472\MisComponentesLib.AssemblyInfo.cs /warnaserror+:NU1605
         Compilador de Microsoft (R) Visual C# versión 4.14.0-3.25413.5 (b828a8df)
         Copyright (C) Microsoft Corporation. Todos los derechos reservados.
         CompilerServer: server - server processed compilation - MisComponentesLib (net472)
       Ejecución de la tarea "Csc" terminada.
       Se omitió la tarea "CallTarget" debido a una condición falsa (False); ('$(TargetsTriggeredByCompilation)' != '') se evaluó como ('' != '').
   3:7>Compilación terminada del destino "CoreCompile" en el proyecto "MisComponentesLib.csproj".
       Se omitió el destino "_TouchLastBuildWithSkipAnalyzers" debido a una condición falsa (False); ('$(_SkipAnalyzers)' == 'true') se evaluó como ('' == 'true').
       Se omitió el destino "_TimeStampAfterCompile" debido a una condición falsa (False); ('$(RunPostBuildEvent)'=='OnOutputUpdated' or ('$(RegisterForComInterop)'=='true' and '$(OutputType)'=='library')) se evaluó como (''=='OnOutputUpdated' or (''=='true' and 'Library'=='library')).
   3:7>Destino "AfterCompile" en el archivo "C:\Program Files\dotnet\sdk\9.0.305\Microsoft.Common.CurrentVersion.targets" del proyecto "D:\GitHub\Grado\DAM\2DAM\C Sharp\Creacion Componente\RA3_RelojDigital\MisComponentesLib\MisComponentesLib.csproj" (el destino "Compile" depende de él):
   3:7>Compilación terminada del destino "AfterCompile" en el proyecto "MisComponentesLib.csproj".
       Se omitió el destino "_CreateAppHost" debido a una condición falsa (False); ('$(ComputeNETCoreBuildOutputFiles)' == 'true' and
                            '$(AppHostSourcePath)' != '' and
                            Exists('@(IntermediateAssembly)') and
                            Exists('$(AppHostSourcePath)')) se evaluó como ('' == 'true' and
                            '' != '' and
                            Exists('obj\Debug\net472\MisComponentesLib.dll') and
                            Exists('')).
       Se omitió el destino "_CreateComHost" debido a una condición falsa (False); ('$(ComputeNETCoreBuildOutputFiles)' == 'true' and
                            '$(ComHostIntermediatePath)' != '' and
                            Exists('@(IntermediateAssembly)') and
                            Exists('$(ComHostSourcePath)')) se evaluó como ('' == 'true' and
                            '' != '' and
                            Exists('obj\Debug\net472\MisComponentesLib.dll') and
                            Exists('')).
       Se omitió el destino "_GetIjwHostPaths" debido a una condición falsa (False); ('$(UseIJWHost)' == 'true') se evaluó como ('' == 'true').
   3:7>Destino "Compile" en el archivo "C:\Program Files\dotnet\sdk\9.0.305\Microsoft.Common.CurrentVersion.targets" del proyecto "D:\GitHub\Grado\DAM\2DAM\C Sharp\Creacion Componente\RA3_RelojDigital\MisComponentesLib\MisComponentesLib.csproj" (el destino "CoreBuild" depende de él):
   3:7>Compilación terminada del destino "Compile" en el proyecto "MisComponentesLib.csproj".
       Se omitió el destino "ExportWindowsMDFile" debido a una condición falsa (False); ('$(ExportWinMDFile)' == 'true') se evaluó como ('' == 'true').
       Se omitió el destino "UnmanagedUnregistration" debido a una condición falsa (False); ((('$(_AssemblyTimestampBeforeCompile)' != '$(_AssemblyTimestampAfterCompile)' or '$(RegisterForComInterop)' != 'true' or '$(OutputType)' != 'library') or
                           ('$(_AssemblyTimestampBeforeCompile)' == '')) and
                          Exists('@(_UnmanagedRegistrationCache)')) se evaluó como ((('' != '' or '' != 'true' or 'Library' != 'library') or
                           ('' == '')) and
                          Exists('obj\MisComponentesLib.csproj.UnmanagedRegistration.cache')).
       Se omitió el destino "GenerateSerializationAssemblies" debido a una condición falsa (False); ('$(_SGenGenerateSerializationAssembliesConfig)' == 'On' or ('@(WebReferenceUrl)'!='' and '$(_SGenGenerateSerializationAssembliesConfig)' == 'Auto')) se evaluó como ('Off' == 'On' or (''!='' and 'Off' == 'Auto')).
   3:7>Destino "_GenerateSatelliteAssemblyInputs" en el archivo "C:\Program Files\dotnet\sdk\9.0.305\Microsoft.Common.CurrentVersion.targets" del proyecto "D:\GitHub\Grado\DAM\2DAM\C Sharp\Creacion Componente\RA3_RelojDigital\MisComponentesLib\MisComponentesLib.csproj" (el destino "CreateSatelliteAssemblies" depende de él):
       Se omitió la tarea "MSBuildInternalMessage" debido a una condición falsa (False); ('@(ManifestResourceWithCulture)'!='' and '%(ManifestResourceWithCulture.EmittedForCompatibilityOnly)'=='') se evaluó como (''!='' and ''=='').
       Se omitió la tarea "MSBuildInternalMessage" debido a una condición falsa (False); ('@(ManifestNonResxWithCultureOnDisk)'!='' and '%(ManifestNonResxWithCultureOnDisk.EmittedForCompatibilityOnly)'=='') se evaluó como (''!='' and ''=='').
   3:7>Compilación terminada del destino "_GenerateSatelliteAssemblyInputs" en el proyecto "MisComponentesLib.csproj".
       Se omitió el destino "ComputeIntermediateSatelliteAssemblies" debido a una condición falsa (False); (@(EmbeddedResource->'%(WithCulture)') != '') se evaluó como ( != '').
       Se omitió el destino "GenerateSatelliteAssemblies" debido a una condición falsa (False); ('@(_SatelliteAssemblyResourceInputs)' != '' and '$(GenerateSatelliteAssembliesForCore)' != 'true') se evaluó como ('' != '' and 'true' != 'true').
       Se omitió el destino "CoreGenerateSatelliteAssemblies" debido a una condición falsa (False); ('@(_SatelliteAssemblyResourceInputs)' != ''  and '$(GenerateSatelliteAssembliesForCore)' == 'true' ) se evaluó como ('' != ''  and 'true' == 'true' ).
   3:7>Destino "CreateSatelliteAssemblies" en el archivo "C:\Program Files\dotnet\sdk\9.0.305\Microsoft.Common.CurrentVersion.targets" del proyecto "D:\GitHub\Grado\DAM\2DAM\C Sharp\Creacion Componente\RA3_RelojDigital\MisComponentesLib\MisComponentesLib.csproj" (el destino "CoreBuild" depende de él):
   3:7>Compilación terminada del destino "CreateSatelliteAssemblies" en el proyecto "MisComponentesLib.csproj".
       Se omitió el destino "GenerateManifests" debido a una condición falsa (False); ('$(GenerateClickOnceManifests)'=='true' or '@(NativeReference)'!='' or '@(ResolvedIsolatedComModules)'!='' or '$(GenerateAppxManifest)' == 'true') se evaluó como (''=='true' or ''!='' or ''!='' or '' == 'true').
   3:7>Destino "GetTargetPathWithTargetPlatformMoniker" en el archivo "C:\Program Files\dotnet\sdk\9.0.305\Microsoft.Common.CurrentVersion.targets" del proyecto "D:\GitHub\Grado\DAM\2DAM\C Sharp\Creacion Componente\RA3_RelojDigital\MisComponentesLib\MisComponentesLib.csproj" (el destino "GetTargetPath" depende de él):
   3:7>Compilación terminada del destino "GetTargetPathWithTargetPlatformMoniker" en el proyecto "MisComponentesLib.csproj".
   3:7>Destino "GetTargetPath" en el archivo "C:\Program Files\dotnet\sdk\9.0.305\Microsoft.Common.CurrentVersion.targets" del proyecto "D:\GitHub\Grado\DAM\2DAM\C Sharp\Creacion Componente\RA3_RelojDigital\MisComponentesLib\MisComponentesLib.csproj" (el destino "CoreBuild" depende de él):
   3:7>Compilación terminada del destino "GetTargetPath" en el proyecto "MisComponentesLib.csproj".
       Se omitió el destino "ComputeIntermediateSatelliteAssemblies" debido a una condición falsa (False); (@(EmbeddedResource->'%(WithCulture)') != '') se evaluó como ( != '').
       Se omitió el destino "_CopyFilesMarkedCopyLocal" debido a una condición falsa (False); ('@(ReferenceCopyLocalPaths)' != '') se evaluó como ('' != '').
       Se omitió el destino "AssignTargetPaths". Compilado previamente de forma correcta.
       Se omitió el destino "AssignProjectConfiguration". Compilado previamente de forma correcta.
       Se omitió el destino "_SplitProjectReferencesByFileExistence". Compilado previamente de forma correcta.
       Se omitió el destino "_GetProjectReferenceTargetFrameworkProperties". Compilado previamente de forma correcta.
   3:7>Destino "_PopulateCommonStateForGetCopyToOutputDirectoryItems" en el archivo "C:\Program Files\dotnet\sdk\9.0.305\Microsoft.Common.CurrentVersion.targets" del proyecto "D:\GitHub\Grado\DAM\2DAM\C Sharp\Creacion Componente\RA3_RelojDigital\MisComponentesLib\MisComponentesLib.csproj" (el destino "GetCopyToOutputDirectoryItems" depende de él):
   3:7>Compilación terminada del destino "_PopulateCommonStateForGetCopyToOutputDirectoryItems" en el proyecto "MisComponentesLib.csproj".
       Se omitió el destino "AddDepsJsonAndRuntimeConfigToCopyItemsForReferencingProjects" debido a una condición falsa (False); ('$(HasRuntimeOutput)' == 'true') se evaluó como ('' == 'true').
   3:7>Destino "GetCopyToOutputDirectoryItems" en el archivo "C:\Program Files\dotnet\sdk\9.0.305\Microsoft.Common.CurrentVersion.targets" del proyecto "D:\GitHub\Grado\DAM\2DAM\C Sharp\Creacion Componente\RA3_RelojDigital\MisComponentesLib\MisComponentesLib.csproj" (el destino "_CopySourceItemsToOutputDirectory" depende de él):
       Usando la tarea "CallTarget" del ensamblado "Microsoft.Build.Tasks.Core, Version=15.1.0.0, Culture=neutral, PublicKeyToken=b03f5f7f11d50a3a".
       Tarea "CallTarget"
       Se omitió el destino "_PopulateCommonStateForGetCopyToOutputDirectoryItems". Compilado previamente de forma correcta.
       Se omitió el destino "_AddOutputPathToGlobalPropertiesToRemove". Compilado previamente de forma correcta.
   3:7>Destino "_GetCopyToOutputDirectoryItemsFromTransitiveProjectReferences" en el archivo "C:\Program Files\dotnet\sdk\9.0.305\Microsoft.Common.CurrentVersion.targets" del proyecto "D:\GitHub\Grado\DAM\2DAM\C Sharp\Creacion Componente\RA3_RelojDigital\MisComponentesLib\MisComponentesLib.csproj" (el destino "GetCopyToOutputDirectoryItems" depende de él):
       Se omitió la tarea "MSBuild" debido a una condición falsa (False); ('@(_MSBuildProjectReferenceExistent)' != '' and '$(_GetChildProjectCopyToOutputDirectoryItems)' == 'true' and '%(_MSBuildProjectReferenceExistent.Private)' != 'false' and '$(UseCommonOutputDirectory)' != 'true') se evaluó como ('' != '' and 'true' == 'true' and '' != 'false' and 'false' != 'true').
       Tarea "AssignTargetPath"
       Ejecución de la tarea "AssignTargetPath" terminada.
   3:7>Compilación terminada del destino "_GetCopyToOutputDirectoryItemsFromTransitiveProjectReferences" en el proyecto "MisComponentesLib.csproj".
       Ejecución de la tarea "CallTarget" terminada.
       Tarea "CallTarget"
       Se omitió el destino "AssignTargetPaths". Compilado previamente de forma correcta.
       Se omitió el destino "_PopulateCommonStateForGetCopyToOutputDirectoryItems". Compilado previamente de forma correcta.
       Se omitió el destino "AddDepsJsonAndRuntimeConfigToCopyItemsForReferencingProjects" debido a una condición falsa (False); ('$(HasRuntimeOutput)' == 'true') se evaluó como ('' == 'true').
   3:7>Destino "_GetCopyToOutputDirectoryItemsFromThisProject" en el archivo "C:\Program Files\dotnet\sdk\9.0.305\Microsoft.Common.CurrentVersion.targets" del proyecto "D:\GitHub\Grado\DAM\2DAM\C Sharp\Creacion Componente\RA3_RelojDigital\MisComponentesLib\MisComponentesLib.csproj" (el destino "GetCopyToOutputDirectoryItems" depende de él):
       Tarea "AssignTargetPath"
       Ejecución de la tarea "AssignTargetPath" terminada.
   3:7>Compilación terminada del destino "_GetCopyToOutputDirectoryItemsFromThisProject" en el proyecto "MisComponentesLib.csproj".
       Ejecución de la tarea "CallTarget" terminada.
   3:7>Compilación terminada del destino "GetCopyToOutputDirectoryItems" en el proyecto "MisComponentesLib.csproj".
       Se omitió el destino "_CopyOutOfDateSourceItemsToOutputDirectory" debido a una condición falsa (False); ( '@(_SourceItemsToCopyToOutputDirectory)' != '' ) se evaluó como ( '' != '' ).
       Se omitió el destino "_CopyOutOfDateSourceItemsToOutputDirectoryAlways" debido a una condición falsa (False); ( '@(_SourceItemsToCopyToOutputDirectoryAlways)' != '' ) se evaluó como ( '' != '' ).
       Se omitió el destino "_CopyDifferingSourceItemsToOutputDirectory" debido a una condición falsa (False); ( '@(_SourceItemsToCopyToOutputDirectoryIfDifferent)' != '' ) se evaluó como ( '' != '' ).
   3:7>Destino "_CopySourceItemsToOutputDirectory" en el archivo "C:\Program Files\dotnet\sdk\9.0.305\Microsoft.Common.CurrentVersion.targets" del proyecto "D:\GitHub\Grado\DAM\2DAM\C Sharp\Creacion Componente\RA3_RelojDigital\MisComponentesLib\MisComponentesLib.csproj" (el destino "CopyFilesToOutputDirectory" depende de él):
   3:7>Compilación terminada del destino "_CopySourceItemsToOutputDirectory" en el proyecto "MisComponentesLib.csproj".
       Se omitió el destino "_CopyAppConfigFile" debido a una condición falsa (False); ( '@(AppConfigWithTargetPath)' != '' ) se evaluó como ( '' != '' ).
       Se omitió el destino "_CopyManifestFiles" debido a una condición falsa (False); ( '$(_DeploymentCopyApplicationManifest)'=='true' or '$(GenerateClickOnceManifests)'=='true' ) se evaluó como ( ''=='true' or ''=='true' ).
   3:7>Destino "_CheckForCompileOutputs" en el archivo "C:\Program Files\dotnet\sdk\9.0.305\Microsoft.Common.CurrentVersion.targets" del proyecto "D:\GitHub\Grado\DAM\2DAM\C Sharp\Creacion Componente\RA3_RelojDigital\MisComponentesLib\MisComponentesLib.csproj" (el destino "CopyFilesToOutputDirectory" depende de él):
   3:7>Compilación terminada del destino "_CheckForCompileOutputs" en el proyecto "MisComponentesLib.csproj".
       Se omitió el destino "_SGenCheckForOutputs" debido a una condición falsa (False); ('$(_SGenGenerateSerializationAssembliesConfig)' == 'On' or ('@(WebReferenceUrl)'!='' and '$(_SGenGenerateSerializationAssembliesConfig)' == 'Auto')) se evaluó como ('Off' == 'On' or (''!='' and 'Off' == 'Auto')).
       Se omitió el destino "GenerateBuildDependencyFile" debido a una condición falsa (False); ('$(GenerateDependencyFile)' == 'true') se evaluó como ('' == 'true').
       Se omitió el destino "ComputeDependencyFileCompilerOptions" debido a una condición falsa (False); ('$(PreserveCompilationContext)' == 'true') se evaluó como ('' == 'true').
       Se omitió el destino "GenerateBuildRuntimeConfigurationFiles" debido a una condición falsa (False); ( '$(GenerateRuntimeConfigurationFiles)' == 'true') se evaluó como ( '' == 'true').
       Se omitió el destino "GenerateShimsAssets" debido a una condición falsa (False); ('$(PackAsTool)' == 'true' and $(PackAsToolShimRuntimeIdentifiers) != '' ) se evaluó como ('' == 'true' and  != '' ).
   3:7>Destino "CopyFilesToOutputDirectory" en el archivo "C:\Program Files\dotnet\sdk\9.0.305\Microsoft.Common.CurrentVersion.targets" del proyecto "D:\GitHub\Grado\DAM\2DAM\C Sharp\Creacion Componente\RA3_RelojDigital\MisComponentesLib\MisComponentesLib.csproj" (el destino "PrepareForRun" depende de él):
       Usando la tarea "Copy" del ensamblado "Microsoft.Build.Tasks.Core, Version=15.1.0.0, Culture=neutral, PublicKeyToken=b03f5f7f11d50a3a".
       Tarea "Copy"
         Copiando el archivo de "D:\GitHub\Grado\DAM\2DAM\C Sharp\Creacion Componente\RA3_RelojDigital\MisComponentesLib\obj\Debug\net472\MisComponentesLib.dll" en "D:\GitHub\Grado\DAM\2DAM\C Sharp\Creacion Componente\RA3_RelojDigital\MisComponentesLib\bin\Debug\net472\MisComponentesLib.dll".
       Ejecución de la tarea "Copy" terminada.
       Se omitió la tarea "CopyRefAssembly" debido a una condición falsa (False); ('$(ProduceReferenceAssembly)' == 'true' and '$(CopyBuildOutputToOutputDirectory)' == 'true' and '$(SkipCopyBuildProduct)' != 'true') se evaluó como ('false' == 'true' and 'true' == 'true' and '' != 'true').
       Tarea "Message"
         MisComponentesLib -> D:\GitHub\Grado\DAM\2DAM\C Sharp\Creacion Componente\RA3_RelojDigital\MisComponentesLib\bin\Debug\net472\MisComponentesLib.dll
       Ejecución de la tarea "Message" terminada.
       Se omitió la tarea "Copy" debido a una condición falsa (False); ('@(AddModules)' != '') se evaluó como ('' != '').
       Se omitió la tarea "Copy" debido a una condición falsa (False); ('$(_SGenDllCreated)'=='true') se evaluó como ('false'=='true').
       Tarea "Copy"
         Copiando el archivo de "D:\GitHub\Grado\DAM\2DAM\C Sharp\Creacion Componente\RA3_RelojDigital\MisComponentesLib\obj\Debug\net472\MisComponentesLib.pdb" en "D:\GitHub\Grado\DAM\2DAM\C Sharp\Creacion Componente\RA3_RelojDigital\MisComponentesLib\bin\Debug\net472\MisComponentesLib.pdb".
       Ejecución de la tarea "Copy" terminada.
       Se omitió la tarea "Copy" debido a una condición falsa (False); ('$(_DocumentationFileProduced)'=='true' and '$(CopyDocumentationFileToOutputDirectory)'=='true') se evaluó como ('false'=='true' and 'true'=='true').
       Se omitió la tarea "Copy" debido a una condición falsa (False); ('@(IntermediateSatelliteAssembliesWithTargetPath)' != '') se evaluó como ('' != '').
       Se omitió la tarea "Copy" debido a una condición falsa (False); ('@(ReferenceComWrappersToCopyLocal)' != '' or '@(ResolvedIsolatedComModules)' != '' or '@(_DeploymentLooseManifestFile)' != '' or '@(NativeReferenceFile)' != '' ) se evaluó como ('' != '' or '' != '' or '' != '' or '' != '' ).
       Se omitió la tarea "Copy" debido a una condición falsa (False); ('$(SkipCopyWinMDArtifact)' != 'true' and '@(WinMDExpArtifacts)' != '') se evaluó como ('' != 'true' and '' != '').
       Se omitió la tarea "Message" debido a una condición falsa (False); ('$(SkipCopyWinMDArtifact)' != 'true' and '$(_WindowsMetadataOutputPath)' != '') se evaluó como ('' != 'true' and '' != '').
   3:7>Compilación terminada del destino "CopyFilesToOutputDirectory" en el proyecto "MisComponentesLib.csproj".
       Se omitió el destino "_CopyReferenceOnlyAssembliesForBuild" debido a una condición falsa (False); ('$(PreserveCompilationReferences)' == 'true') se evaluó como ('' == 'true').
   3:7>Destino "PrepareForRun" en el archivo "C:\Program Files\dotnet\sdk\9.0.305\Microsoft.Common.CurrentVersion.targets" del proyecto "D:\GitHub\Grado\DAM\2DAM\C Sharp\Creacion Componente\RA3_RelojDigital\MisComponentesLib\MisComponentesLib.csproj" (el destino "CoreBuild" depende de él):
   3:7>Compilación terminada del destino "PrepareForRun" en el proyecto "MisComponentesLib.csproj".
       Se omitió el destino "UnmanagedRegistration" debido a una condición falsa (False); ('$(RegisterForComInterop)'=='true' and '$(OutputType)'=='library') se evaluó como (''=='true' and 'Library'=='library').
       Se omitió el destino "_CheckForCompileOutputs". Compilado previamente de forma correcta.
       Se omitió el destino "_SGenCheckForOutputs" debido a una condición falsa (False); ('$(_SGenGenerateSerializationAssembliesConfig)' == 'On' or ('@(WebReferenceUrl)'!='' and '$(_SGenGenerateSerializationAssembliesConfig)' == 'Auto')) se evaluó como ('Off' == 'On' or (''!='' and 'Off' == 'Auto')).
   3:7>Destino "_CleanGetCurrentAndPriorFileWrites" en el archivo "C:\Program Files\dotnet\sdk\9.0.305\Microsoft.Common.CurrentVersion.targets" del proyecto "D:\GitHub\Grado\DAM\2DAM\C Sharp\Creacion Componente\RA3_RelojDigital\MisComponentesLib\MisComponentesLib.csproj" (el destino "IncrementalClean" depende de él):
       Usando la tarea "ReadLinesFromFile" del ensamblado "Microsoft.Build.Tasks.Core, Version=15.1.0.0, Culture=neutral, PublicKeyToken=b03f5f7f11d50a3a".
       Tarea "ReadLinesFromFile"
       Ejecución de la tarea "ReadLinesFromFile" terminada.
       Tarea "ConvertToAbsolutePath"
       Ejecución de la tarea "ConvertToAbsolutePath" terminada.
       Usando la tarea "FindUnderPath" del ensamblado "Microsoft.Build.Tasks.Core, Version=15.1.0.0, Culture=neutral, PublicKeyToken=b03f5f7f11d50a3a".
       Tarea "FindUnderPath"
         La ruta de comparación es "D:\GitHub\Grado\DAM\2DAM\C Sharp\Creacion Componente\RA3_RelojDigital\MisComponentesLib".
       Ejecución de la tarea "FindUnderPath" terminada.
       Tarea "FindUnderPath"
         La ruta de comparación es "bin\Debug\net472\".
       Ejecución de la tarea "FindUnderPath" terminada.
       Tarea "FindUnderPath"
         La ruta de comparación es "obj\Debug\net472\".
       Ejecución de la tarea "FindUnderPath" terminada.
       Tarea "RemoveDuplicates"
       Ejecución de la tarea "RemoveDuplicates" terminada.
   3:7>Compilación terminada del destino "_CleanGetCurrentAndPriorFileWrites" en el proyecto "MisComponentesLib.csproj".
   3:7>Destino "IncrementalClean" en el archivo "C:\Program Files\dotnet\sdk\9.0.305\Microsoft.Common.CurrentVersion.targets" del proyecto "D:\GitHub\Grado\DAM\2DAM\C Sharp\Creacion Componente\RA3_RelojDigital\MisComponentesLib\MisComponentesLib.csproj" (el destino "CoreBuild" depende de él):
       Tarea "FindUnderPath"
         La ruta de comparación es "bin\Debug\net472\".
       Ejecución de la tarea "FindUnderPath" terminada.
       Tarea "FindUnderPath"
         La ruta de comparación es "obj\Debug\net472\".
       Ejecución de la tarea "FindUnderPath" terminada.
       Usando la tarea "Delete" del ensamblado "Microsoft.Build.Tasks.Core, Version=15.1.0.0, Culture=neutral, PublicKeyToken=b03f5f7f11d50a3a".
       Tarea "Delete"
       Ejecución de la tarea "Delete" terminada.
       Tarea "RemoveDuplicates"
       Ejecución de la tarea "RemoveDuplicates" terminada.
       Tarea "WriteLinesToFile"
       Ejecución de la tarea "WriteLinesToFile" terminada.
   3:7>Compilación terminada del destino "IncrementalClean" en el proyecto "MisComponentesLib.csproj".
       Se omitió el destino "PostBuildEvent" debido a una condición falsa (False); ('$(PostBuildEvent)' != '' and ('$(RunPostBuildEvent)' != 'OnOutputUpdated' or '$(_AssemblyTimestampBeforeCompile)' != '$(_AssemblyTimestampAfterCompile)')) se evaluó como ('' != '' and ('' != 'OnOutputUpdated' or '' != '')).
       Se omitió el destino "GenerateBuildDependencyFile" debido a una condición falsa (False); ('$(GenerateDependencyFile)' == 'true') se evaluó como ('' == 'true').
       Se omitió el destino "ComputeDependencyFileCompilerOptions" debido a una condición falsa (False); ('$(PreserveCompilationContext)' == 'true') se evaluó como ('' == 'true').
       Se omitió el destino "GenerateBuildRuntimeConfigurationFiles" debido a una condición falsa (False); ( '$(GenerateRuntimeConfigurationFiles)' == 'true') se evaluó como ( '' == 'true').
   3:7>Destino "CoreBuild" en el archivo "C:\Program Files\dotnet\sdk\9.0.305\Microsoft.Common.CurrentVersion.targets" del proyecto "D:\GitHub\Grado\DAM\2DAM\C Sharp\Creacion Componente\RA3_RelojDigital\MisComponentesLib\MisComponentesLib.csproj" (el destino "Build" depende de él):
   3:7>Compilación terminada del destino "CoreBuild" en el proyecto "MisComponentesLib.csproj".
   3:7>Destino "AfterBuild" en el archivo "C:\Program Files\dotnet\sdk\9.0.305\Microsoft.Common.CurrentVersion.targets" del proyecto "D:\GitHub\Grado\DAM\2DAM\C Sharp\Creacion Componente\RA3_RelojDigital\MisComponentesLib\MisComponentesLib.csproj" (el destino "Build" depende de él):
   3:7>Compilación terminada del destino "AfterBuild" en el proyecto "MisComponentesLib.csproj".
       Se omitió el destino "_CheckBrowserWorkloadNeededButNotAvailable" debido a una condición falsa (False); ('$(RuntimeIdentifier)' == 'browser-wasm' and '$(_BrowserWorkloadDisabled)' != 'true' and '$(WasmNativeWorkloadAvailable)' != 'true') se evaluó como ('' == 'browser-wasm' and '' != 'true' and '' != 'true').
       Se omitió el destino "_ErrorWorkloadDisabledForTFMLessThan6" debido a una condición falsa (False); ('$(_BrowserWorkloadNotSupportedForTFM)' == 'true') se evaluó como ('' == 'true').
       Se omitió el destino "_ErrorDualWasmThreadPropsOn7" debido a una condición falsa (False); ('$(TargetsNet7)' == 'true' and '$(RuntimeIdentifier)' == 'browser-wasm' and
           '$(BrowserWorkloadDisabled)' != 'true' and '$(WasmEnableThreads)' == 'true' and '$(WasmEnablePerfTrace)' == 'true') se evaluó como ('' == 'true' and '' == 'browser-wasm' and
           '' != 'true' and '' == 'true' and '' == 'true').
       Se omitió el destino "_CheckForInvalidConfigurationAndPlatform". Compilado previamente de forma correcta.
       Se omitió el destino "_CheckForInvalidConfigurationAndPlatform". Compilado previamente de forma correcta.
   3:7>Destino "Build" en el archivo "C:\Program Files\dotnet\sdk\9.0.305\Microsoft.Common.CurrentVersion.targets" del proyecto "D:\GitHub\Grado\DAM\2DAM\C Sharp\Creacion Componente\RA3_RelojDigital\MisComponentesLib\MisComponentesLib.csproj" (punto de entrada):
   3:7>Compilación terminada del destino "Build" en el proyecto "MisComponentesLib.csproj".
       Se omitió el destino "_PackAsBuildAfterTarget" debido a una condición falsa (False); ('$(GeneratePackageOnBuild)' == 'true' AND '$(IsInnerBuild)' != 'true') se evaluó como ('false' == 'true' AND '' != 'true').
   3:7>Destino "_CheckContainersPackage" en el archivo "C:\Program Files\dotnet\sdk\9.0.305\Containers\build\Microsoft.NET.Build.Containers.targets" del proyecto "D:\GitHub\Grado\DAM\2DAM\C Sharp\Creacion Componente\RA3_RelojDigital\MisComponentesLib\MisComponentesLib.csproj" (punto de entrada):
       Se omitió la tarea "Warning" debido a una condición falsa (False); ($(_ContainerPackageIsPresent)
               and (
                 ($(_SdkCanPublishWeb) and $(_IsWebProject)) or
                 ($(_SdkCanPublishWorker) and $(_IsWorkerProject)) or
                 ($(_SdkCanPublishConsole) and '$(EnableSdkContainerSupport)' == 'true')
               )) se evaluó como (false
               and (
                 (True and false) or
                 (True and false) or
                 (True and '' == 'true')
               )).
   3:7>Compilación terminada del destino "_CheckContainersPackage" en el proyecto "MisComponentesLib.csproj".
   3:7>Compilación del proyecto terminada "D:\GitHub\Grado\DAM\2DAM\C Sharp\Creacion Componente\RA3_RelojDigital\MisComponentesLib\MisComponentesLib.csproj" (destinos predeterminados).
   2:6>El proyecto "D:\GitHub\Grado\DAM\2DAM\C Sharp\Creacion Componente\RA3_RelojDigital\TestRelojDigital\TestRelojDigital.csproj" (2:6) está compilando "D:\GitHub\Grado\DAM\2DAM\C Sharp\Creacion Componente\RA3_RelojDigital\MisComponentesLib\MisComponentesLib.csproj" (3:8) en el nodo 1 (GetTargetFrameworks destinos).
   3:8>Destino "GetTargetFrameworksWithPlatformForSingleTargetFramework" en el archivo "C:\Program Files\dotnet\sdk\9.0.305\Microsoft.Common.CurrentVersion.targets" del proyecto "D:\GitHub\Grado\DAM\2DAM\C Sharp\Creacion Componente\RA3_RelojDigital\MisComponentesLib\MisComponentesLib.csproj" (el destino "GetTargetFrameworks" depende de él):
   3:8>Usando la tarea "CombineTargetFrameworkInfoProperties" del ensamblado "Microsoft.Build.Tasks.Core, Version=15.1.0.0, Culture=neutral, PublicKeyToken=b03f5f7f11d50a3a".
       Tarea "CombineTargetFrameworkInfoProperties"
       Ejecución de la tarea "CombineTargetFrameworkInfoProperties" terminada.
   3:8>Compilación terminada del destino "GetTargetFrameworksWithPlatformForSingleTargetFramework" en el proyecto "MisComponentesLib.csproj".
   3:8>Destino "GetTargetFrameworks" en el archivo "C:\Program Files\dotnet\sdk\9.0.305\Microsoft.Common.CurrentVersion.targets" del proyecto "D:\GitHub\Grado\DAM\2DAM\C Sharp\Creacion Componente\RA3_RelojDigital\MisComponentesLib\MisComponentesLib.csproj" (punto de entrada):
       Se omitió la tarea "MSBuildInternalMessage" debido a una condición falsa (False); ('$(IsCrossTargetingBuild)' == 'true') se evaluó como ('' == 'true').
       Usando la tarea "CombineXmlElements" del ensamblado "Microsoft.Build.Tasks.Core, Version=15.1.0.0, Culture=neutral, PublicKeyToken=b03f5f7f11d50a3a".
       Tarea "CombineXmlElements"
       Ejecución de la tarea "CombineXmlElements" terminada.
   3:8>Compilación terminada del destino "GetTargetFrameworks" en el proyecto "MisComponentesLib.csproj".
   3:8>Compilación del proyecto terminada "D:\GitHub\Grado\DAM\2DAM\C Sharp\Creacion Componente\RA3_RelojDigital\MisComponentesLib\MisComponentesLib.csproj" (GetTargetFrameworks destinos).
   2:6>Ejecución de la tarea "MSBuild" terminada.
       Se omitió la tarea "MSBuild" debido a una condición falsa (False); ('%(_MSBuildProjectReferenceExistent.SkipGetTargetFrameworkProperties)' != 'true' and '$(EnableDynamicPlatformResolution)' == 'true') se evaluó como ('' != 'true' and '' == 'true').
       Usando la tarea "GetReferenceNearestTargetFrameworkTask" del ensamblado "C:\Program Files\dotnet\sdk\9.0.305\NuGet.Build.Tasks.dll".
       Tarea "GetReferenceNearestTargetFrameworkTask"
       Ejecución de la tarea "GetReferenceNearestTargetFrameworkTask" terminada.
       Se omitió la tarea "GetReferenceNearestTargetFrameworkTask" debido a una condición falsa (False); ('@(_ProjectReferenceTargetFrameworkPossibilities)' != '' and '$(ReferringTargetFrameworkForProjectReferences)' != ''
                                                               And '$(GetReferenceNearestTargetFrameworkTaskSupportsTargetPlatformParameter)' != 'true' and '%(_ProjectReferenceTargetFrameworkPossibilities.IsVcxOrNativeProj)' != 'true') se evaluó como ('..\MisComponentesLib\MisComponentesLib.csproj' != '' and '.NETFramework,Version=v4.7.2' != ''
                                                               And 'true' != 'true' and '' != 'true').
       Usando la tarea "SetRidAgnosticValueForProjects" del ensamblado "Microsoft.Build.Tasks.Core, Version=15.1.0.0, Culture=neutral, PublicKeyToken=b03f5f7f11d50a3a".
       Tarea "SetRidAgnosticValueForProjects"
       Ejecución de la tarea "SetRidAgnosticValueForProjects" terminada.
   2:6>Compilación terminada del destino "_GetProjectReferenceTargetFrameworkProperties" en el proyecto "TestRelojDigital.csproj".
   2:6>Destino "ValidateExecutableReferences" en el archivo "C:\Program Files\dotnet\sdk\9.0.305\Sdks\Microsoft.NET.Sdk\targets\Microsoft.NET.Sdk.targets" del proyecto "D:\GitHub\Grado\DAM\2DAM\C Sharp\Creacion Componente\RA3_RelojDigital\TestRelojDigital\TestRelojDigital.csproj" (el destino "PrepareProjectReferences" depende de él):
       Usando la tarea "ValidateExecutableReferences" del ensamblado "C:\Program Files\dotnet\sdk\9.0.305\Sdks\Microsoft.NET.Sdk\targets\..\tools\net9.0\Microsoft.NET.Build.Tasks.dll".
       Tarea "ValidateExecutableReferences"
       Ejecución de la tarea "ValidateExecutableReferences" terminada.
   2:6>Compilación terminada del destino "ValidateExecutableReferences" en el proyecto "TestRelojDigital.csproj".
       Se omitió el destino "_GetProjectReferencePlatformProperties" debido a una condición falsa (False); ('$(EnableDynamicPlatformResolution)' == 'true'
                            and '@(_MSBuildProjectReferenceExistent)' != '') se evaluó como ('' == 'true'
                            and '..\MisComponentesLib\MisComponentesLib.csproj' != '').
   2:6>Destino "PrepareProjectReferences" en el archivo "C:\Program Files\dotnet\sdk\9.0.305\Microsoft.Common.CurrentVersion.targets" del proyecto "D:\GitHub\Grado\DAM\2DAM\C Sharp\Creacion Componente\RA3_RelojDigital\TestRelojDigital\TestRelojDigital.csproj" (el destino "ResolveProjectReferences" depende de él):
   2:6>Compilación terminada del destino "PrepareProjectReferences" en el proyecto "TestRelojDigital.csproj".
   2:6>Destino "ResolveProjectReferences" en el archivo "C:\Program Files\dotnet\sdk\9.0.305\Microsoft.Common.CurrentVersion.targets" del proyecto "D:\GitHub\Grado\DAM\2DAM\C Sharp\Creacion Componente\RA3_RelojDigital\TestRelojDigital\TestRelojDigital.csproj" (el destino "ResolveReferences" depende de él):
       Se omitió la tarea "MSBuild" debido a una condición falsa (False); ('%(_MSBuildProjectReferenceExistent.BuildReference)' == 'true' and '@(ProjectReferenceWithConfiguration)' != '' and ('$(BuildingInsideVisualStudio)' == 'true' or '$(BuildProjectReferences)' != 'true') and '$(VisualStudioVersion)' != '10.0' and '@(_MSBuildProjectReferenceExistent)' != '') se evaluó como ('true' == 'true' and '..\MisComponentesLib\MisComponentesLib.csproj' != '' and ('' == 'true' or 'true' != 'true') and '17.0' != '10.0' and '..\MisComponentesLib\MisComponentesLib.csproj' != '').
       Tarea "MSBuild"
         Propiedades globales:
           Configuration=Debug
           Platform=AnyCPU
         Quitando propiedades del proyecto "..\MisComponentesLib\MisComponentesLib.csproj":
           TargetFramework
           RuntimeIdentifier
           SelfContained
   2:6>El proyecto "D:\GitHub\Grado\DAM\2DAM\C Sharp\Creacion Componente\RA3_RelojDigital\TestRelojDigital\TestRelojDigital.csproj" (2:6) está compilando "D:\GitHub\Grado\DAM\2DAM\C Sharp\Creacion Componente\RA3_RelojDigital\MisComponentesLib\MisComponentesLib.csproj" (3:9) en el nodo 1 (destinos predeterminados).
   3:9>Se omitió el destino "Build". Compilado previamente de forma correcta.
   3:9>Compilación del proyecto terminada "D:\GitHub\Grado\DAM\2DAM\C Sharp\Creacion Componente\RA3_RelojDigital\MisComponentesLib\MisComponentesLib.csproj" (destinos predeterminados).
   2:6>Ejecución de la tarea "MSBuild" terminada.
       Tarea "MSBuild"
         Propiedades globales:
           Configuration=Debug
           Platform=AnyCPU
         Quitando propiedades del proyecto "..\MisComponentesLib\MisComponentesLib.csproj":
           TargetFramework
           RuntimeIdentifier
           SelfContained
   2:6>El proyecto "D:\GitHub\Grado\DAM\2DAM\C Sharp\Creacion Componente\RA3_RelojDigital\TestRelojDigital\TestRelojDigital.csproj" (2:6) está compilando "D:\GitHub\Grado\DAM\2DAM\C Sharp\Creacion Componente\RA3_RelojDigital\MisComponentesLib\MisComponentesLib.csproj" (3:10) en el nodo 1 (GetNativeManifest destinos).
  3:10>Destino "GetNativeManifest" en el archivo "C:\Program Files\dotnet\sdk\9.0.305\Microsoft.Common.CurrentVersion.targets" del proyecto "D:\GitHub\Grado\DAM\2DAM\C Sharp\Creacion Componente\RA3_RelojDigital\MisComponentesLib\MisComponentesLib.csproj" (punto de entrada):
  3:10>Compilación terminada del destino "GetNativeManifest" en el proyecto "MisComponentesLib.csproj".
  3:10>Compilación del proyecto terminada "D:\GitHub\Grado\DAM\2DAM\C Sharp\Creacion Componente\RA3_RelojDigital\MisComponentesLib\MisComponentesLib.csproj" (GetNativeManifest destinos).
   2:6>Ejecución de la tarea "MSBuild" terminada.
       Se omitió la tarea "MSBuildInternalMessage" debido a una condición falsa (False); ('$(_NonExistentProjectReferenceSeverity)' != '') se evaluó como ('' != '').
   2:6>Compilación terminada del destino "ResolveProjectReferences" en el proyecto "TestRelojDigital.csproj".
   2:6>Destino "RemoveManagedWinRTComponentWinMDReferences" en el archivo "C:\Program Files\dotnet\sdk\9.0.305\Sdks\Microsoft.NET.Sdk\targets\Microsoft.NET.Windows.targets" del proyecto "D:\GitHub\Grado\DAM\2DAM\C Sharp\Creacion Componente\RA3_RelojDigital\TestRelojDigital\TestRelojDigital.csproj" (el destino "ResolveReferences" depende de él):
   2:6>Compilación terminada del destino "RemoveManagedWinRTComponentWinMDReferences" en el proyecto "TestRelojDigital.csproj".
       Se omitió el destino "AddWinRTComponentImplementationReference" debido a una condición falsa (False); ('@(ManagedWinRTComponentImplementations)' != '') se evaluó como ('' != '').
       Se omitió el destino "FindInvalidProjectReferences" debido a una condición falsa (False); ('$(FindInvalidProjectReferences)' == 'true') se evaluó como ('' == 'true').
       Se omitió el destino "ResolveNativeReferences" debido a una condición falsa (False); ('@(NativeReference)'!='') se evaluó como (''!='').
       Se omitió el destino "ResolveProjectReferences". Compilado previamente de forma correcta.
       Se omitió el destino "FindInvalidProjectReferences" debido a una condición falsa (False); ('$(FindInvalidProjectReferences)' == 'true') se evaluó como ('' == 'true').
       Se omitió el destino "GetFrameworkPaths". Compilado previamente de forma correcta.
       Se omitió el destino "GetReferenceAssemblyPaths". Compilado previamente de forma correcta.
       Se omitió el destino "PrepareForBuild". Compilado previamente de forma correcta.
       Se omitió el destino "GetInstalledSDKLocations" debido a una condición falsa (False); ('@(SDKReference)' != '') se evaluó como ('' != '').
   2:6>Destino "ResolveSDKReferences" en el archivo "C:\Program Files\dotnet\sdk\9.0.305\Microsoft.Common.CurrentVersion.targets" del proyecto "D:\GitHub\Grado\DAM\2DAM\C Sharp\Creacion Componente\RA3_RelojDigital\TestRelojDigital\TestRelojDigital.csproj" (el destino "ResolveAssemblyReferences" depende de él):
       Se omitió la tarea "ResolveSDKReference" debido a una condición falsa (False); ('@(SDKReference)'!='') se evaluó como (''!='').
   2:6>Compilación terminada del destino "ResolveSDKReferences" en el proyecto "TestRelojDigital.csproj".
       Se omitió el destino "ResolveSDKReferences". Compilado previamente de forma correcta.
   2:6>Destino "ExpandSDKReferences" en el archivo "C:\Program Files\dotnet\sdk\9.0.305\Microsoft.Common.CurrentVersion.targets" del proyecto "D:\GitHub\Grado\DAM\2DAM\C Sharp\Creacion Componente\RA3_RelojDigital\TestRelojDigital\TestRelojDigital.csproj" (el destino "ResolveAssemblyReferences" depende de él):
       Se omitió la tarea "GetSDKReferenceFiles" debido a una condición falsa (False); ('@(ResolvedSDKReference)'!='') se evaluó como (''!='').
   2:6>Compilación terminada del destino "ExpandSDKReferences" en el proyecto "TestRelojDigital.csproj".
       Se omitió el destino "ResolvePackageDependenciesForBuild". Compilado previamente de forma correcta.
       Se omitió el destino "GetFrameworkPaths". Compilado previamente de forma correcta.
       Se omitió el destino "GetReferenceAssemblyPaths". Compilado previamente de forma correcta.
       Se omitió el destino "ResolveTargetingPackAssets" debido a una condición falsa (False); ('@(FrameworkReference)' != '') se evaluó como ('' != '').
       Se omitió el destino "ResolveOffByDefaultAnalyzers" debido a una condición falsa (False); ('@(FrameworkReference)' != '') se evaluó como ('' != '').
   2:6>Destino "ImplicitlyExpandNETStandardFacades" en el archivo "C:\Program Files\dotnet\sdk\9.0.305\Microsoft\Microsoft.NET.Build.Extensions\Microsoft.NET.Build.Extensions.NETFramework.targets" del proyecto "D:\GitHub\Grado\DAM\2DAM\C Sharp\Creacion Componente\RA3_RelojDigital\TestRelojDigital\TestRelojDigital.csproj" (el destino "_HandlePackageFileConflicts" depende de él):
       Se omitió la tarea "GetDependsOnNETStandard" debido a una condición falsa (False); ('$(_RunGetDependsOnNETStandard)' == 'true') se evaluó como ('' == 'true').
       Se omitió la tarea "NETBuildExtensionsError" debido a una condición falsa (False); ('$(DependsOnNETStandard)' == 'true' AND '$(NETStandardInbox)' != 'true' AND '$(_UsingOldSDK)' == 'true') se evaluó como ('' == 'true' AND 'true' != 'true' AND '' == 'true').
       Se omitió la tarea "AddFacadesToReferences" debido a una condición falsa (False); ('@(_NETStandardLibraryNETFrameworkLib)' != '') se evaluó como ('' != '').
   2:6>Compilación terminada del destino "ImplicitlyExpandNETStandardFacades" en el proyecto "TestRelojDigital.csproj".
   2:6>Destino "_HandlePackageFileConflicts" en el archivo "C:\Program Files\dotnet\sdk\9.0.305\Sdks\Microsoft.NET.Sdk\targets\Microsoft.NET.ConflictResolution.targets" del proyecto "D:\GitHub\Grado\DAM\2DAM\C Sharp\Creacion Componente\RA3_RelojDigital\TestRelojDigital\TestRelojDigital.csproj" (el destino "ResolveAssemblyReferences" depende de él):
       Usando la tarea "ResolvePackageFileConflicts" del ensamblado "C:\Program Files\dotnet\sdk\9.0.305\Sdks\Microsoft.NET.Sdk\targets\..\tools\net9.0\Microsoft.NET.Build.Tasks.dll".
       Tarea "ResolvePackageFileConflicts"
       Ejecución de la tarea "ResolvePackageFileConflicts" terminada.
   2:6>Compilación terminada del destino "_HandlePackageFileConflicts" en el proyecto "TestRelojDigital.csproj".
       Se omitió el destino "ResolveTargetingPackAssets" debido a una condición falsa (False); ('@(FrameworkReference)' != '') se evaluó como ('' != '').
       Se omitió el destino "ResolveOffByDefaultAnalyzers" debido a una condición falsa (False); ('@(FrameworkReference)' != '') se evaluó como ('' != '').
       Se omitió el destino "ImplicitlyExpandNETStandardFacades". Compilado previamente de forma correcta.
   2:6>Destino "ResolveAssemblyReferences" en el archivo "C:\Program Files\dotnet\sdk\9.0.305\Microsoft.Common.CurrentVersion.targets" del proyecto "D:\GitHub\Grado\DAM\2DAM\C Sharp\Creacion Componente\RA3_RelojDigital\TestRelojDigital\TestRelojDigital.csproj" (el destino "ResolveReferences" depende de él):
       Usando la tarea "ResolveAssemblyReference" del ensamblado "Microsoft.Build.Tasks.Core, Version=15.1.0.0, Culture=neutral, PublicKeyToken=b03f5f7f11d50a3a".
       Tarea "ResolveAssemblyReference"
         TargetFrameworkMoniker:
             .NETFramework,Version=v4.7.2
         TargetFrameworkMonikerDisplayName:
             .NET Framework 4.7.2
         TargetedRuntimeVersion:
             v
         Assemblies:
             System.Windows.Forms
             System
             System.Data
             System.Drawing
             System.Xml
             System.Core
             System.Runtime.Serialization
             System.Xml.Linq
             System.Numerics
             System.IO.Compression.FileSystem
         AssemblyFiles:
             D:\GitHub\Grado\DAM\2DAM\C Sharp\Creacion Componente\RA3_RelojDigital\MisComponentesLib\bin\Debug\net472\MisComponentesLib.dll
             C:\Program Files (x86)\Reference Assemblies\Microsoft\Framework\.NETFramework\v4.7.2\mscorlib.dll
         CandidateAssemblyFiles:
         TargetFrameworkDirectories:
             C:\Program Files (x86)\Reference Assemblies\Microsoft\Framework\.NETFramework\v4.7.2\,C:\Program Files (x86)\Reference Assemblies\Microsoft\Framework\.NETFramework\v4.7.2\Facades\
         NonCultureResourceDirectories:
             
         InstalledAssemblyTables:
         IgnoreInstalledAssemblyTable:
             False
         SearchPaths:
             {CandidateAssemblyFiles}
             {HintPathFromItem}
             {TargetFrameworkDirectory}
             {RawFileName}
         AllowedAssemblyExtensions:
             .winmd
             .dll
             .exe
         AllowedRelatedFileExtensions:
             .pdb
             .xml
             .pri
             .dll.config
             .exe.config
         AppConfigFile:
             
         AutoUnify:
             True
         EnableCustomCulture:
             False
         CopyLocalDependenciesWhenParentReferenceInGac:
             True
         FindDependencies:
             True
         TargetProcessorArchitecture:
             x86
         StateFile:
             obj\Debug\net472\TestRelojDigital.csproj.AssemblyReference.cache
         InstalledAssemblySubsetTables:
         IgnoreInstalledAssemblySubsetTable:
             False
         TargetFrameworkSubsets:
         FullTargetFrameworkSubsetNames:
             Full
         ProfileName:
             
         FullFrameworkFolders:
             C:\Program Files (x86)\Reference Assemblies\Microsoft\Framework\.NETFramework\v4.7.2\
         LatestTargetFrameworkDirectories:
         ProfileTablesLocation:
         Referencia principal "MisComponentesLib, Version=1.0.0.0, Culture=neutral, PublicKeyToken=null".
             La ruta de acceso del archivo resuelta es "D:\GitHub\Grado\DAM\2DAM\C Sharp\Creacion Componente\RA3_RelojDigital\MisComponentesLib\bin\Debug\net472\MisComponentesLib.dll".
             Se encontró una referencia en la ubicación de ruta de acceso de búsqueda "D:\GitHub\Grado\DAM\2DAM\C Sharp\Creacion Componente\RA3_RelojDigital\MisComponentesLib\bin\Debug\net472\MisComponentesLib.dll".
             Se encontró el archivo "D:\GitHub\Grado\DAM\2DAM\C Sharp\Creacion Componente\RA3_RelojDigital\MisComponentesLib\bin\Debug\net472\MisComponentesLib.pdb" relacionado.
         Referencia principal "mscorlib, Version=4.0.0.0, Culture=neutral, PublicKeyToken=b77a5c561934e089".
             La ruta de acceso del archivo resuelta es "C:\Program Files (x86)\Reference Assemblies\Microsoft\Framework\.NETFramework\v4.7.2\mscorlib.dll".
             Se encontró una referencia en la ubicación de ruta de acceso de búsqueda "C:\Program Files (x86)\Reference Assemblies\Microsoft\Framework\.NETFramework\v4.7.2\mscorlib.dll".
             Esta referencia no es "CopyLocal" porque es un archivo necesario.
         Referencia principal "System.Windows.Forms, Version=4.0.0.0, Culture=neutral, PublicKeyToken=b77a5c561934e089".
             La ruta de acceso del archivo resuelta es "C:\Program Files (x86)\Reference Assemblies\Microsoft\Framework\.NETFramework\v4.7.2\System.Windows.Forms.dll".
             Se encontró una referencia en la ubicación de ruta de acceso de búsqueda "{TargetFrameworkDirectory}".
                 Para SearchPath "{TargetFrameworkDirectory}".
                 Se consideró "C:\Program Files (x86)\Reference Assemblies\Microsoft\Framework\.NETFramework\v4.7.2\System.Windows.Forms.winmd", pero no existía.
             Esta referencia no es "CopyLocal" porque es un archivo necesario.
         Referencia principal "System, Version=4.0.0.0, Culture=neutral, PublicKeyToken=b77a5c561934e089".
             La ruta de acceso del archivo resuelta es "C:\Program Files (x86)\Reference Assemblies\Microsoft\Framework\.NETFramework\v4.7.2\System.dll".
             Se encontró una referencia en la ubicación de ruta de acceso de búsqueda "{TargetFrameworkDirectory}".
                 Para SearchPath "{TargetFrameworkDirectory}".
                 Se consideró "C:\Program Files (x86)\Reference Assemblies\Microsoft\Framework\.NETFramework\v4.7.2\System.winmd", pero no existía.
             Esta referencia no es "CopyLocal" porque es un archivo necesario.
         Referencia principal "System.Data, Version=4.0.0.0, Culture=neutral, PublicKeyToken=b77a5c561934e089".
             La ruta de acceso del archivo resuelta es "C:\Program Files (x86)\Reference Assemblies\Microsoft\Framework\.NETFramework\v4.7.2\System.Data.dll".
             Se encontró una referencia en la ubicación de ruta de acceso de búsqueda "{TargetFrameworkDirectory}".
                 Para SearchPath "{TargetFrameworkDirectory}".
                 Se consideró "C:\Program Files (x86)\Reference Assemblies\Microsoft\Framework\.NETFramework\v4.7.2\System.Data.winmd", pero no existía.
             Esta referencia no es "CopyLocal" porque es un archivo necesario.
         Referencia principal "System.Drawing, Version=4.0.0.0, Culture=neutral, PublicKeyToken=b03f5f7f11d50a3a".
             La ruta de acceso del archivo resuelta es "C:\Program Files (x86)\Reference Assemblies\Microsoft\Framework\.NETFramework\v4.7.2\System.Drawing.dll".
             Se encontró una referencia en la ubicación de ruta de acceso de búsqueda "{TargetFrameworkDirectory}".
                 Para SearchPath "{TargetFrameworkDirectory}".
                 Se consideró "C:\Program Files (x86)\Reference Assemblies\Microsoft\Framework\.NETFramework\v4.7.2\System.Drawing.winmd", pero no existía.
             Esta referencia no es "CopyLocal" porque es un archivo necesario.
         Referencia principal "System.Xml, Version=4.0.0.0, Culture=neutral, PublicKeyToken=b77a5c561934e089".
             La ruta de acceso del archivo resuelta es "C:\Program Files (x86)\Reference Assemblies\Microsoft\Framework\.NETFramework\v4.7.2\System.Xml.dll".
             Se encontró una referencia en la ubicación de ruta de acceso de búsqueda "{TargetFrameworkDirectory}".
                 Para SearchPath "{TargetFrameworkDirectory}".
                 Se consideró "C:\Program Files (x86)\Reference Assemblies\Microsoft\Framework\.NETFramework\v4.7.2\System.Xml.winmd", pero no existía.
             Esta referencia no es "CopyLocal" porque es un archivo necesario.
         Referencia principal "System.Core, Version=4.0.0.0, Culture=neutral, PublicKeyToken=b77a5c561934e089".
             La ruta de acceso del archivo resuelta es "C:\Program Files (x86)\Reference Assemblies\Microsoft\Framework\.NETFramework\v4.7.2\System.Core.dll".
             Se encontró una referencia en la ubicación de ruta de acceso de búsqueda "{TargetFrameworkDirectory}".
                 Para SearchPath "{TargetFrameworkDirectory}".
                 Se consideró "C:\Program Files (x86)\Reference Assemblies\Microsoft\Framework\.NETFramework\v4.7.2\System.Core.winmd", pero no existía.
             Esta referencia no es "CopyLocal" porque es un archivo necesario.
         Referencia principal "System.Runtime.Serialization, Version=4.0.0.0, Culture=neutral, PublicKeyToken=b77a5c561934e089".
             La ruta de acceso del archivo resuelta es "C:\Program Files (x86)\Reference Assemblies\Microsoft\Framework\.NETFramework\v4.7.2\System.Runtime.Serialization.dll".
             Se encontró una referencia en la ubicación de ruta de acceso de búsqueda "{TargetFrameworkDirectory}".
                 Para SearchPath "{TargetFrameworkDirectory}".
                 Se consideró "C:\Program Files (x86)\Reference Assemblies\Microsoft\Framework\.NETFramework\v4.7.2\System.Runtime.Serialization.winmd", pero no existía.
             Esta referencia no es "CopyLocal" porque es un archivo necesario.
         Referencia principal "System.Xml.Linq, Version=4.0.0.0, Culture=neutral, PublicKeyToken=b77a5c561934e089".
             La ruta de acceso del archivo resuelta es "C:\Program Files (x86)\Reference Assemblies\Microsoft\Framework\.NETFramework\v4.7.2\System.Xml.Linq.dll".
             Se encontró una referencia en la ubicación de ruta de acceso de búsqueda "{TargetFrameworkDirectory}".
                 Para SearchPath "{TargetFrameworkDirectory}".
                 Se consideró "C:\Program Files (x86)\Reference Assemblies\Microsoft\Framework\.NETFramework\v4.7.2\System.Xml.Linq.winmd", pero no existía.
             Esta referencia no es "CopyLocal" porque es un archivo necesario.
         Referencia principal "System.Numerics, Version=4.0.0.0, Culture=neutral, PublicKeyToken=b77a5c561934e089".
             La ruta de acceso del archivo resuelta es "C:\Program Files (x86)\Reference Assemblies\Microsoft\Framework\.NETFramework\v4.7.2\System.Numerics.dll".
             Se encontró una referencia en la ubicación de ruta de acceso de búsqueda "{TargetFrameworkDirectory}".
                 Para SearchPath "{TargetFrameworkDirectory}".
                 Se consideró "C:\Program Files (x86)\Reference Assemblies\Microsoft\Framework\.NETFramework\v4.7.2\System.Numerics.winmd", pero no existía.
             Esta referencia no es "CopyLocal" porque es un archivo necesario.
         Referencia principal "System.IO.Compression.FileSystem, Version=4.0.0.0, Culture=neutral, PublicKeyToken=b77a5c561934e089".
             La ruta de acceso del archivo resuelta es "C:\Program Files (x86)\Reference Assemblies\Microsoft\Framework\.NETFramework\v4.7.2\System.IO.Compression.FileSystem.dll".
             Se encontró una referencia en la ubicación de ruta de acceso de búsqueda "{TargetFrameworkDirectory}".
                 Para SearchPath "{TargetFrameworkDirectory}".
                 Se consideró "C:\Program Files (x86)\Reference Assemblies\Microsoft\Framework\.NETFramework\v4.7.2\System.IO.Compression.FileSystem.winmd", pero no existía.
             Esta referencia no es "CopyLocal" porque es un archivo necesario.
       Ejecución de la tarea "ResolveAssemblyReference" terminada.
   2:6>Compilación terminada del destino "ResolveAssemblyReferences" en el proyecto "TestRelojDigital.csproj".
       Se omitió el destino "_ErrorOnUnresolvedWindowsSDKAssemblyConflict" debido a una condición falsa (False); ( '@(ResolveAssemblyReferenceUnresolvedAssemblyConflicts)' != '' ) se evaluó como ( '' != '' ).
       Se omitió el destino "GenerateBindingRedirects" debido a una condición falsa (False); ('$(AutoGenerateBindingRedirects)' == 'true' and '$(GenerateBindingRedirectsOutputType)' == 'true' and '@(SuggestedBindingRedirects)' != '' and '$(DesignTimeBuild)' != 'true' and '$(BuildingProject)' == 'true') se evaluó como ('true' == 'true' and 'true' == 'true' and '' != '' and '' != 'true' and 'true' == 'true').
       Se omitió el destino "ResolveAssemblyReferences". Compilado previamente de forma correcta.
   2:6>Destino "_RemoveZipFileSuggestedRedirect" en el archivo "C:\Program Files\dotnet\sdk\9.0.305\Microsoft\Microsoft.NET.Build.Extensions\Microsoft.NET.Build.Extensions.NETFramework.targets" del proyecto "D:\GitHub\Grado\DAM\2DAM\C Sharp\Creacion Componente\RA3_RelojDigital\TestRelojDigital\TestRelojDigital.csproj" (el destino "GenerateBindingRedirects" depende de él):
   2:6>Compilación terminada del destino "_RemoveZipFileSuggestedRedirect" en el proyecto "TestRelojDigital.csproj".
       Se omitió el destino "PrepareForBuild". Compilado previamente de forma correcta.
   2:6>Destino "_WriteAppConfigWithSupportedRuntime" en el archivo "C:\Program Files\dotnet\sdk\9.0.305\Sdks\Microsoft.NET.Sdk\targets\Microsoft.NET.GenerateSupportedRuntime.targets" del proyecto "D:\GitHub\Grado\DAM\2DAM\C Sharp\Creacion Componente\RA3_RelojDigital\TestRelojDigital\TestRelojDigital.csproj" (el destino "GenerateSupportedRuntime" depende de él):
       Compilando completamente el destino "_WriteAppConfigWithSupportedRuntime".
       El archivo de salida "obj\Debug\net472\TestRelojDigital.exe.withSupportedRuntime.config" no existe.
       Usando la tarea "WriteAppConfigWithSupportedRuntime" del ensamblado "C:\Program Files\dotnet\sdk\9.0.305\Sdks\Microsoft.NET.Sdk\targets\..\tools\net9.0\Microsoft.NET.Build.Tasks.dll".
       Tarea "WriteAppConfigWithSupportedRuntime"
       Ejecución de la tarea "WriteAppConfigWithSupportedRuntime" terminada.
   2:6>Compilación terminada del destino "_WriteAppConfigWithSupportedRuntime" en el proyecto "TestRelojDigital.csproj".
   2:6>Destino "GenerateSupportedRuntime" en el archivo "C:\Program Files\dotnet\sdk\9.0.305\Sdks\Microsoft.NET.Sdk\targets\Microsoft.NET.GenerateSupportedRuntime.targets" del proyecto "D:\GitHub\Grado\DAM\2DAM\C Sharp\Creacion Componente\RA3_RelojDigital\TestRelojDigital\TestRelojDigital.csproj" (el destino "GenerateBindingRedirects" depende de él):
       Usando la tarea "SetGeneratedAppConfigMetadata" del ensamblado "C:\Program Files\dotnet\sdk\9.0.305\Sdks\Microsoft.NET.Sdk\targets\..\tools\net9.0\Microsoft.NET.Build.Tasks.dll".
       Tarea "SetGeneratedAppConfigMetadata"
       Ejecución de la tarea "SetGeneratedAppConfigMetadata" terminada.
   2:6>Compilación terminada del destino "GenerateSupportedRuntime" en el proyecto "TestRelojDigital.csproj".
   2:6>Destino "GenerateBindingRedirectsUpdateAppConfig" en el archivo "C:\Program Files\dotnet\sdk\9.0.305\Microsoft.Common.CurrentVersion.targets" del proyecto "D:\GitHub\Grado\DAM\2DAM\C Sharp\Creacion Componente\RA3_RelojDigital\TestRelojDigital\TestRelojDigital.csproj" (el destino "ResolveReferences" depende de él):
       Se omitió la tarea "Copy" debido a una condición falsa (False); ('$(ConfigFileExists)' == 'true' and '$(HasNoBindingRedirects)' == 'true' and '$(DesignTimeBuild)' != 'true') se evaluó como ('' == 'true' and 'true' == 'true' and '' != 'true').
       Se omitió la tarea "Touch" debido a una condición falsa (False); ('$(ConfigFileExists)' == 'true' and '$(HasNoBindingRedirects)' == 'true' and '$(DesignTimeBuild)' != 'true') se evaluó como ('' == 'true' and 'true' == 'true' and '' != 'true').
   2:6>Compilación terminada del destino "GenerateBindingRedirectsUpdateAppConfig" en el proyecto "TestRelojDigital.csproj".
       Se omitió el destino "ResolveComReferences" debido a una condición falsa (False); ('@(COMReference)'!='' or '@(COMFileReference)'!='') se evaluó como (''!='' or ''!='').
   2:6>Destino "AfterResolveReferences" en el archivo "C:\Program Files\dotnet\sdk\9.0.305\Microsoft.Common.CurrentVersion.targets" del proyecto "D:\GitHub\Grado\DAM\2DAM\C Sharp\Creacion Componente\RA3_RelojDigital\TestRelojDigital\TestRelojDigital.csproj" (el destino "ResolveReferences" depende de él):
   2:6>Compilación terminada del destino "AfterResolveReferences" en el proyecto "TestRelojDigital.csproj".
       Se omitió el destino "GetReferenceAssemblyPaths". Compilado previamente de forma correcta.
   2:6>Destino "ImplicitlyExpandDesignTimeFacades" en el archivo "C:\Program Files\dotnet\sdk\9.0.305\Microsoft.NETFramework.CurrentVersion.targets" del proyecto "D:\GitHub\Grado\DAM\2DAM\C Sharp\Creacion Componente\RA3_RelojDigital\TestRelojDigital\TestRelojDigital.csproj" (el destino "ResolveReferences" depende de él):
   2:6>Compilación terminada del destino "ImplicitlyExpandDesignTimeFacades" en el proyecto "TestRelojDigital.csproj".
   2:6>Destino "ResolveReferences" en el archivo "C:\Program Files\dotnet\sdk\9.0.305\Microsoft.Common.CurrentVersion.targets" del proyecto "D:\GitHub\Grado\DAM\2DAM\C Sharp\Creacion Componente\RA3_RelojDigital\TestRelojDigital\TestRelojDigital.csproj" (el destino "CoreBuild" depende de él):
   2:6>Compilación terminada del destino "ResolveReferences" en el proyecto "TestRelojDigital.csproj".
       Se omitió el destino "ResolvePackageDependenciesForBuild". Compilado previamente de forma correcta.
       Se omitió el destino "_HandlePackageFileConflicts". Compilado previamente de forma correcta.
   2:6>Destino "CopyAdditionalFiles" en el archivo "C:\Program Files\dotnet\sdk\9.0.305\Roslyn\Microsoft.Managed.Core.targets" del proyecto "D:\GitHub\Grado\DAM\2DAM\C Sharp\Creacion Componente\RA3_RelojDigital\TestRelojDigital\TestRelojDigital.csproj" (el destino "AssignTargetPaths" depende de él):
   2:6>Compilación terminada del destino "CopyAdditionalFiles" en el proyecto "TestRelojDigital.csproj".
       Se omitió el destino "_ComputeNETCoreBuildOutputFiles" debido a una condición falsa (False); ('$(ComputeNETCoreBuildOutputFiles)' == 'true') se evaluó como ('' == 'true').
   2:6>Destino "AssignTargetPaths" en el archivo "C:\Program Files\dotnet\sdk\9.0.305\Microsoft.Common.CurrentVersion.targets" del proyecto "D:\GitHub\Grado\DAM\2DAM\C Sharp\Creacion Componente\RA3_RelojDigital\TestRelojDigital\TestRelojDigital.csproj" (el destino "PrepareResourceNames" depende de él):
       Usando la tarea "AssignTargetPath" del ensamblado "Microsoft.Build.Tasks.Core, Version=15.1.0.0, Culture=neutral, PublicKeyToken=b03f5f7f11d50a3a".
       Tarea "AssignTargetPath"
       Ejecución de la tarea "AssignTargetPath" terminada.
       Tarea "AssignTargetPath"
       Ejecución de la tarea "AssignTargetPath" terminada.
       Tarea "AssignTargetPath"
       Ejecución de la tarea "AssignTargetPath" terminada.
       Tarea "AssignTargetPath"
       Ejecución de la tarea "AssignTargetPath" terminada.
       Se omitió la tarea "AssignTargetPath" debido a una condición falsa (False); ('@(_DeploymentBaseManifestWithTargetPath)'=='' and '%(None.Extension)'=='.manifest') se evaluó como (''=='' and ''=='.manifest').
   2:6>Compilación terminada del destino "AssignTargetPaths" en el proyecto "TestRelojDigital.csproj".
       Se omitió el destino "AssignTargetPaths". Compilado previamente de forma correcta.
   2:6>Destino "SplitResourcesByCulture" en el archivo "C:\Program Files\dotnet\sdk\9.0.305\Microsoft.Common.CurrentVersion.targets" del proyecto "D:\GitHub\Grado\DAM\2DAM\C Sharp\Creacion Componente\RA3_RelojDigital\TestRelojDigital\TestRelojDigital.csproj" (el destino "PrepareResourceNames" depende de él):
       Se omitió la tarea "MSBuildInternalMessage" debido a una condición falsa (False); ('@(ResxWithNoCulture)'!='') se evaluó como (''!='').
       Se omitió la tarea "MSBuildInternalMessage" debido a una condición falsa (False); ('@(ResxWithCulture)'!='') se evaluó como (''!='').
       Se omitió la tarea "MSBuildInternalMessage" debido a una condición falsa (False); ('@(NonResxWithCulture)'!='') se evaluó como (''!='').
       Se omitió la tarea "MSBuildInternalMessage" debido a una condición falsa (False); ('@(NonResxWithNoCulture)'!='') se evaluó como (''!='').
       Usando la tarea "AssignCulture" del ensamblado "Microsoft.Build.Tasks.Core, Version=15.1.0.0, Culture=neutral, PublicKeyToken=b03f5f7f11d50a3a".
       Tarea "AssignCulture"
       Ejecución de la tarea "AssignCulture" terminada.
   2:6>Compilación terminada del destino "SplitResourcesByCulture" en el proyecto "TestRelojDigital.csproj".
       Se omitió el destino "CreateManifestResourceNames" debido a una condición falsa (False); ('@(EmbeddedResource)' != '') se evaluó como ('' != '').
   2:6>Destino "CreateCustomManifestResourceNames" en el archivo "C:\Program Files\dotnet\sdk\9.0.305\Microsoft.Common.CurrentVersion.targets" del proyecto "D:\GitHub\Grado\DAM\2DAM\C Sharp\Creacion Componente\RA3_RelojDigital\TestRelojDigital\TestRelojDigital.csproj" (el destino "PrepareResourceNames" depende de él):
   2:6>Compilación terminada del destino "CreateCustomManifestResourceNames" en el proyecto "TestRelojDigital.csproj".
   2:6>Destino "PrepareResourceNames" en el archivo "C:\Program Files\dotnet\sdk\9.0.305\Microsoft.Common.CurrentVersion.targets" del proyecto "D:\GitHub\Grado\DAM\2DAM\C Sharp\Creacion Componente\RA3_RelojDigital\TestRelojDigital\TestRelojDigital.csproj" (el destino "PrepareResources" depende de él):
   2:6>Compilación terminada del destino "PrepareResourceNames" en el proyecto "TestRelojDigital.csproj".
       Se omitió el destino "ResolveAssemblyReferences". Compilado previamente de forma correcta.
       Se omitió el destino "SplitResourcesByCulture". Compilado previamente de forma correcta.
   2:6>Destino "BeforeResGen" en el archivo "C:\Program Files\dotnet\sdk\9.0.305\Microsoft.Common.CurrentVersion.targets" del proyecto "D:\GitHub\Grado\DAM\2DAM\C Sharp\Creacion Componente\RA3_RelojDigital\TestRelojDigital\TestRelojDigital.csproj" (el destino "ResGen" depende de él):
   2:6>Compilación terminada del destino "BeforeResGen" en el proyecto "TestRelojDigital.csproj".
       Se omitió el destino "ResolveReferences". Compilado previamente de forma correcta.
   2:6>Destino "FindReferenceAssembliesForReferences" en el archivo "C:\Program Files\dotnet\sdk\9.0.305\Microsoft.Common.CurrentVersion.targets" del proyecto "D:\GitHub\Grado\DAM\2DAM\C Sharp\Creacion Componente\RA3_RelojDigital\TestRelojDigital\TestRelojDigital.csproj" (el destino "CoreResGen" depende de él):
   2:6>Compilación terminada del destino "FindReferenceAssembliesForReferences" en el proyecto "TestRelojDigital.csproj".
   2:6>Destino "CoreResGen" en el archivo "C:\Program Files\dotnet\sdk\9.0.305\Microsoft.Common.CurrentVersion.targets" del proyecto "D:\GitHub\Grado\DAM\2DAM\C Sharp\Creacion Componente\RA3_RelojDigital\TestRelojDigital\TestRelojDigital.csproj" (el destino "ResGen" depende de él):
       Se omitió la tarea "GenerateResource" debido a una condición falsa (False); ('%(EmbeddedResource.Type)' == 'Resx' and '%(EmbeddedResource.GenerateResource)' != 'false' and '$(GenerateResourceMSBuildRuntime)' != 'CLR2') se evaluó como ('' == 'Resx' and '' != 'false' and 'CurrentRuntime' != 'CLR2').
       Se omitió la tarea "GenerateResource" debido a una condición falsa (False); ('%(EmbeddedResource.Type)' == 'Resx' and '%(EmbeddedResource.GenerateResource)' != 'false' and '$(GenerateResourceMSBuildRuntime)' == 'CLR2') se evaluó como ('' == 'Resx' and '' != 'false' and 'CurrentRuntime' == 'CLR2').
   2:6>Compilación terminada del destino "CoreResGen" en el proyecto "TestRelojDigital.csproj".
   2:6>Destino "AfterResGen" en el archivo "C:\Program Files\dotnet\sdk\9.0.305\Microsoft.Common.CurrentVersion.targets" del proyecto "D:\GitHub\Grado\DAM\2DAM\C Sharp\Creacion Componente\RA3_RelojDigital\TestRelojDigital\TestRelojDigital.csproj" (el destino "ResGen" depende de él):
   2:6>Compilación terminada del destino "AfterResGen" en el proyecto "TestRelojDigital.csproj".
   2:6>Destino "ResGen" en el archivo "C:\Program Files\dotnet\sdk\9.0.305\Microsoft.Common.CurrentVersion.targets" del proyecto "D:\GitHub\Grado\DAM\2DAM\C Sharp\Creacion Componente\RA3_RelojDigital\TestRelojDigital\TestRelojDigital.csproj" (el destino "PrepareResources" depende de él):
   2:6>Compilación terminada del destino "ResGen" en el proyecto "TestRelojDigital.csproj".
       Se omitió el destino "CompileLicxFiles" debido a una condición falsa (False); ('@(_LicxFile)'!='') se evaluó como (''!='').
   2:6>Destino "PrepareResources" en el archivo "C:\Program Files\dotnet\sdk\9.0.305\Microsoft.Common.CurrentVersion.targets" del proyecto "D:\GitHub\Grado\DAM\2DAM\C Sharp\Creacion Componente\RA3_RelojDigital\TestRelojDigital\TestRelojDigital.csproj" (el destino "CoreBuild" depende de él):
   2:6>Compilación terminada del destino "PrepareResources" en el proyecto "TestRelojDigital.csproj".
       Se omitió el destino "ResolveKeySource" debido a una condición falsa (False); ($(SignManifests) == 'true' or $(SignAssembly) == 'true') se evaluó como ( == 'true' or false == 'true').
       Se omitió el destino "ResolveReferences". Compilado previamente de forma correcta.
       Se omitió el destino "ResolveKeySource" debido a una condición falsa (False); ($(SignManifests) == 'true' or $(SignAssembly) == 'true') se evaluó como ( == 'true' or false == 'true').
       Se omitió el destino "ResolveComReferences" debido a una condición falsa (False); ('@(COMReference)'!='' or '@(COMFileReference)'!='') se evaluó como (''!='' or ''!='').
       Se omitió el destino "ResolveNativeReferences" debido a una condición falsa (False); ('@(NativeReference)'!='') se evaluó como (''!='').
       Se omitió el destino "_SetExternalWin32ManifestProperties" debido a una condición falsa (False); ('$(GenerateClickOnceManifests)'=='true' or '@(NativeReference)'!='' or '@(ResolvedIsolatedComModules)'!='') se evaluó como (''=='true' or ''!='' or ''!='').
   2:6>Destino "_SetEmbeddedWin32ManifestProperties" en el archivo "C:\Program Files\dotnet\sdk\9.0.305\Microsoft.Common.CurrentVersion.targets" del proyecto "D:\GitHub\Grado\DAM\2DAM\C Sharp\Creacion Componente\RA3_RelojDigital\TestRelojDigital\TestRelojDigital.csproj" (el destino "SetWin32ManifestProperties" depende de él):
       Usando la tarea "GetFrameworkPath" del ensamblado "Microsoft.Build.Tasks.Core, Version=15.1.0.0, Culture=neutral, PublicKeyToken=b03f5f7f11d50a3a".
       Tarea "GetFrameworkPath"
       Ejecución de la tarea "GetFrameworkPath" terminada.
   2:6>Compilación terminada del destino "_SetEmbeddedWin32ManifestProperties" en el proyecto "TestRelojDigital.csproj".
   2:6>Destino "SetWin32ManifestProperties" en el archivo "C:\Program Files\dotnet\sdk\9.0.305\Microsoft.Common.CurrentVersion.targets" del proyecto "D:\GitHub\Grado\DAM\2DAM\C Sharp\Creacion Componente\RA3_RelojDigital\TestRelojDigital\TestRelojDigital.csproj" (el destino "Compile" depende de él):
   2:6>Compilación terminada del destino "SetWin32ManifestProperties" en el proyecto "TestRelojDigital.csproj".
       Se omitió el destino "_SetPreferNativeArm64Win32ManifestProperties" debido a una condición falsa (False); ( '$(PreferNativeArm64)'=='true' and '$(NoWin32Manifest)'!='true') se evaluó como ( 'false'=='true' and ''!='true').
       Se omitió el destino "FindReferenceAssembliesForReferences". Compilado previamente de forma correcta.
   2:6>Destino "_GenerateCompileInputs" en el archivo "C:\Program Files\dotnet\sdk\9.0.305\Microsoft.Common.CurrentVersion.targets" del proyecto "D:\GitHub\Grado\DAM\2DAM\C Sharp\Creacion Componente\RA3_RelojDigital\TestRelojDigital\TestRelojDigital.csproj" (el destino "Compile" depende de él):
       Se omitió la tarea "MSBuildInternalMessage" debido a una condición falsa (False); ('@(ManifestResourceWithNoCulture)'!='' and '%(ManifestResourceWithNoCulture.EmittedForCompatibilityOnly)'=='') se evaluó como (''!='' and ''=='').
       Se omitió la tarea "MSBuildInternalMessage" debido a una condición falsa (False); ('@(ManifestNonResxWithNoCultureOnDisk)'!='' and '%(ManifestNonResxWithNoCultureOnDisk.EmittedForCompatibilityOnly)'=='') se evaluó como (''!='' and ''=='').
   2:6>Compilación terminada del destino "_GenerateCompileInputs" en el proyecto "TestRelojDigital.csproj".
       Se omitió el destino "PrepareForBuild". Compilado previamente de forma correcta.
   2:6>Destino "GenerateMSBuildEditorConfigFileShouldRun" en el archivo "C:\Program Files\dotnet\sdk\9.0.305\Roslyn\Microsoft.Managed.Core.targets" del proyecto "D:\GitHub\Grado\DAM\2DAM\C Sharp\Creacion Componente\RA3_RelojDigital\TestRelojDigital\TestRelojDigital.csproj" (el destino "GenerateMSBuildEditorConfigFile" depende de él):
   2:6>Compilación terminada del destino "GenerateMSBuildEditorConfigFileShouldRun" en el proyecto "TestRelojDigital.csproj".
   2:6>Destino "AddGlobalAnalyzerConfigForPackage_MicrosoftCodeAnalysisCSharpCodeStyle" en el archivo "C:\Program Files\dotnet\sdk\9.0.305\Sdks\Microsoft.NET.Sdk\codestyle\cs\build\Microsoft.CodeAnalysis.CSharp.CodeStyle.targets" del proyecto "D:\GitHub\Grado\DAM\2DAM\C Sharp\Creacion Componente\RA3_RelojDigital\TestRelojDigital\TestRelojDigital.csproj" (el destino "GenerateMSBuildEditorConfigFileCore" depende de él):
   2:6>Compilación terminada del destino "AddGlobalAnalyzerConfigForPackage_MicrosoftCodeAnalysisCSharpCodeStyle" en el proyecto "TestRelojDigital.csproj".
   2:6>Destino "GenerateMSBuildEditorConfigFileCore" en el archivo "C:\Program Files\dotnet\sdk\9.0.305\Roslyn\Microsoft.Managed.Core.targets" del proyecto "D:\GitHub\Grado\DAM\2DAM\C Sharp\Creacion Componente\RA3_RelojDigital\TestRelojDigital\TestRelojDigital.csproj" (el destino "GenerateMSBuildEditorConfigFile" depende de él):
       Compilando completamente el destino "GenerateMSBuildEditorConfigFileCore".
       No se especificaron archivos de entrada.
       Usando la tarea "GenerateMSBuildEditorConfig" del ensamblado "C:\Program Files\dotnet\sdk\9.0.305\Roslyn\Microsoft.Build.Tasks.CodeAnalysis.dll".
       Tarea "GenerateMSBuildEditorConfig"
       Ejecución de la tarea "GenerateMSBuildEditorConfig" terminada.
   2:6>Compilación terminada del destino "GenerateMSBuildEditorConfigFileCore" en el proyecto "TestRelojDigital.csproj".
   2:6>Destino "GenerateMSBuildEditorConfigFile" en el archivo "C:\Program Files\dotnet\sdk\9.0.305\Roslyn\Microsoft.Managed.Core.targets" del proyecto "D:\GitHub\Grado\DAM\2DAM\C Sharp\Creacion Componente\RA3_RelojDigital\TestRelojDigital\TestRelojDigital.csproj" (el destino "BeforeCompile" depende de él):
   2:6>Compilación terminada del destino "GenerateMSBuildEditorConfigFile" en el proyecto "TestRelojDigital.csproj".
       Se omitió el destino "PrepareForBuild". Compilado previamente de forma correcta.
       Se omitió el destino "GetReferenceAssemblyPaths". Compilado previamente de forma correcta.
   2:6>Destino "_SetTargetFrameworkMonikerAttribute" en el archivo "C:\Program Files\dotnet\sdk\9.0.305\Microsoft.CSharp.CurrentVersion.targets" del proyecto "D:\GitHub\Grado\DAM\2DAM\C Sharp\Creacion Componente\RA3_RelojDigital\TestRelojDigital\TestRelojDigital.csproj" (el destino "GenerateTargetFrameworkMonikerAttribute" depende de él):
   2:6>Compilación terminada del destino "_SetTargetFrameworkMonikerAttribute" en el proyecto "TestRelojDigital.csproj".
   2:6>Destino "GenerateTargetFrameworkMonikerAttribute" en el archivo "C:\Program Files\dotnet\sdk\9.0.305\Microsoft.Common.CurrentVersion.targets" del proyecto "D:\GitHub\Grado\DAM\2DAM\C Sharp\Creacion Componente\RA3_RelojDigital\TestRelojDigital\TestRelojDigital.csproj" (el destino "BeforeCompile" depende de él):
       Compilando completamente el destino "GenerateTargetFrameworkMonikerAttribute".
       El archivo de salida "obj\Debug\net472\.NETFramework,Version=v4.7.2.AssemblyAttributes.cs" no existe.
       Usando la tarea "WriteLinesToFile" del ensamblado "Microsoft.Build.Tasks.Core, Version=15.1.0.0, Culture=neutral, PublicKeyToken=b03f5f7f11d50a3a".
       Tarea "WriteLinesToFile"
       Ejecución de la tarea "WriteLinesToFile" terminada.
   2:6>Compilación terminada del destino "GenerateTargetFrameworkMonikerAttribute" en el proyecto "TestRelojDigital.csproj".
       Se omitió el destino "GenerateAdditionalSources" debido a una condición falsa (False); ('@(AssemblyAttributes)' != '' and '$(GenerateAdditionalSources)' == 'true') se evaluó como ('' != '' and '' == 'true').
       Se omitió el destino "PrepareForBuild". Compilado previamente de forma correcta.
   2:6>Destino "GetAssemblyVersion" en el archivo "C:\Program Files\dotnet\sdk\9.0.305\Sdks\Microsoft.NET.Sdk\targets\Microsoft.NET.GenerateAssemblyInfo.targets" del proyecto "D:\GitHub\Grado\DAM\2DAM\C Sharp\Creacion Componente\RA3_RelojDigital\TestRelojDigital\TestRelojDigital.csproj" (el destino "GetAssemblyAttributes" depende de él):
       Usando la tarea "GetAssemblyVersion" del ensamblado "C:\Program Files\dotnet\sdk\9.0.305\Sdks\Microsoft.NET.Sdk\targets\..\tools\net9.0\Microsoft.NET.Build.Tasks.dll".
       Tarea "GetAssemblyVersion"
       Ejecución de la tarea "GetAssemblyVersion" terminada.
   2:6>Compilación terminada del destino "GetAssemblyVersion" en el proyecto "TestRelojDigital.csproj".
   2:6>Destino "InitializeSourceControlInformationFromSourceControlManager" en el archivo "C:\Program Files\dotnet\sdk\9.0.305\Sdks\Microsoft.Build.Tasks.Git\build\Microsoft.Build.Tasks.Git.targets" del proyecto "D:\GitHub\Grado\DAM\2DAM\C Sharp\Creacion Componente\RA3_RelojDigital\TestRelojDigital\TestRelojDigital.csproj" (el destino "_InitializeSourceControlInformationFromSourceControlManager" depende de él):
       Usando la tarea "Microsoft.Build.Tasks.Git.LocateRepository" del ensamblado "C:\Program Files\dotnet\sdk\9.0.305\Sdks\Microsoft.Build.Tasks.Git\build\..\tools\net\Microsoft.Build.Tasks.Git.dll".
       Tarea "Microsoft.Build.Tasks.Git.LocateRepository"
         SourceLink: Repository instance not found in cache: '*:D:\GitHub\Grado\.git'
       Ejecución de la tarea "Microsoft.Build.Tasks.Git.LocateRepository" terminada.
   2:6>Compilación terminada del destino "InitializeSourceControlInformationFromSourceControlManager" en el proyecto "TestRelojDigital.csproj".
   2:6>Destino "_SourceLinkHasSingleProvider" en el archivo "C:\Program Files\dotnet\sdk\9.0.305\Sdks\Microsoft.SourceLink.Common\build\InitializeSourceControlInformation.targets" del proyecto "D:\GitHub\Grado\DAM\2DAM\C Sharp\Creacion Componente\RA3_RelojDigital\TestRelojDigital\TestRelojDigital.csproj" (el destino "_InitializeSourceControlInformationFromSourceControlManager" depende de él):
       Usando la tarea "Microsoft.SourceLink.Common.SourceLinkHasSingleProvider" del ensamblado "C:\Program Files\dotnet\sdk\9.0.305\Sdks\Microsoft.SourceLink.Common\build\..\tools\net\Microsoft.SourceLink.Common.dll".
       Tarea "Microsoft.SourceLink.Common.SourceLinkHasSingleProvider"
       Ejecución de la tarea "Microsoft.SourceLink.Common.SourceLinkHasSingleProvider" terminada.
   2:6>Compilación terminada del destino "_SourceLinkHasSingleProvider" en el proyecto "TestRelojDigital.csproj".
   2:6>Destino "TranslateGitHubUrlsInSourceControlInformation" en el archivo "C:\Program Files\dotnet\sdk\9.0.305\Sdks\Microsoft.SourceLink.GitHub\build\Microsoft.SourceLink.GitHub.targets" del proyecto "D:\GitHub\Grado\DAM\2DAM\C Sharp\Creacion Componente\RA3_RelojDigital\TestRelojDigital\TestRelojDigital.csproj" (el destino "_InitializeSourceControlInformationFromSourceControlManager" depende de él):
       Usando la tarea "Microsoft.SourceLink.GitHub.TranslateRepositoryUrls" del ensamblado "C:\Program Files\dotnet\sdk\9.0.305\Sdks\Microsoft.SourceLink.GitHub\build\..\tools\net\Microsoft.SourceLink.GitHub.dll".
       Tarea "Microsoft.SourceLink.GitHub.TranslateRepositoryUrls"
       Ejecución de la tarea "Microsoft.SourceLink.GitHub.TranslateRepositoryUrls" terminada.
   2:6>Compilación terminada del destino "TranslateGitHubUrlsInSourceControlInformation" en el proyecto "TestRelojDigital.csproj".
   2:6>Destino "TranslateGitLabUrlsInSourceControlInformation" en el archivo "C:\Program Files\dotnet\sdk\9.0.305\Sdks\Microsoft.SourceLink.GitLab\build\Microsoft.SourceLink.GitLab.targets" del proyecto "D:\GitHub\Grado\DAM\2DAM\C Sharp\Creacion Componente\RA3_RelojDigital\TestRelojDigital\TestRelojDigital.csproj" (el destino "_InitializeSourceControlInformationFromSourceControlManager" depende de él):
       Usando la tarea "Microsoft.SourceLink.GitLab.TranslateRepositoryUrls" del ensamblado "C:\Program Files\dotnet\sdk\9.0.305\Sdks\Microsoft.SourceLink.GitLab\build\..\tools\net\Microsoft.SourceLink.GitLab.dll".
       Tarea "Microsoft.SourceLink.GitLab.TranslateRepositoryUrls"
       Ejecución de la tarea "Microsoft.SourceLink.GitLab.TranslateRepositoryUrls" terminada.
   2:6>Compilación terminada del destino "TranslateGitLabUrlsInSourceControlInformation" en el proyecto "TestRelojDigital.csproj".
   2:6>Destino "TranslateAzureReposGitUrlsInSourceControlInformation" en el archivo "C:\Program Files\dotnet\sdk\9.0.305\Sdks\Microsoft.SourceLink.AzureRepos.Git\build\Microsoft.SourceLink.AzureRepos.Git.targets" del proyecto "D:\GitHub\Grado\DAM\2DAM\C Sharp\Creacion Componente\RA3_RelojDigital\TestRelojDigital\TestRelojDigital.csproj" (el destino "_InitializeSourceControlInformationFromSourceControlManager" depende de él):
       Usando la tarea "Microsoft.SourceLink.AzureRepos.Git.TranslateRepositoryUrls" del ensamblado "C:\Program Files\dotnet\sdk\9.0.305\Sdks\Microsoft.SourceLink.AzureRepos.Git\build\..\tools\net\Microsoft.SourceLink.AzureRepos.Git.dll".
       Tarea "Microsoft.SourceLink.AzureRepos.Git.TranslateRepositoryUrls"
       Ejecución de la tarea "Microsoft.SourceLink.AzureRepos.Git.TranslateRepositoryUrls" terminada.
   2:6>Compilación terminada del destino "TranslateAzureReposGitUrlsInSourceControlInformation" en el proyecto "TestRelojDigital.csproj".
   2:6>Destino "TranslateBitbucketGitUrlsInSourceControlInformation" en el archivo "C:\Program Files\dotnet\sdk\9.0.305\Sdks\Microsoft.SourceLink.Bitbucket.Git\build\Microsoft.SourceLink.Bitbucket.Git.targets" del proyecto "D:\GitHub\Grado\DAM\2DAM\C Sharp\Creacion Componente\RA3_RelojDigital\TestRelojDigital\TestRelojDigital.csproj" (el destino "_InitializeSourceControlInformationFromSourceControlManager" depende de él):
       Usando la tarea "Microsoft.SourceLink.Bitbucket.Git.TranslateRepositoryUrls" del ensamblado "C:\Program Files\dotnet\sdk\9.0.305\Sdks\Microsoft.SourceLink.Bitbucket.Git\build\..\tools\net\Microsoft.SourceLink.Bitbucket.Git.dll".
       Tarea "Microsoft.SourceLink.Bitbucket.Git.TranslateRepositoryUrls"
       Ejecución de la tarea "Microsoft.SourceLink.Bitbucket.Git.TranslateRepositoryUrls" terminada.
   2:6>Compilación terminada del destino "TranslateBitbucketGitUrlsInSourceControlInformation" en el proyecto "TestRelojDigital.csproj".
   2:6>Destino "SourceControlManagerPublishTranslatedUrls" en el archivo "C:\Program Files\dotnet\sdk\9.0.305\Sdks\Microsoft.SourceLink.Common\build\InitializeSourceControlInformation.targets" del proyecto "D:\GitHub\Grado\DAM\2DAM\C Sharp\Creacion Componente\RA3_RelojDigital\TestRelojDigital\TestRelojDigital.csproj" (el destino "_InitializeSourceControlInformationFromSourceControlManager" depende de él):
   2:6>Compilación terminada del destino "SourceControlManagerPublishTranslatedUrls" en el proyecto "TestRelojDigital.csproj".
   2:6>Destino "_InitializeSourceControlInformationFromSourceControlManager" en el archivo "C:\Program Files\dotnet\sdk\9.0.305\Sdks\Microsoft.SourceLink.Common\build\InitializeSourceControlInformation.targets" del proyecto "D:\GitHub\Grado\DAM\2DAM\C Sharp\Creacion Componente\RA3_RelojDigital\TestRelojDigital\TestRelojDigital.csproj" (el destino "InitializeSourceControlInformation" depende de él):
   2:6>Compilación terminada del destino "_InitializeSourceControlInformationFromSourceControlManager" en el proyecto "TestRelojDigital.csproj".
   2:6>Destino "InitializeSourceControlInformation" en el archivo "C:\Program Files\dotnet\sdk\9.0.305\Microsoft.Common.CurrentVersion.targets" del proyecto "D:\GitHub\Grado\DAM\2DAM\C Sharp\Creacion Componente\RA3_RelojDigital\TestRelojDigital\TestRelojDigital.csproj" (el destino "GetAssemblyAttributes" depende de él):
   2:6>Compilación terminada del destino "InitializeSourceControlInformation" en el proyecto "TestRelojDigital.csproj".
       Se omitió el destino "GetAssemblyVersion". Compilado previamente de forma correcta.
       Se omitió el destino "InitializeSourceControlInformation". Compilado previamente de forma correcta.
   2:6>Destino "AddSourceRevisionToInformationalVersion" en el archivo "C:\Program Files\dotnet\sdk\9.0.305\Sdks\Microsoft.NET.Sdk\targets\Microsoft.NET.GenerateAssemblyInfo.targets" del proyecto "D:\GitHub\Grado\DAM\2DAM\C Sharp\Creacion Componente\RA3_RelojDigital\TestRelojDigital\TestRelojDigital.csproj" (el destino "GetAssemblyAttributes" depende de él):
       C:\Program Files\dotnet\sdk\9.0.305\Sdks\Microsoft.NET.Sdk\targets\Microsoft.NET.GenerateAssemblyInfo.targets(70,7): message : Reasignación de propiedad: $(InformationalVersion)="1.0.0+c47f564f37d7047e2dda14a86996761154932b3e" (valor anterior: "1.0.0") en C:\Program Files\dotnet\sdk\9.0.305\Sdks\Microsoft.NET.Sdk\targets\Microsoft.NET.GenerateAssemblyInfo.targets (70,7) [D:\GitHub\Grado\DAM\2DAM\C Sharp\Creacion Componente\RA3_RelojDigital\TestRelojDigital\TestRelojDigital.csproj]
   2:6>Compilación terminada del destino "AddSourceRevisionToInformationalVersion" en el proyecto "TestRelojDigital.csproj".
       Se omitió el destino "_GetUserSecretsAssemblyAttribute" debido a una condición falsa (False); ( '$(UserSecretsId)' != '' AND '$(GenerateUserSecretsAttribute)' != 'false' AND '$(GeneratedUserSecretsAttributeFile)' == '' ) se evaluó como ( '' != '' AND '' != 'false' AND '' == '' ).
   2:6>Destino "GetAssemblyAttributes" en el archivo "C:\Program Files\dotnet\sdk\9.0.305\Sdks\Microsoft.NET.Sdk\targets\Microsoft.NET.GenerateAssemblyInfo.targets" del proyecto "D:\GitHub\Grado\DAM\2DAM\C Sharp\Creacion Componente\RA3_RelojDigital\TestRelojDigital\TestRelojDigital.csproj" (el destino "CreateGeneratedAssemblyInfoInputsCacheFile" depende de él):
   2:6>Compilación terminada del destino "GetAssemblyAttributes" en el proyecto "TestRelojDigital.csproj".
   2:6>Destino "CreateGeneratedAssemblyInfoInputsCacheFile" en el archivo "C:\Program Files\dotnet\sdk\9.0.305\Sdks\Microsoft.NET.Sdk\targets\Microsoft.NET.GenerateAssemblyInfo.targets" del proyecto "D:\GitHub\Grado\DAM\2DAM\C Sharp\Creacion Componente\RA3_RelojDigital\TestRelojDigital\TestRelojDigital.csproj" (el destino "CoreGenerateAssemblyInfo" depende de él):
       Usando la tarea "Hash" del ensamblado "Microsoft.Build.Tasks.Core, Version=15.1.0.0, Culture=neutral, PublicKeyToken=b03f5f7f11d50a3a".
       Tarea "Hash"
       Ejecución de la tarea "Hash" terminada.
       Tarea "WriteLinesToFile"
       Ejecución de la tarea "WriteLinesToFile" terminada.
   2:6>Compilación terminada del destino "CreateGeneratedAssemblyInfoInputsCacheFile" en el proyecto "TestRelojDigital.csproj".
   2:6>Destino "CoreGenerateAssemblyInfo" en el archivo "C:\Program Files\dotnet\sdk\9.0.305\Sdks\Microsoft.NET.Sdk\targets\Microsoft.NET.GenerateAssemblyInfo.targets" del proyecto "D:\GitHub\Grado\DAM\2DAM\C Sharp\Creacion Componente\RA3_RelojDigital\TestRelojDigital\TestRelojDigital.csproj" (el destino "GenerateAssemblyInfo" depende de él):
       Compilando completamente el destino "CoreGenerateAssemblyInfo".
       El archivo de salida "obj\Debug\net472\TestRelojDigital.AssemblyInfo.cs" no existe.
       Usando la tarea "WriteCodeFragment" del ensamblado "Microsoft.Build.Tasks.Core, Version=15.1.0.0, Culture=neutral, PublicKeyToken=b03f5f7f11d50a3a".
       Tarea "WriteCodeFragment"
         Se emitió el código especificado en "obj\Debug\net472\TestRelojDigital.AssemblyInfo.cs".
       Ejecución de la tarea "WriteCodeFragment" terminada.
   2:6>Compilación terminada del destino "CoreGenerateAssemblyInfo" en el proyecto "TestRelojDigital.csproj".
   2:6>Destino "GenerateAssemblyInfo" en el archivo "C:\Program Files\dotnet\sdk\9.0.305\Sdks\Microsoft.NET.Sdk\targets\Microsoft.NET.GenerateAssemblyInfo.targets" del proyecto "D:\GitHub\Grado\DAM\2DAM\C Sharp\Creacion Componente\RA3_RelojDigital\TestRelojDigital\TestRelojDigital.csproj" (el destino "BeforeCompile" depende de él):
   2:6>Compilación terminada del destino "GenerateAssemblyInfo" en el proyecto "TestRelojDigital.csproj".
       Se omitió el destino "GenerateGlobalUsings" debido a una condición falsa (False); (@(Using->Count()) != 0) se evaluó como (0 != 0).
   2:6>Destino "BeforeCompile" en el archivo "C:\Program Files\dotnet\sdk\9.0.305\Microsoft.Common.CurrentVersion.targets" del proyecto "D:\GitHub\Grado\DAM\2DAM\C Sharp\Creacion Componente\RA3_RelojDigital\TestRelojDigital\TestRelojDigital.csproj" (el destino "Compile" depende de él):
   2:6>Compilación terminada del destino "BeforeCompile" en el proyecto "TestRelojDigital.csproj".
       Se omitió el destino "_TimeStampBeforeCompile" debido a una condición falsa (False); ('$(RunPostBuildEvent)'=='OnOutputUpdated' or ('$(RegisterForComInterop)'=='true' and '$(OutputType)'=='library')) se evaluó como (''=='OnOutputUpdated' or (''=='true' and 'WinExe'=='library')).
       Se omitió el destino "ResolveAssemblyReferences". Compilado previamente de forma correcta.
       Se omitió el destino "_GenerateCompileInputs". Compilado previamente de forma correcta.
   2:6>Destino "_GenerateCompileDependencyCache" en el archivo "C:\Program Files\dotnet\sdk\9.0.305\Microsoft.Common.CurrentVersion.targets" del proyecto "D:\GitHub\Grado\DAM\2DAM\C Sharp\Creacion Componente\RA3_RelojDigital\TestRelojDigital\TestRelojDigital.csproj" (el destino "Compile" depende de él):
       Tarea "Hash"
       Ejecución de la tarea "Hash" terminada.
       Tarea "WriteLinesToFile"
       Ejecución de la tarea "WriteLinesToFile" terminada.
   2:6>Compilación terminada del destino "_GenerateCompileDependencyCache" en el proyecto "TestRelojDigital.csproj".
       Se omitió el destino "_ComputeNonExistentFileProperty" debido a una condición falsa (False); (('$(BuildingInsideVisualStudio)' == 'true') and ('$(BuildingOutOfProcess)' != 'true') and (('$(BuildingProject)' == 'false') or ('$(UseHostCompilerIfAvailable)' == 'true'))) se evaluó como (('' == 'true') and ('' != 'true') and (('true' == 'false') or ('true' == 'true'))).
       Se omitió el destino "ResolveCodeAnalysisRuleSet" debido a una condición falsa (False); ('$(CodeAnalysisRuleSet)' != '') se evaluó como ('' != '').
       Se omitió el destino "ShimReferencePathsWhenCommonTargetsDoesNotUnderstandReferenceAssemblies" debido a una condición falsa (False); ('@(ReferencePathWithRefAssemblies)' == '') se evaluó como ('D:\GitHub\Grado\DAM\2DAM\C Sharp\Creacion Componente\RA3_RelojDigital\MisComponentesLib\bin\Debug\net472\MisComponentesLib.dll;C:\Program Files (x86)\Reference Assemblies\Microsoft\Framework\.NETFramework\v4.7.2\mscorlib.dll;C:\Program Files (x86)\Reference Assemblies\Microsoft\Framework\.NETFramework\v4.7.2\System.Core.dll;...' == '').
   2:6>Destino "_BeforeVBCSCoreCompile" en el archivo "C:\Program Files\dotnet\sdk\9.0.305\Roslyn\Microsoft.Managed.Core.targets" del proyecto "D:\GitHub\Grado\DAM\2DAM\C Sharp\Creacion Componente\RA3_RelojDigital\TestRelojDigital\TestRelojDigital.csproj" (el destino "CoreCompile" depende de él):
   2:6>Compilación terminada del destino "_BeforeVBCSCoreCompile" en el proyecto "TestRelojDigital.csproj".
       Se omitió el destino "_DisableDiagnosticTracing" debido a una condición falsa (False); ('$(DisableDiagnosticTracing)' == 'true') se evaluó como ('' == 'true').
       Se omitió el destino "ShimReferencePathsWhenCommonTargetsDoesNotUnderstandReferenceAssemblies" debido a una condición falsa (False); ('@(ReferencePathWithRefAssemblies)' == '') se evaluó como ('D:\GitHub\Grado\DAM\2DAM\C Sharp\Creacion Componente\RA3_RelojDigital\MisComponentesLib\bin\Debug\net472\MisComponentesLib.dll;C:\Program Files (x86)\Reference Assemblies\Microsoft\Framework\.NETFramework\v4.7.2\mscorlib.dll;C:\Program Files (x86)\Reference Assemblies\Microsoft\Framework\.NETFramework\v4.7.2\System.Core.dll;...' == '').
   2:6>Destino "_ComputeSkipAnalyzers" en el archivo "C:\Program Files\dotnet\sdk\9.0.305\Roslyn\Microsoft.Managed.Core.targets" del proyecto "D:\GitHub\Grado\DAM\2DAM\C Sharp\Creacion Componente\RA3_RelojDigital\TestRelojDigital\TestRelojDigital.csproj" (el destino "CoreCompile" depende de él):
       Se omitió la tarea "ShowMessageForImplicitlySkipAnalyzers" debido a una condición falsa (False); ('$(_ImplicitlySkipAnalyzers)' == 'true') se evaluó como ('' == 'true').
   2:6>Compilación terminada del destino "_ComputeSkipAnalyzers" en el proyecto "TestRelojDigital.csproj".
       Se omitió el destino "_SetPathMapFromSourceRoots" debido a una condición falsa (False); ('$(DeterministicSourcePaths)' == 'true') se evaluó como ('' == 'true').
       Se omitió el destino "CreateCompilerGeneratedFilesOutputPath" debido a una condición falsa (False); ('$(EmitCompilerGeneratedFiles)' == 'true' and !('$(DesignTimeBuild)' == 'true' OR '$(BuildingProject)' != 'true')) se evaluó como ('false' == 'true' and !('' == 'true' OR 'true' != 'true')).
       Se omitió el destino "_CheckMicrosoftNetSdkCompilersToolsetPackageExists" debido a una condición falsa (False); ('$(_NeedToDownloadMicrosoftNetSdkCompilersToolsetPackage)' == 'true' and '$(DesignTimeBuild)' != 'true') se evaluó como ('' == 'true' and '' != 'true').
       Se omitió el destino "_SetEmbeddedFilesFromSourceControlManagerUntrackedFiles" debido a una condición falsa (False); ('$(EmbedUntrackedSources)' == 'true' and '$(EmbedAllSources)' != 'true' and '$(DebugType)' != 'none' and '$(EnableSourceControlManagerQueries)' == 'true' and '$(DesignTimeBuild)' != 'true') se evaluó como ('' == 'true' and '' != 'true' and 'portable' != 'none' and 'true' == 'true' and '' != 'true').
       Se omitió el destino "InitializeSourceControlInformation". Compilado previamente de forma correcta.
   2:6>Destino "_SetSourceLinkFilePath" en el archivo "C:\Program Files\dotnet\sdk\9.0.305\Sdks\Microsoft.SourceLink.Common\build\Microsoft.SourceLink.Common.targets" del proyecto "D:\GitHub\Grado\DAM\2DAM\C Sharp\Creacion Componente\RA3_RelojDigital\TestRelojDigital\TestRelojDigital.csproj" (el destino "_GenerateSourceLinkFile" depende de él):
   2:6>Compilación terminada del destino "_SetSourceLinkFilePath" en el proyecto "TestRelojDigital.csproj".
       Se omitió el destino "InitializeSourceControlInformation". Compilado previamente de forma correcta.
   2:6>Destino "_InitializeSourceRootMappedPathsFromSourceControl" en el archivo "C:\Program Files\dotnet\sdk\9.0.305\Roslyn\Microsoft.Managed.Core.targets" del proyecto "D:\GitHub\Grado\DAM\2DAM\C Sharp\Creacion Componente\RA3_RelojDigital\TestRelojDigital\TestRelojDigital.csproj" (el destino "InitializeSourceRootMappedPaths" depende de él):
   2:6>Compilación terminada del destino "_InitializeSourceRootMappedPathsFromSourceControl" en el proyecto "TestRelojDigital.csproj".
   2:6>Destino "InitializeSourceRootMappedPaths" en el archivo "C:\Program Files\dotnet\sdk\9.0.305\Roslyn\Microsoft.Managed.Core.targets" del proyecto "D:\GitHub\Grado\DAM\2DAM\C Sharp\Creacion Componente\RA3_RelojDigital\TestRelojDigital\TestRelojDigital.csproj" (el destino "_InitializeSourceRootMappedPathsOpt" depende de él):
       Usando la tarea "Microsoft.CodeAnalysis.BuildTasks.MapSourceRoots" del ensamblado "C:\Program Files\dotnet\sdk\9.0.305\Roslyn\Microsoft.Build.Tasks.CodeAnalysis.dll".
       Tarea "Microsoft.CodeAnalysis.BuildTasks.MapSourceRoots"
       Ejecución de la tarea "Microsoft.CodeAnalysis.BuildTasks.MapSourceRoots" terminada.
   2:6>Compilación terminada del destino "InitializeSourceRootMappedPaths" en el proyecto "TestRelojDigital.csproj".
   2:6>Destino "_InitializeSourceRootMappedPathsOpt" en el archivo "C:\Program Files\dotnet\sdk\9.0.305\Sdks\Microsoft.SourceLink.Common\build\Microsoft.SourceLink.Common.targets" del proyecto "D:\GitHub\Grado\DAM\2DAM\C Sharp\Creacion Componente\RA3_RelojDigital\TestRelojDigital\TestRelojDigital.csproj" (el destino "_GenerateSourceLinkFile" depende de él):
   2:6>Compilación terminada del destino "_InitializeSourceRootMappedPathsOpt" en el proyecto "TestRelojDigital.csproj".
   2:6>Destino "_InitializeGitHubSourceLinkUrl" en el archivo "C:\Program Files\dotnet\sdk\9.0.305\Sdks\Microsoft.SourceLink.GitHub\build\Microsoft.SourceLink.GitHub.targets" del proyecto "D:\GitHub\Grado\DAM\2DAM\C Sharp\Creacion Componente\RA3_RelojDigital\TestRelojDigital\TestRelojDigital.csproj" (el destino "_GenerateSourceLinkFile" depende de él):
       Compilando completamente el destino "_InitializeGitHubSourceLinkUrl".
       No se especificaron archivos de entrada.
       Usando la tarea "Microsoft.SourceLink.GitHub.GetSourceLinkUrl" del ensamblado "C:\Program Files\dotnet\sdk\9.0.305\Sdks\Microsoft.SourceLink.GitHub\build\..\tools\net\Microsoft.SourceLink.GitHub.dll".
       Tarea "Microsoft.SourceLink.GitHub.GetSourceLinkUrl"
       Ejecución de la tarea "Microsoft.SourceLink.GitHub.GetSourceLinkUrl" terminada.
   2:6>Compilación terminada del destino "_InitializeGitHubSourceLinkUrl" en el proyecto "TestRelojDigital.csproj".
   2:6>Destino "_InitializeGitHubSourceLinkUrl" en el archivo "C:\Program Files\dotnet\sdk\9.0.305\Sdks\Microsoft.SourceLink.GitHub\build\Microsoft.SourceLink.GitHub.targets" del proyecto "D:\GitHub\Grado\DAM\2DAM\C Sharp\Creacion Componente\RA3_RelojDigital\TestRelojDigital\TestRelojDigital.csproj" (el destino "_GenerateSourceLinkFile" depende de él):
       Compilando completamente el destino "_InitializeGitHubSourceLinkUrl".
       No se especificaron archivos de entrada.
       Tarea "Microsoft.SourceLink.GitHub.GetSourceLinkUrl"
       Ejecución de la tarea "Microsoft.SourceLink.GitHub.GetSourceLinkUrl" terminada.
   2:6>Compilación terminada del destino "_InitializeGitHubSourceLinkUrl" en el proyecto "TestRelojDigital.csproj".
   2:6>Destino "_InitializeGitLabSourceLinkUrl" en el archivo "C:\Program Files\dotnet\sdk\9.0.305\Sdks\Microsoft.SourceLink.GitLab\build\Microsoft.SourceLink.GitLab.targets" del proyecto "D:\GitHub\Grado\DAM\2DAM\C Sharp\Creacion Componente\RA3_RelojDigital\TestRelojDigital\TestRelojDigital.csproj" (el destino "_GenerateSourceLinkFile" depende de él):
       Compilando completamente el destino "_InitializeGitLabSourceLinkUrl".
       No se especificaron archivos de entrada.
       Usando la tarea "Microsoft.SourceLink.GitLab.GetSourceLinkUrl" del ensamblado "C:\Program Files\dotnet\sdk\9.0.305\Sdks\Microsoft.SourceLink.GitLab\build\..\tools\net\Microsoft.SourceLink.GitLab.dll".
       Tarea "Microsoft.SourceLink.GitLab.GetSourceLinkUrl"
       C:\Program Files\dotnet\sdk\9.0.305\Sdks\Microsoft.SourceLink.GitLab\build\Microsoft.SourceLink.GitLab.targets(37,7): message : Reasignación de propiedad: $(_SourceLinkUrlToUpdate)="N/A" (valor anterior: "https://raw.githubusercontent.com/DarksAces/Grado/c47f564f37d7047e2dda14a86996761154932b3e/*") en C:\Program Files\dotnet\sdk\9.0.305\Sdks\Microsoft.SourceLink.GitLab\build\Microsoft.SourceLink.GitLab.targets (37,7) [D:\GitHub\Grado\DAM\2DAM\C Sharp\Creacion Componente\RA3_RelojDigital\TestRelojDigital\TestRelojDigital.csproj]
       Ejecución de la tarea "Microsoft.SourceLink.GitLab.GetSourceLinkUrl" terminada.
   2:6>Compilación terminada del destino "_InitializeGitLabSourceLinkUrl" en el proyecto "TestRelojDigital.csproj".
   2:6>Destino "_InitializeGitLabSourceLinkUrl" en el archivo "C:\Program Files\dotnet\sdk\9.0.305\Sdks\Microsoft.SourceLink.GitLab\build\Microsoft.SourceLink.GitLab.targets" del proyecto "D:\GitHub\Grado\DAM\2DAM\C Sharp\Creacion Componente\RA3_RelojDigital\TestRelojDigital\TestRelojDigital.csproj" (el destino "_GenerateSourceLinkFile" depende de él):
       Compilando completamente el destino "_InitializeGitLabSourceLinkUrl".
       No se especificaron archivos de entrada.
       Tarea "Microsoft.SourceLink.GitLab.GetSourceLinkUrl"
       C:\Program Files\dotnet\sdk\9.0.305\Sdks\Microsoft.SourceLink.GitLab\build\Microsoft.SourceLink.GitLab.targets(37,7): message : Reasignación de propiedad: $(_SourceLinkUrlToUpdate)="N/A" (valor anterior: "https://raw.githubusercontent.com/DarksAces/Grado/c47f564f37d7047e2dda14a86996761154932b3e/*") en C:\Program Files\dotnet\sdk\9.0.305\Sdks\Microsoft.SourceLink.GitLab\build\Microsoft.SourceLink.GitLab.targets (37,7) [D:\GitHub\Grado\DAM\2DAM\C Sharp\Creacion Componente\RA3_RelojDigital\TestRelojDigital\TestRelojDigital.csproj]
       Ejecución de la tarea "Microsoft.SourceLink.GitLab.GetSourceLinkUrl" terminada.
   2:6>Compilación terminada del destino "_InitializeGitLabSourceLinkUrl" en el proyecto "TestRelojDigital.csproj".
   2:6>Destino "_InitializeAzureReposGitSourceLinkUrl" en el archivo "C:\Program Files\dotnet\sdk\9.0.305\Sdks\Microsoft.SourceLink.AzureRepos.Git\build\Microsoft.SourceLink.AzureRepos.Git.targets" del proyecto "D:\GitHub\Grado\DAM\2DAM\C Sharp\Creacion Componente\RA3_RelojDigital\TestRelojDigital\TestRelojDigital.csproj" (el destino "_GenerateSourceLinkFile" depende de él):
       Compilando completamente el destino "_InitializeAzureReposGitSourceLinkUrl".
       No se especificaron archivos de entrada.
       Usando la tarea "Microsoft.SourceLink.AzureRepos.Git.GetSourceLinkUrl" del ensamblado "C:\Program Files\dotnet\sdk\9.0.305\Sdks\Microsoft.SourceLink.AzureRepos.Git\build\..\tools\net\Microsoft.SourceLink.AzureRepos.Git.dll".
       Tarea "Microsoft.SourceLink.AzureRepos.Git.GetSourceLinkUrl"
       Ejecución de la tarea "Microsoft.SourceLink.AzureRepos.Git.GetSourceLinkUrl" terminada.
   2:6>Compilación terminada del destino "_InitializeAzureReposGitSourceLinkUrl" en el proyecto "TestRelojDigital.csproj".
   2:6>Destino "_InitializeAzureReposGitSourceLinkUrl" en el archivo "C:\Program Files\dotnet\sdk\9.0.305\Sdks\Microsoft.SourceLink.AzureRepos.Git\build\Microsoft.SourceLink.AzureRepos.Git.targets" del proyecto "D:\GitHub\Grado\DAM\2DAM\C Sharp\Creacion Componente\RA3_RelojDigital\TestRelojDigital\TestRelojDigital.csproj" (el destino "_GenerateSourceLinkFile" depende de él):
       Compilando completamente el destino "_InitializeAzureReposGitSourceLinkUrl".
       No se especificaron archivos de entrada.
       Tarea "Microsoft.SourceLink.AzureRepos.Git.GetSourceLinkUrl"
       Ejecución de la tarea "Microsoft.SourceLink.AzureRepos.Git.GetSourceLinkUrl" terminada.
   2:6>Compilación terminada del destino "_InitializeAzureReposGitSourceLinkUrl" en el proyecto "TestRelojDigital.csproj".
   2:6>Destino "_InitializeBitbucketGitSourceLinkUrl" en el archivo "C:\Program Files\dotnet\sdk\9.0.305\Sdks\Microsoft.SourceLink.Bitbucket.Git\build\Microsoft.SourceLink.Bitbucket.Git.targets" del proyecto "D:\GitHub\Grado\DAM\2DAM\C Sharp\Creacion Componente\RA3_RelojDigital\TestRelojDigital\TestRelojDigital.csproj" (el destino "_GenerateSourceLinkFile" depende de él):
       Compilando completamente el destino "_InitializeBitbucketGitSourceLinkUrl".
       No se especificaron archivos de entrada.
       Usando la tarea "Microsoft.SourceLink.Bitbucket.Git.GetSourceLinkUrl" del ensamblado "C:\Program Files\dotnet\sdk\9.0.305\Sdks\Microsoft.SourceLink.Bitbucket.Git\build\..\tools\net\Microsoft.SourceLink.Bitbucket.Git.dll".
       Tarea "Microsoft.SourceLink.Bitbucket.Git.GetSourceLinkUrl"
       Ejecución de la tarea "Microsoft.SourceLink.Bitbucket.Git.GetSourceLinkUrl" terminada.
   2:6>Compilación terminada del destino "_InitializeBitbucketGitSourceLinkUrl" en el proyecto "TestRelojDigital.csproj".
   2:6>Destino "_InitializeBitbucketGitSourceLinkUrl" en el archivo "C:\Program Files\dotnet\sdk\9.0.305\Sdks\Microsoft.SourceLink.Bitbucket.Git\build\Microsoft.SourceLink.Bitbucket.Git.targets" del proyecto "D:\GitHub\Grado\DAM\2DAM\C Sharp\Creacion Componente\RA3_RelojDigital\TestRelojDigital\TestRelojDigital.csproj" (el destino "_GenerateSourceLinkFile" depende de él):
       Compilando completamente el destino "_InitializeBitbucketGitSourceLinkUrl".
       No se especificaron archivos de entrada.
       Tarea "Microsoft.SourceLink.Bitbucket.Git.GetSourceLinkUrl"
       Ejecución de la tarea "Microsoft.SourceLink.Bitbucket.Git.GetSourceLinkUrl" terminada.
   2:6>Compilación terminada del destino "_InitializeBitbucketGitSourceLinkUrl" en el proyecto "TestRelojDigital.csproj".
   2:6>Destino "_GenerateSourceLinkFile" en el archivo "C:\Program Files\dotnet\sdk\9.0.305\Sdks\Microsoft.SourceLink.Common\build\Microsoft.SourceLink.Common.targets" del proyecto "D:\GitHub\Grado\DAM\2DAM\C Sharp\Creacion Componente\RA3_RelojDigital\TestRelojDigital\TestRelojDigital.csproj" (el destino "GenerateSourceLinkFile" depende de él):
       Compilando completamente el destino "_GenerateSourceLinkFile".
       No se especificaron archivos de entrada.
       Usando la tarea "Microsoft.SourceLink.Common.GenerateSourceLinkFile" del ensamblado "C:\Program Files\dotnet\sdk\9.0.305\Sdks\Microsoft.SourceLink.Common\build\..\tools\net\Microsoft.SourceLink.Common.dll".
       Tarea "Microsoft.SourceLink.Common.GenerateSourceLinkFile"
         Actualizando archivo de Source Link 'obj\Debug\net472\TestRelojDigital.sourcelink.json'.
       Ejecución de la tarea "Microsoft.SourceLink.Common.GenerateSourceLinkFile" terminada.
   2:6>Compilación terminada del destino "_GenerateSourceLinkFile" en el proyecto "TestRelojDigital.csproj".
   2:6>Destino "GenerateSourceLinkFile" en el archivo "C:\Program Files\dotnet\sdk\9.0.305\Sdks\Microsoft.SourceLink.Common\build\Microsoft.SourceLink.Common.targets" del proyecto "D:\GitHub\Grado\DAM\2DAM\C Sharp\Creacion Componente\RA3_RelojDigital\TestRelojDigital\TestRelojDigital.csproj" (el destino "CoreCompile" depende de él):
   2:6>Compilación terminada del destino "GenerateSourceLinkFile" en el proyecto "TestRelojDigital.csproj".
       Se omitió el destino "GenerateGlobalUsings" debido a una condición falsa (False); (@(Using->Count()) != 0) se evaluó como (0 != 0).
       Se omitió el destino "CheckForDuplicatePageItems" debido a una condición falsa (False); (('$(UseWPF)' == 'true') And ('$(_TargetFrameworkVersionValue)' != '$(_UndefinedTargetFrameworkVersion)') And ('$(_TargetFrameworkVersionValue)' >= '$(_WindowsDesktopSdkTargetFrameworkVersionFloor)')) se evaluó como (('' == 'true') And ('4.7.2' != '0.0') And ('4.7.2' >= '3.0')).
   2:6>Destino "CoreCompile" en el archivo "C:\Program Files\dotnet\sdk\9.0.305\Roslyn\Microsoft.CSharp.Core.targets" del proyecto "D:\GitHub\Grado\DAM\2DAM\C Sharp\Creacion Componente\RA3_RelojDigital\TestRelojDigital\TestRelojDigital.csproj" (el destino "Compile" depende de él):
       Compilando completamente el destino "CoreCompile".
       El archivo de salida "obj\Debug\net472\TestRelojDigital.exe" no existe.
       C:\Program Files\dotnet\sdk\9.0.305\Roslyn\Microsoft.CSharp.Core.targets(66,7): message : Reasignación de propiedad: $(NoWarn)="1701;1702;1701;1702" (valor anterior: "1701;1702") en C:\Program Files\dotnet\sdk\9.0.305\Roslyn\Microsoft.CSharp.Core.targets (66,7) [D:\GitHub\Grado\DAM\2DAM\C Sharp\Creacion Componente\RA3_RelojDigital\TestRelojDigital\TestRelojDigital.csproj]
       Usando la tarea "Csc" del ensamblado "C:\Program Files\dotnet\sdk\9.0.305\Roslyn\Microsoft.Build.Tasks.CodeAnalysis.dll".
       Tarea "Csc"
         C:\Program Files\dotnet\dotnet.exe exec "C:\Program Files\dotnet\sdk\9.0.305\Roslyn\bincore\csc.dll" /noconfig /unsafe- /checked- /nowarn:1701,1702,1701,1702 /fullpaths /nostdlib+ /platform:AnyCPU /errorreport:prompt /warn:4 /define:TRACE;DEBUG;NETFRAMEWORK;NET472;NET30_OR_GREATER;NET35_OR_GREATER;NET40_OR_GREATER;NET45_OR_GREATER;NET451_OR_GREATER;NET452_OR_GREATER;NET46_OR_GREATER;NET461_OR_GREATER;NET462_OR_GREATER;NET47_OR_GREATER;NET471_OR_GREATER;NET472_OR_GREATER /highentropyva+ /reference:"D:\GitHub\Grado\DAM\2DAM\C Sharp\Creacion Componente\RA3_RelojDigital\MisComponentesLib\bin\Debug\net472\MisComponentesLib.dll" /reference:"C:\Program Files (x86)\Reference Assemblies\Microsoft\Framework\.NETFramework\v4.7.2\mscorlib.dll" /reference:"C:\Program Files (x86)\Reference Assemblies\Microsoft\Framework\.NETFramework\v4.7.2\System.Core.dll" /reference:"C:\Program Files (x86)\Reference Assemblies\Microsoft\Framework\.NETFramework\v4.7.2\System.Data.dll" /reference:"C:\Program Files (x86)\Reference Assemblies\Microsoft\Framework\.NETFramework\v4.7.2\System.dll" /reference:"C:\Program Files (x86)\Reference Assemblies\Microsoft\Framework\.NETFramework\v4.7.2\System.Drawing.dll" /reference:"C:\Program Files (x86)\Reference Assemblies\Microsoft\Framework\.NETFramework\v4.7.2\System.IO.Compression.FileSystem.dll" /reference:"C:\Program Files (x86)\Reference Assemblies\Microsoft\Framework\.NETFramework\v4.7.2\System.Numerics.dll" /reference:"C:\Program Files (x86)\Reference Assemblies\Microsoft\Framework\.NETFramework\v4.7.2\System.Runtime.Serialization.dll" /reference:"C:\Program Files (x86)\Reference Assemblies\Microsoft\Framework\.NETFramework\v4.7.2\System.Windows.Forms.dll" /reference:"C:\Program Files (x86)\Reference Assemblies\Microsoft\Framework\.NETFramework\v4.7.2\System.Xml.dll" /reference:"C:\Program Files (x86)\Reference Assemblies\Microsoft\Framework\.NETFramework\v4.7.2\System.Xml.Linq.dll" /debug+ /debug:portable /filealign:512 /optimize- /out:obj\Debug\net472\TestRelojDigital.exe /subsystemversion:6.00 /target:winexe /warnaserror- /utf8output /deterministic+ /sourcelink:obj\Debug\net472\TestRelojDigital.sourcelink.json /langversion:7.3 /analyzerconfig:obj\Debug\net472\TestRelojDigital.GeneratedMSBuildEditorConfig.editorconfig Form1.cs Form1.Designer.cs Program.cs "obj\Debug\net472\.NETFramework,Version=v4.7.2.AssemblyAttributes.cs" obj\Debug\net472\TestRelojDigital.AssemblyInfo.cs /warnaserror+:NU1605
         Compilador de Microsoft (R) Visual C# versión 4.14.0-3.25413.5 (b828a8df)
         Copyright (C) Microsoft Corporation. Todos los derechos reservados.
         CompilerServer: server - server processed compilation - TestRelojDigital (net472)
       Ejecución de la tarea "Csc" terminada.
       Se omitió la tarea "CallTarget" debido a una condición falsa (False); ('$(TargetsTriggeredByCompilation)' != '') se evaluó como ('' != '').
   2:6>Compilación terminada del destino "CoreCompile" en el proyecto "TestRelojDigital.csproj".
       Se omitió el destino "_TouchLastBuildWithSkipAnalyzers" debido a una condición falsa (False); ('$(_SkipAnalyzers)' == 'true') se evaluó como ('' == 'true').
       Se omitió el destino "_TimeStampAfterCompile" debido a una condición falsa (False); ('$(RunPostBuildEvent)'=='OnOutputUpdated' or ('$(RegisterForComInterop)'=='true' and '$(OutputType)'=='library')) se evaluó como (''=='OnOutputUpdated' or (''=='true' and 'WinExe'=='library')).
   2:6>Destino "AfterCompile" en el archivo "C:\Program Files\dotnet\sdk\9.0.305\Microsoft.Common.CurrentVersion.targets" del proyecto "D:\GitHub\Grado\DAM\2DAM\C Sharp\Creacion Componente\RA3_RelojDigital\TestRelojDigital\TestRelojDigital.csproj" (el destino "Compile" depende de él):
   2:6>Compilación terminada del destino "AfterCompile" en el proyecto "TestRelojDigital.csproj".
       Se omitió el destino "_CreateAppHost" debido a una condición falsa (False); ('$(ComputeNETCoreBuildOutputFiles)' == 'true' and
                            '$(AppHostSourcePath)' != '' and
                            Exists('@(IntermediateAssembly)') and
                            Exists('$(AppHostSourcePath)')) se evaluó como ('' == 'true' and
                            '' != '' and
                            Exists('obj\Debug\net472\TestRelojDigital.exe') and
                            Exists('')).
       Se omitió el destino "_CreateComHost" debido a una condición falsa (False); ('$(ComputeNETCoreBuildOutputFiles)' == 'true' and
                            '$(ComHostIntermediatePath)' != '' and
                            Exists('@(IntermediateAssembly)') and
                            Exists('$(ComHostSourcePath)')) se evaluó como ('' == 'true' and
                            '' != '' and
                            Exists('obj\Debug\net472\TestRelojDigital.exe') and
                            Exists('')).
       Se omitió el destino "_GetIjwHostPaths" debido a una condición falsa (False); ('$(UseIJWHost)' == 'true') se evaluó como ('' == 'true').
   2:6>Destino "Compile" en el archivo "C:\Program Files\dotnet\sdk\9.0.305\Microsoft.Common.CurrentVersion.targets" del proyecto "D:\GitHub\Grado\DAM\2DAM\C Sharp\Creacion Componente\RA3_RelojDigital\TestRelojDigital\TestRelojDigital.csproj" (el destino "CoreBuild" depende de él):
   2:6>Compilación terminada del destino "Compile" en el proyecto "TestRelojDigital.csproj".
       Se omitió el destino "ExportWindowsMDFile" debido a una condición falsa (False); ('$(ExportWinMDFile)' == 'true') se evaluó como ('' == 'true').
       Se omitió el destino "UnmanagedUnregistration" debido a una condición falsa (False); ((('$(_AssemblyTimestampBeforeCompile)' != '$(_AssemblyTimestampAfterCompile)' or '$(RegisterForComInterop)' != 'true' or '$(OutputType)' != 'library') or
                           ('$(_AssemblyTimestampBeforeCompile)' == '')) and
                          Exists('@(_UnmanagedRegistrationCache)')) se evaluó como ((('' != '' or '' != 'true' or 'WinExe' != 'library') or
                           ('' == '')) and
                          Exists('obj\TestRelojDigital.csproj.UnmanagedRegistration.cache')).
       Se omitió el destino "GenerateSerializationAssemblies" debido a una condición falsa (False); ('$(_SGenGenerateSerializationAssembliesConfig)' == 'On' or ('@(WebReferenceUrl)'!='' and '$(_SGenGenerateSerializationAssembliesConfig)' == 'Auto')) se evaluó como ('Off' == 'On' or (''!='' and 'Off' == 'Auto')).
   2:6>Destino "_GenerateSatelliteAssemblyInputs" en el archivo "C:\Program Files\dotnet\sdk\9.0.305\Microsoft.Common.CurrentVersion.targets" del proyecto "D:\GitHub\Grado\DAM\2DAM\C Sharp\Creacion Componente\RA3_RelojDigital\TestRelojDigital\TestRelojDigital.csproj" (el destino "CreateSatelliteAssemblies" depende de él):
       Se omitió la tarea "MSBuildInternalMessage" debido a una condición falsa (False); ('@(ManifestResourceWithCulture)'!='' and '%(ManifestResourceWithCulture.EmittedForCompatibilityOnly)'=='') se evaluó como (''!='' and ''=='').
       Se omitió la tarea "MSBuildInternalMessage" debido a una condición falsa (False); ('@(ManifestNonResxWithCultureOnDisk)'!='' and '%(ManifestNonResxWithCultureOnDisk.EmittedForCompatibilityOnly)'=='') se evaluó como (''!='' and ''=='').
   2:6>Compilación terminada del destino "_GenerateSatelliteAssemblyInputs" en el proyecto "TestRelojDigital.csproj".
       Se omitió el destino "ComputeIntermediateSatelliteAssemblies" debido a una condición falsa (False); (@(EmbeddedResource->'%(WithCulture)') != '') se evaluó como ( != '').
       Se omitió el destino "GenerateSatelliteAssemblies" debido a una condición falsa (False); ('@(_SatelliteAssemblyResourceInputs)' != '' and '$(GenerateSatelliteAssembliesForCore)' != 'true') se evaluó como ('' != '' and 'true' != 'true').
       Se omitió el destino "CoreGenerateSatelliteAssemblies" debido a una condición falsa (False); ('@(_SatelliteAssemblyResourceInputs)' != ''  and '$(GenerateSatelliteAssembliesForCore)' == 'true' ) se evaluó como ('' != ''  and 'true' == 'true' ).
   2:6>Destino "CreateSatelliteAssemblies" en el archivo "C:\Program Files\dotnet\sdk\9.0.305\Microsoft.Common.CurrentVersion.targets" del proyecto "D:\GitHub\Grado\DAM\2DAM\C Sharp\Creacion Componente\RA3_RelojDigital\TestRelojDigital\TestRelojDigital.csproj" (el destino "CoreBuild" depende de él):
   2:6>Compilación terminada del destino "CreateSatelliteAssemblies" en el proyecto "TestRelojDigital.csproj".
       Se omitió el destino "GenerateManifests" debido a una condición falsa (False); ('$(GenerateClickOnceManifests)'=='true' or '@(NativeReference)'!='' or '@(ResolvedIsolatedComModules)'!='' or '$(GenerateAppxManifest)' == 'true') se evaluó como (''=='true' or ''!='' or ''!='' or '' == 'true').
   2:6>Destino "GetTargetPathWithTargetPlatformMoniker" en el archivo "C:\Program Files\dotnet\sdk\9.0.305\Microsoft.Common.CurrentVersion.targets" del proyecto "D:\GitHub\Grado\DAM\2DAM\C Sharp\Creacion Componente\RA3_RelojDigital\TestRelojDigital\TestRelojDigital.csproj" (el destino "GetTargetPath" depende de él):
   2:6>Compilación terminada del destino "GetTargetPathWithTargetPlatformMoniker" en el proyecto "TestRelojDigital.csproj".
   2:6>Destino "GetTargetPath" en el archivo "C:\Program Files\dotnet\sdk\9.0.305\Microsoft.Common.CurrentVersion.targets" del proyecto "D:\GitHub\Grado\DAM\2DAM\C Sharp\Creacion Componente\RA3_RelojDigital\TestRelojDigital\TestRelojDigital.csproj" (el destino "CoreBuild" depende de él):
   2:6>Compilación terminada del destino "GetTargetPath" en el proyecto "TestRelojDigital.csproj".
       Se omitió el destino "ComputeIntermediateSatelliteAssemblies" debido a una condición falsa (False); (@(EmbeddedResource->'%(WithCulture)') != '') se evaluó como ( != '').
   2:6>Destino "_CopyFilesMarkedCopyLocal" en el archivo "C:\Program Files\dotnet\sdk\9.0.305\Microsoft.Common.CurrentVersion.targets" del proyecto "D:\GitHub\Grado\DAM\2DAM\C Sharp\Creacion Componente\RA3_RelojDigital\TestRelojDigital\TestRelojDigital.csproj" (el destino "CopyFilesToOutputDirectory" depende de él):
       Usando la tarea "Copy" del ensamblado "Microsoft.Build.Tasks.Core, Version=15.1.0.0, Culture=neutral, PublicKeyToken=b03f5f7f11d50a3a".
       Tarea "Copy"
         Copiando el archivo de "D:\GitHub\Grado\DAM\2DAM\C Sharp\Creacion Componente\RA3_RelojDigital\MisComponentesLib\bin\Debug\net472\MisComponentesLib.dll" en "D:\GitHub\Grado\DAM\2DAM\C Sharp\Creacion Componente\RA3_RelojDigital\TestRelojDigital\bin\Debug\net472\MisComponentesLib.dll".
         Copiando el archivo de "D:\GitHub\Grado\DAM\2DAM\C Sharp\Creacion Componente\RA3_RelojDigital\MisComponentesLib\bin\Debug\net472\MisComponentesLib.pdb" en "D:\GitHub\Grado\DAM\2DAM\C Sharp\Creacion Componente\RA3_RelojDigital\TestRelojDigital\bin\Debug\net472\MisComponentesLib.pdb".
       Ejecución de la tarea "Copy" terminada.
       Usando la tarea "Touch" del ensamblado "Microsoft.Build.Tasks.Core, Version=15.1.0.0, Culture=neutral, PublicKeyToken=b03f5f7f11d50a3a".
       Tarea "Touch"
         Se creará "D:\GitHub\Grado\DAM\2DAM\C Sharp\Creacion Componente\RA3_RelojDigital\TestRelojDigital\obj\Debug\net472\TestRelo.EB67DC1F.Up2Date" porque se especificó "AlwaysCreate".
         Aplicando tarea Touch a "D:\GitHub\Grado\DAM\2DAM\C Sharp\Creacion Componente\RA3_RelojDigital\TestRelojDigital\obj\Debug\net472\TestRelo.EB67DC1F.Up2Date".
       Ejecución de la tarea "Touch" terminada.
   2:6>Compilación terminada del destino "_CopyFilesMarkedCopyLocal" en el proyecto "TestRelojDigital.csproj".
       Se omitió el destino "AssignTargetPaths". Compilado previamente de forma correcta.
       Se omitió el destino "AssignProjectConfiguration". Compilado previamente de forma correcta.
       Se omitió el destino "_SplitProjectReferencesByFileExistence". Compilado previamente de forma correcta.
       Se omitió el destino "_GetProjectReferenceTargetFrameworkProperties". Compilado previamente de forma correcta.
   2:6>Destino "_PopulateCommonStateForGetCopyToOutputDirectoryItems" en el archivo "C:\Program Files\dotnet\sdk\9.0.305\Microsoft.Common.CurrentVersion.targets" del proyecto "D:\GitHub\Grado\DAM\2DAM\C Sharp\Creacion Componente\RA3_RelojDigital\TestRelojDigital\TestRelojDigital.csproj" (el destino "GetCopyToOutputDirectoryItems" depende de él):
   2:6>Compilación terminada del destino "_PopulateCommonStateForGetCopyToOutputDirectoryItems" en el proyecto "TestRelojDigital.csproj".
   2:6>Destino "AddDepsJsonAndRuntimeConfigToCopyItemsForReferencingProjects" en el archivo "C:\Program Files\dotnet\sdk\9.0.305\Sdks\Microsoft.NET.Sdk\targets\Microsoft.NET.Sdk.targets" del proyecto "D:\GitHub\Grado\DAM\2DAM\C Sharp\Creacion Componente\RA3_RelojDigital\TestRelojDigital\TestRelojDigital.csproj" (el destino "GetCopyToOutputDirectoryItems" depende de él):
   2:6>Compilación terminada del destino "AddDepsJsonAndRuntimeConfigToCopyItemsForReferencingProjects" en el proyecto "TestRelojDigital.csproj".
   2:6>Destino "GetCopyToOutputDirectoryItems" en el archivo "C:\Program Files\dotnet\sdk\9.0.305\Microsoft.Common.CurrentVersion.targets" del proyecto "D:\GitHub\Grado\DAM\2DAM\C Sharp\Creacion Componente\RA3_RelojDigital\TestRelojDigital\TestRelojDigital.csproj" (el destino "_CopySourceItemsToOutputDirectory" depende de él):
       Usando la tarea "CallTarget" del ensamblado "Microsoft.Build.Tasks.Core, Version=15.1.0.0, Culture=neutral, PublicKeyToken=b03f5f7f11d50a3a".
       Tarea "CallTarget"
       Se omitió el destino "_PopulateCommonStateForGetCopyToOutputDirectoryItems". Compilado previamente de forma correcta.
       Se omitió el destino "_AddOutputPathToGlobalPropertiesToRemove". Compilado previamente de forma correcta.
   2:6>Destino "_GetCopyToOutputDirectoryItemsFromTransitiveProjectReferences" en el archivo "C:\Program Files\dotnet\sdk\9.0.305\Microsoft.Common.CurrentVersion.targets" del proyecto "D:\GitHub\Grado\DAM\2DAM\C Sharp\Creacion Componente\RA3_RelojDigital\TestRelojDigital\TestRelojDigital.csproj" (el destino "GetCopyToOutputDirectoryItems" depende de él):
       Tarea "MSBuild"
         Propiedades globales:
           Configuration=Debug
           Platform=AnyCPU
         Quitando propiedades del proyecto "..\MisComponentesLib\MisComponentesLib.csproj":
           TargetFramework
           RuntimeIdentifier
           SelfContained
   2:6>El proyecto "D:\GitHub\Grado\DAM\2DAM\C Sharp\Creacion Componente\RA3_RelojDigital\TestRelojDigital\TestRelojDigital.csproj" (2:6) está compilando "D:\GitHub\Grado\DAM\2DAM\C Sharp\Creacion Componente\RA3_RelojDigital\MisComponentesLib\MisComponentesLib.csproj" (3:11) en el nodo 1 (GetCopyToOutputDirectoryItems destinos).
  3:11>Se omitió el destino "GetCopyToOutputDirectoryItems". Compilado previamente de forma correcta.
  3:11>Compilación del proyecto terminada "D:\GitHub\Grado\DAM\2DAM\C Sharp\Creacion Componente\RA3_RelojDigital\MisComponentesLib\MisComponentesLib.csproj" (GetCopyToOutputDirectoryItems destinos).
   2:6>Ejecución de la tarea "MSBuild" terminada.
       Tarea "AssignTargetPath"
       Ejecución de la tarea "AssignTargetPath" terminada.
   2:6>Compilación terminada del destino "_GetCopyToOutputDirectoryItemsFromTransitiveProjectReferences" en el proyecto "TestRelojDigital.csproj".
       Ejecución de la tarea "CallTarget" terminada.
       Tarea "CallTarget"
       Se omitió el destino "AssignTargetPaths". Compilado previamente de forma correcta.
       Se omitió el destino "_PopulateCommonStateForGetCopyToOutputDirectoryItems". Compilado previamente de forma correcta.
   2:6>Destino "_GetCopyToOutputDirectoryItemsFromThisProject" en el archivo "C:\Program Files\dotnet\sdk\9.0.305\Microsoft.Common.CurrentVersion.targets" del proyecto "D:\GitHub\Grado\DAM\2DAM\C Sharp\Creacion Componente\RA3_RelojDigital\TestRelojDigital\TestRelojDigital.csproj" (el destino "GetCopyToOutputDirectoryItems" depende de él):
       Tarea "AssignTargetPath"
       Ejecución de la tarea "AssignTargetPath" terminada.
   2:6>Compilación terminada del destino "_GetCopyToOutputDirectoryItemsFromThisProject" en el proyecto "TestRelojDigital.csproj".
       Ejecución de la tarea "CallTarget" terminada.
   2:6>Compilación terminada del destino "GetCopyToOutputDirectoryItems" en el proyecto "TestRelojDigital.csproj".
       Se omitió el destino "_CopyOutOfDateSourceItemsToOutputDirectory" debido a una condición falsa (False); ( '@(_SourceItemsToCopyToOutputDirectory)' != '' ) se evaluó como ( '' != '' ).
       Se omitió el destino "_CopyOutOfDateSourceItemsToOutputDirectoryAlways" debido a una condición falsa (False); ( '@(_SourceItemsToCopyToOutputDirectoryAlways)' != '' ) se evaluó como ( '' != '' ).
       Se omitió el destino "_CopyDifferingSourceItemsToOutputDirectory" debido a una condición falsa (False); ( '@(_SourceItemsToCopyToOutputDirectoryIfDifferent)' != '' ) se evaluó como ( '' != '' ).
   2:6>Destino "_CopySourceItemsToOutputDirectory" en el archivo "C:\Program Files\dotnet\sdk\9.0.305\Microsoft.Common.CurrentVersion.targets" del proyecto "D:\GitHub\Grado\DAM\2DAM\C Sharp\Creacion Componente\RA3_RelojDigital\TestRelojDigital\TestRelojDigital.csproj" (el destino "CopyFilesToOutputDirectory" depende de él):
   2:6>Compilación terminada del destino "_CopySourceItemsToOutputDirectory" en el proyecto "TestRelojDigital.csproj".
   2:6>Destino "_CopyAppConfigFile" en el archivo "C:\Program Files\dotnet\sdk\9.0.305\Microsoft.Common.CurrentVersion.targets" del proyecto "D:\GitHub\Grado\DAM\2DAM\C Sharp\Creacion Componente\RA3_RelojDigital\TestRelojDigital\TestRelojDigital.csproj" (el destino "CopyFilesToOutputDirectory" depende de él):
       Compilando completamente el destino "_CopyAppConfigFile".
       El archivo de salida "bin\Debug\net472\TestRelojDigital.exe.config" no existe.
       Tarea "Copy"
         Copiando el archivo de "D:\GitHub\Grado\DAM\2DAM\C Sharp\Creacion Componente\RA3_RelojDigital\TestRelojDigital\obj\Debug\net472\TestRelojDigital.exe.withSupportedRuntime.config" en "D:\GitHub\Grado\DAM\2DAM\C Sharp\Creacion Componente\RA3_RelojDigital\TestRelojDigital\bin\Debug\net472\TestRelojDigital.exe.config".
       Ejecución de la tarea "Copy" terminada.
   2:6>Compilación terminada del destino "_CopyAppConfigFile" en el proyecto "TestRelojDigital.csproj".
       Se omitió el destino "_CopyManifestFiles" debido a una condición falsa (False); ( '$(_DeploymentCopyApplicationManifest)'=='true' or '$(GenerateClickOnceManifests)'=='true' ) se evaluó como ( ''=='true' or ''=='true' ).
   2:6>Destino "_CheckForCompileOutputs" en el archivo "C:\Program Files\dotnet\sdk\9.0.305\Microsoft.Common.CurrentVersion.targets" del proyecto "D:\GitHub\Grado\DAM\2DAM\C Sharp\Creacion Componente\RA3_RelojDigital\TestRelojDigital\TestRelojDigital.csproj" (el destino "CopyFilesToOutputDirectory" depende de él):
   2:6>Compilación terminada del destino "_CheckForCompileOutputs" en el proyecto "TestRelojDigital.csproj".
       Se omitió el destino "_SGenCheckForOutputs" debido a una condición falsa (False); ('$(_SGenGenerateSerializationAssembliesConfig)' == 'On' or ('@(WebReferenceUrl)'!='' and '$(_SGenGenerateSerializationAssembliesConfig)' == 'Auto')) se evaluó como ('Off' == 'On' or (''!='' and 'Off' == 'Auto')).
       Se omitió el destino "GenerateBuildDependencyFile" debido a una condición falsa (False); ('$(GenerateDependencyFile)' == 'true') se evaluó como ('' == 'true').
       Se omitió el destino "ComputeDependencyFileCompilerOptions" debido a una condición falsa (False); ('$(PreserveCompilationContext)' == 'true') se evaluó como ('' == 'true').
       Se omitió el destino "GenerateBuildRuntimeConfigurationFiles" debido a una condición falsa (False); ( '$(GenerateRuntimeConfigurationFiles)' == 'true') se evaluó como ( '' == 'true').
       Se omitió el destino "GenerateShimsAssets" debido a una condición falsa (False); ('$(PackAsTool)' == 'true' and $(PackAsToolShimRuntimeIdentifiers) != '' ) se evaluó como ('' == 'true' and  != '' ).
   2:6>Destino "CopyFilesToOutputDirectory" en el archivo "C:\Program Files\dotnet\sdk\9.0.305\Microsoft.Common.CurrentVersion.targets" del proyecto "D:\GitHub\Grado\DAM\2DAM\C Sharp\Creacion Componente\RA3_RelojDigital\TestRelojDigital\TestRelojDigital.csproj" (el destino "PrepareForRun" depende de él):
       Tarea "Copy"
         Copiando el archivo de "D:\GitHub\Grado\DAM\2DAM\C Sharp\Creacion Componente\RA3_RelojDigital\TestRelojDigital\obj\Debug\net472\TestRelojDigital.exe" en "D:\GitHub\Grado\DAM\2DAM\C Sharp\Creacion Componente\RA3_RelojDigital\TestRelojDigital\bin\Debug\net472\TestRelojDigital.exe".
       Ejecución de la tarea "Copy" terminada.
       Se omitió la tarea "CopyRefAssembly" debido a una condición falsa (False); ('$(ProduceReferenceAssembly)' == 'true' and '$(CopyBuildOutputToOutputDirectory)' == 'true' and '$(SkipCopyBuildProduct)' != 'true') se evaluó como ('false' == 'true' and 'true' == 'true' and '' != 'true').
       Tarea "Message"
         TestRelojDigital -> D:\GitHub\Grado\DAM\2DAM\C Sharp\Creacion Componente\RA3_RelojDigital\TestRelojDigital\bin\Debug\net472\TestRelojDigital.exe
       Ejecución de la tarea "Message" terminada.
       Se omitió la tarea "Copy" debido a una condición falsa (False); ('@(AddModules)' != '') se evaluó como ('' != '').
       Se omitió la tarea "Copy" debido a una condición falsa (False); ('$(_SGenDllCreated)'=='true') se evaluó como ('false'=='true').
       Tarea "Copy"
         Copiando el archivo de "D:\GitHub\Grado\DAM\2DAM\C Sharp\Creacion Componente\RA3_RelojDigital\TestRelojDigital\obj\Debug\net472\TestRelojDigital.pdb" en "D:\GitHub\Grado\DAM\2DAM\C Sharp\Creacion Componente\RA3_RelojDigital\TestRelojDigital\bin\Debug\net472\TestRelojDigital.pdb".
       Ejecución de la tarea "Copy" terminada.
       Se omitió la tarea "Copy" debido a una condición falsa (False); ('$(_DocumentationFileProduced)'=='true' and '$(CopyDocumentationFileToOutputDirectory)'=='true') se evaluó como ('false'=='true' and 'true'=='true').
       Se omitió la tarea "Copy" debido a una condición falsa (False); ('@(IntermediateSatelliteAssembliesWithTargetPath)' != '') se evaluó como ('' != '').
       Se omitió la tarea "Copy" debido a una condición falsa (False); ('@(ReferenceComWrappersToCopyLocal)' != '' or '@(ResolvedIsolatedComModules)' != '' or '@(_DeploymentLooseManifestFile)' != '' or '@(NativeReferenceFile)' != '' ) se evaluó como ('' != '' or '' != '' or '' != '' or '' != '' ).
       Se omitió la tarea "Copy" debido a una condición falsa (False); ('$(SkipCopyWinMDArtifact)' != 'true' and '@(WinMDExpArtifacts)' != '') se evaluó como ('' != 'true' and '' != '').
       Se omitió la tarea "Message" debido a una condición falsa (False); ('$(SkipCopyWinMDArtifact)' != 'true' and '$(_WindowsMetadataOutputPath)' != '') se evaluó como ('' != 'true' and '' != '').
   2:6>Compilación terminada del destino "CopyFilesToOutputDirectory" en el proyecto "TestRelojDigital.csproj".
       Se omitió el destino "_CopyReferenceOnlyAssembliesForBuild" debido a una condición falsa (False); ('$(PreserveCompilationReferences)' == 'true') se evaluó como ('' == 'true').
   2:6>Destino "PrepareForRun" en el archivo "C:\Program Files\dotnet\sdk\9.0.305\Microsoft.Common.CurrentVersion.targets" del proyecto "D:\GitHub\Grado\DAM\2DAM\C Sharp\Creacion Componente\RA3_RelojDigital\TestRelojDigital\TestRelojDigital.csproj" (el destino "CoreBuild" depende de él):
   2:6>Compilación terminada del destino "PrepareForRun" en el proyecto "TestRelojDigital.csproj".
       Se omitió el destino "UnmanagedRegistration" debido a una condición falsa (False); ('$(RegisterForComInterop)'=='true' and '$(OutputType)'=='library') se evaluó como (''=='true' and 'WinExe'=='library').
       Se omitió el destino "_CheckForCompileOutputs". Compilado previamente de forma correcta.
       Se omitió el destino "_SGenCheckForOutputs" debido a una condición falsa (False); ('$(_SGenGenerateSerializationAssembliesConfig)' == 'On' or ('@(WebReferenceUrl)'!='' and '$(_SGenGenerateSerializationAssembliesConfig)' == 'Auto')) se evaluó como ('Off' == 'On' or (''!='' and 'Off' == 'Auto')).
   2:6>Destino "_CleanGetCurrentAndPriorFileWrites" en el archivo "C:\Program Files\dotnet\sdk\9.0.305\Microsoft.Common.CurrentVersion.targets" del proyecto "D:\GitHub\Grado\DAM\2DAM\C Sharp\Creacion Componente\RA3_RelojDigital\TestRelojDigital\TestRelojDigital.csproj" (el destino "IncrementalClean" depende de él):
       Usando la tarea "ReadLinesFromFile" del ensamblado "Microsoft.Build.Tasks.Core, Version=15.1.0.0, Culture=neutral, PublicKeyToken=b03f5f7f11d50a3a".
       Tarea "ReadLinesFromFile"
       Ejecución de la tarea "ReadLinesFromFile" terminada.
       Tarea "ConvertToAbsolutePath"
       Ejecución de la tarea "ConvertToAbsolutePath" terminada.
       Usando la tarea "FindUnderPath" del ensamblado "Microsoft.Build.Tasks.Core, Version=15.1.0.0, Culture=neutral, PublicKeyToken=b03f5f7f11d50a3a".
       Tarea "FindUnderPath"
         La ruta de comparación es "D:\GitHub\Grado\DAM\2DAM\C Sharp\Creacion Componente\RA3_RelojDigital\TestRelojDigital".
       Ejecución de la tarea "FindUnderPath" terminada.
       Tarea "FindUnderPath"
         La ruta de comparación es "bin\Debug\net472\".
       Ejecución de la tarea "FindUnderPath" terminada.
       Tarea "FindUnderPath"
         La ruta de comparación es "obj\Debug\net472\".
       Ejecución de la tarea "FindUnderPath" terminada.
       Tarea "RemoveDuplicates"
       Ejecución de la tarea "RemoveDuplicates" terminada.
   2:6>Compilación terminada del destino "_CleanGetCurrentAndPriorFileWrites" en el proyecto "TestRelojDigital.csproj".
   2:6>Destino "IncrementalClean" en el archivo "C:\Program Files\dotnet\sdk\9.0.305\Microsoft.Common.CurrentVersion.targets" del proyecto "D:\GitHub\Grado\DAM\2DAM\C Sharp\Creacion Componente\RA3_RelojDigital\TestRelojDigital\TestRelojDigital.csproj" (el destino "CoreBuild" depende de él):
       Tarea "FindUnderPath"
         La ruta de comparación es "bin\Debug\net472\".
       Ejecución de la tarea "FindUnderPath" terminada.
       Tarea "FindUnderPath"
         La ruta de comparación es "obj\Debug\net472\".
       Ejecución de la tarea "FindUnderPath" terminada.
       Usando la tarea "Delete" del ensamblado "Microsoft.Build.Tasks.Core, Version=15.1.0.0, Culture=neutral, PublicKeyToken=b03f5f7f11d50a3a".
       Tarea "Delete"
       Ejecución de la tarea "Delete" terminada.
       Tarea "RemoveDuplicates"
       Ejecución de la tarea "RemoveDuplicates" terminada.
       Tarea "WriteLinesToFile"
       Ejecución de la tarea "WriteLinesToFile" terminada.
   2:6>Compilación terminada del destino "IncrementalClean" en el proyecto "TestRelojDigital.csproj".
       Se omitió el destino "PostBuildEvent" debido a una condición falsa (False); ('$(PostBuildEvent)' != '' and ('$(RunPostBuildEvent)' != 'OnOutputUpdated' or '$(_AssemblyTimestampBeforeCompile)' != '$(_AssemblyTimestampAfterCompile)')) se evaluó como ('' != '' and ('' != 'OnOutputUpdated' or '' != '')).
       Se omitió el destino "GenerateBuildDependencyFile" debido a una condición falsa (False); ('$(GenerateDependencyFile)' == 'true') se evaluó como ('' == 'true').
       Se omitió el destino "ComputeDependencyFileCompilerOptions" debido a una condición falsa (False); ('$(PreserveCompilationContext)' == 'true') se evaluó como ('' == 'true').
       Se omitió el destino "GenerateBuildRuntimeConfigurationFiles" debido a una condición falsa (False); ( '$(GenerateRuntimeConfigurationFiles)' == 'true') se evaluó como ( '' == 'true').
   2:6>Destino "CoreBuild" en el archivo "C:\Program Files\dotnet\sdk\9.0.305\Microsoft.Common.CurrentVersion.targets" del proyecto "D:\GitHub\Grado\DAM\2DAM\C Sharp\Creacion Componente\RA3_RelojDigital\TestRelojDigital\TestRelojDigital.csproj" (el destino "Build" depende de él):
   2:6>Compilación terminada del destino "CoreBuild" en el proyecto "TestRelojDigital.csproj".
   2:6>Destino "AfterBuild" en el archivo "C:\Program Files\dotnet\sdk\9.0.305\Microsoft.Common.CurrentVersion.targets" del proyecto "D:\GitHub\Grado\DAM\2DAM\C Sharp\Creacion Componente\RA3_RelojDigital\TestRelojDigital\TestRelojDigital.csproj" (el destino "Build" depende de él):
   2:6>Compilación terminada del destino "AfterBuild" en el proyecto "TestRelojDigital.csproj".
       Se omitió el destino "_CheckBrowserWorkloadNeededButNotAvailable" debido a una condición falsa (False); ('$(RuntimeIdentifier)' == 'browser-wasm' and '$(_BrowserWorkloadDisabled)' != 'true' and '$(WasmNativeWorkloadAvailable)' != 'true') se evaluó como ('win-x86' == 'browser-wasm' and '' != 'true' and '' != 'true').
       Se omitió el destino "_ErrorWorkloadDisabledForTFMLessThan6" debido a una condición falsa (False); ('$(_BrowserWorkloadNotSupportedForTFM)' == 'true') se evaluó como ('' == 'true').
       Se omitió el destino "_ErrorDualWasmThreadPropsOn7" debido a una condición falsa (False); ('$(TargetsNet7)' == 'true' and '$(RuntimeIdentifier)' == 'browser-wasm' and
           '$(BrowserWorkloadDisabled)' != 'true' and '$(WasmEnableThreads)' == 'true' and '$(WasmEnablePerfTrace)' == 'true') se evaluó como ('' == 'true' and 'win-x86' == 'browser-wasm' and
           '' != 'true' and '' == 'true' and '' == 'true').
       Se omitió el destino "_CheckForInvalidConfigurationAndPlatform". Compilado previamente de forma correcta.
       Se omitió el destino "_CheckForInvalidConfigurationAndPlatform". Compilado previamente de forma correcta.
   2:6>Destino "Build" en el archivo "C:\Program Files\dotnet\sdk\9.0.305\Microsoft.Common.CurrentVersion.targets" del proyecto "D:\GitHub\Grado\DAM\2DAM\C Sharp\Creacion Componente\RA3_RelojDigital\TestRelojDigital\TestRelojDigital.csproj" (punto de entrada):
   2:6>Compilación terminada del destino "Build" en el proyecto "TestRelojDigital.csproj".
       Se omitió el destino "_PackAsBuildAfterTarget" debido a una condición falsa (False); ('$(GeneratePackageOnBuild)' == 'true' AND '$(IsInnerBuild)' != 'true') se evaluó como ('false' == 'true' AND '' != 'true').
   2:6>Destino "_CheckContainersPackage" en el archivo "C:\Program Files\dotnet\sdk\9.0.305\Containers\build\Microsoft.NET.Build.Containers.targets" del proyecto "D:\GitHub\Grado\DAM\2DAM\C Sharp\Creacion Componente\RA3_RelojDigital\TestRelojDigital\TestRelojDigital.csproj" (punto de entrada):
       Se omitió la tarea "Warning" debido a una condición falsa (False); ($(_ContainerPackageIsPresent)
               and (
                 ($(_SdkCanPublishWeb) and $(_IsWebProject)) or
                 ($(_SdkCanPublishWorker) and $(_IsWorkerProject)) or
                 ($(_SdkCanPublishConsole) and '$(EnableSdkContainerSupport)' == 'true')
               )) se evaluó como (false
               and (
                 (True and false) or
                 (True and false) or
                 (True and 'true' == 'true')
               )).
   2:6>Compilación terminada del destino "_CheckContainersPackage" en el proyecto "TestRelojDigital.csproj".
   2:6>Compilación del proyecto terminada "D:\GitHub\Grado\DAM\2DAM\C Sharp\Creacion Componente\RA3_RelojDigital\TestRelojDigital\TestRelojDigital.csproj" (destinos predeterminados).
   1:2>Ejecución de la tarea "MSBuild" terminada.
   1:2>Compilación terminada del destino "Build" en el proyecto "RA3_RelojDigital.sln".
   1:2>Compilación del proyecto terminada "D:\GitHub\Grado\DAM\2DAM\C Sharp\Creacion Componente\RA3_RelojDigital\RA3_RelojDigital.sln" (destinos predeterminados).

Compilación correcta.
    0 Advertencia(s)
    0 Errores

Tiempo transcurrido 00:00:01.23
